frame,distance,ANT_delta,RUS_delta
0,1.228,0.0,0.0
1,4.599,0.0,0.0
2,7.965,0.0,0.0
3,11.331,0.0,0.0
4,14.697,0.0,0.0
5,18.063,0.0,0.0
6,21.423,0.0,0.0001
7,24.794,0.0,0.0001
8,28.165,0.0,0.0001
9,31.545,0.0,0.0001
10,34.983,0.0,0.0001
11,38.42,0.0,0.0001
12,41.858,0.0,0.0001
13,45.295,0.0,0.0001
14,48.731,0.0,0.0001
15,52.169,0.0,-0.0006
16,55.607,0.0,-0.0015
17,59.067,0.0,-0.0022
18,62.551,0.0,-0.0027
19,66.034,0.0,-0.0033
20,69.518,0.0,-0.0038
21,73.002,0.0,-0.0044
22,76.53,0.0,-0.0046
23,80.08,0.0,-0.0048
24,83.631,0.0,-0.0049
25,87.192,0.0,-0.005
26,90.77,0.0,-0.005
27,94.349,0.0,-0.005
28,97.928,0.0,-0.005
29,101.504,0.0,-0.0052
30,105.081,0.0,-0.0053
31,108.657,0.0,-0.0055
32,112.233,0.0,-0.0057
33,115.813,0.0,-0.006
34,119.403,0.0,-0.0064
35,122.993,0.0,-0.0067
36,126.583,0.0,-0.007
37,130.173,0.0,-0.0073
38,133.774,0.0,-0.0075
39,137.421,0.0,-0.0075
40,141.069,0.0,-0.0075
41,144.717,0.0,-0.0075
42,148.365,0.0,-0.0075
43,152.015,0.0,-0.0075
44,155.668,0.0,-0.0075
45,159.326,0.0,-0.0075
46,162.986,0.0,-0.0075
47,166.647,0.0,-0.0075
48,170.329,0.0,-0.0075
49,174.019,0.0,-0.0075
50,177.709,0.0,-0.0075
51,181.399,0.0,-0.0075
52,185.089,0.0,-0.0075
53,188.784,0.0,-0.0075
54,192.484,0.0,-0.0074
55,196.185,0.0,-0.0074
56,199.886,0.0,-0.0074
57,203.587,0.0,-0.0074
58,207.288,0.0,-0.0074
59,210.997,0.0,-0.0074
60,214.711,0.0,-0.0073
61,218.432,0.0,-0.007
62,222.153,0.0,-0.0067
63,225.882,0.0,-0.0064
64,229.612,0.0,-0.0061
65,233.342,0.0,-0.0057
66,237.072,0.0,-0.0054
67,240.8,0.0,-0.0053
68,244.527,0.0,-0.0053
69,248.254,0.0,-0.0053
70,251.981,0.0,-0.0052
71,255.708,0.0,-0.0052
72,259.441,0.0,-0.0052
73,263.176,0.0,-0.0052
74,266.911,0.0,-0.0052
75,270.646,0.0,-0.0052
76,274.386,0.0,-0.0052
77,278.127,0.0,-0.0052
78,281.867,0.0,-0.0052
79,285.608,0.0,-0.0052
80,289.349,0.0,-0.0052
81,293.089,0.0,-0.0052
82,296.828,0.0,-0.0052
83,300.566,0.0,-0.0052
84,304.305,0.0,-0.0052
85,308.043,0.0,-0.0051
86,311.781,0.0,-0.0052
87,315.52,0.0,-0.0053
88,319.258,0.0,-0.0053
89,322.997,0.0,-0.0054
90,326.735,0.0,-0.0054
91,330.475,0.0,-0.0055
92,334.215,0.0,-0.0055
93,337.956,0.0,-0.0055
94,341.696,0.0,-0.0056
95,345.437,0.0,-0.0056
96,349.177,0.0,-0.0056
97,352.911,0.0,-0.0056
98,356.643,0.0,-0.0056
99,360.366,0.0,-0.0057
100,364.088,0.0,-0.0058
101,367.81,0.0,-0.0059
102,371.53,0.0,-0.006
103,375.241,0.0,-0.006
104,378.952,0.0,-0.006
105,382.664,0.0,-0.006
106,386.376,0.0,-0.0061
107,390.088,0.0,-0.0062
108,393.8,0.0,-0.0063
109,397.514,0.0,-0.0064
110,401.229,0.0,-0.0065
111,404.945,0.0,-0.0066
112,408.66,0.0,-0.0067
113,412.376,0.0,-0.0067
114,416.091,0.0,-0.0068
115,419.807,0.0,-0.0068
116,423.522,0.0,-0.0069
117,427.237,0.0,-0.0069
118,430.949,0.0,-0.0069
119,434.661,0.0,-0.0069
120,438.373,0.0,-0.0069
121,442.085,0.0,-0.0069
122,445.797,0.0,-0.0069
123,449.526,0.0,-0.0069
124,453.279,0.0,-0.0069
125,457.035,0.0,-0.0069
126,460.79,0.0,-0.0068
127,464.538,0.0,-0.0068
128,468.222,0.0,-0.0068
129,471.905,0.0,-0.0068
130,475.589,0.0,-0.0068
131,479.273,0.0,-0.0068
132,482.913,0.0,-0.0067
133,486.43,0.0,-0.0064
134,489.889,0.0,-0.0061
135,493.257,0.0,-0.0058
136,496.625,0.0,-0.0055
137,499.993,0.0,-0.0051
138,503.358,0.0,-0.0047
139,506.69,0.0,-0.0038
140,510.023,0.0,-0.0028
141,513.355,0.0,-0.0018
142,516.687,0.0,-0.0008
143,520.051,0.0,0.0044
144,523.429,0.0,0.0115
145,526.807,0.0,0.0186
146,530.186,0.0,0.0257
147,533.564,0.0,0.0328
148,536.945,0.0,0.0397
149,540.33,0.0,0.0466
150,543.71,0.0,0.053
151,547.09,0.0,0.0593
152,550.47,0.0,0.0656
153,553.85,0.0,0.0719
154,557.229,0.0,0.0779
155,560.608,0.0,0.0837
156,563.986,0.0,0.0896
157,567.365,0.0,0.0954
158,570.745,0.0,0.1019
159,574.125,0.0,0.1084
160,577.506,0.0,0.1149
161,580.887,0.0,0.1231
162,584.27,0.0,0.1335
163,587.648,0.0,0.1473
164,591.027,0.0,0.1611
165,594.405,0.0,0.175
166,597.777,0.0,0.1899
167,601.158,0.0,0.2065
168,604.54,0.0,0.223
169,607.921,0.0,0.2395
170,611.302,0.0,0.256
171,614.76,0.0,0.2747
172,618.225,0.0,0.2938
173,621.69,0.0,0.3129
174,625.155,0.0,0.3319
175,628.565,0.0,0.3499
176,631.479,0.0,0.3576
177,633.886,0.0,0.3581
178,636.293,0.0,0.3585
179,638.7,0.0,0.359
180,641.053,0.0,0.3594
181,643.314,0.0,0.36
182,645.606,0.0,0.3608
183,647.898,0.0,0.3616
184,650.189,0.0,0.3624
185,652.458,0.0,0.3647
186,654.7,0.0,0.3688
187,656.943,0.0,0.3729
188,659.139,0.0,0.3776
189,661.311,0.0,0.3827
190,663.484,0.0,0.3877
191,665.656,0.0,0.3928
192,667.828,0.0,0.3978
193,669.979,0.0,0.4023
194,672.126,0.0,0.4067
195,674.26,0.0,0.4109
196,676.393,0.0,0.415
197,678.525,0.0,0.4191
198,680.628,0.0,0.4242
199,682.71,0.0,0.4299
200,684.791,0.0,0.4356
201,686.864,0.0,0.4413
202,688.884,0.0,0.447
203,690.864,0.0,0.4529
204,692.83,0.0,0.459
205,694.796,0.0,0.4651
206,696.762,0.0,0.4712
207,698.72,0.0,0.4776
208,700.666,0.0,0.4844
209,702.577,0.0,0.4924
210,704.489,0.0,0.5005
211,706.4,0.0,0.5086
212,708.269,0.0,0.5167
213,710.057,0.0,0.5237
214,711.845,0.0,0.5307
215,713.632,0.0,0.5377
216,715.42,0.0,0.5446
217,717.137,0.0,0.5508
218,718.799,0.0,0.5561
219,720.46,0.0,0.5615
220,722.121,0.0,0.5669
221,723.782,0.0,0.5722
222,725.44,0.0,0.5775
223,727.041,0.0,0.5821
224,728.643,0.0,0.5867
225,730.229,0.0,0.5927
226,731.776,0.0,0.5993
227,733.323,0.0,0.6058
228,734.87,0.0,0.6124
229,736.417,0.0,0.619
230,737.964,0.0,0.6255
231,739.51,0.0,0.6321
232,741.057,0.0,0.6386
233,742.561,0.0,0.6446
234,744.053,0.0,0.6503
235,745.535,0.0,0.6557
236,747.016,0.0,0.661
237,748.486,0.0,0.666
238,749.95,0.0,0.6707
239,751.415,0.0,0.6755
240,752.879,0.0,0.6803
241,754.343,0.0,0.6851
242,755.807,0.0,0.6899
243,757.29,0.0,0.6956
244,758.776,0.0,0.7014
245,760.263,0.0,0.7072
246,761.749,0.0,0.7131
247,763.235,0.0,0.7189
248,764.711,0.0,0.7245
249,766.134,0.0,0.7288
250,767.545,0.0,0.7329
251,768.901,0.0,0.7358
252,770.257,0.0,0.7388
253,771.595,0.0,0.7407
254,772.902,0.0,0.7407
255,774.209,0.0,0.7407
256,775.509,0.0,0.7407
257,776.8,0.0,0.7407
258,778.09,0.0,0.7407
259,779.365,0.0,0.7407
260,780.628,0.0,0.7407
261,781.89,0.0,0.7407
262,783.153,0.0,0.7407
263,784.416,0.0,0.7407
264,785.659,0.0,0.7407
265,786.876,0.0,0.7407
266,788.088,0.0,0.7408
267,789.301,0.0,0.7408
268,790.513,0.0,0.7408
269,791.726,0.0,0.7408
270,792.938,0.0,0.7408
271,794.151,0.0,0.7408
272,795.366,0.0,0.7408
273,796.583,0.0,0.7408
274,797.806,0.0,0.7408
275,799.029,0.0,0.7408
276,800.251,0.0,0.7408
277,801.474,0.0,0.7408
278,802.686,0.0,0.7368
279,803.896,0.0,0.7322
280,805.106,0.0,0.7275
281,806.316,0.0,0.7229
282,807.526,0.0,0.7183
283,808.736,0.0,0.7137
284,809.929,0.0,0.7083
285,811.111,0.0,0.7023
286,812.292,0.0,0.6964
287,813.473,0.0,0.6904
288,814.653,0.0,0.6841
289,815.832,0.0,0.6768
290,817.012,0.0,0.6679
291,818.193,0.0,0.6587
292,819.374,0.0,0.6495
293,820.554,0.0,0.6403
294,821.735,0.0,0.6311
295,822.914,0.0,0.6218
296,824.079,0.0,0.6117
297,825.241,0.0,0.6014
298,826.394,0.0,0.5902
299,827.547,0.0,0.5791
300,828.698,0.0,0.5678
301,829.844,0.0,0.556
302,830.99,0.0,0.5442
303,832.136,0.0,0.5324
304,833.317,0.0,0.5215
305,834.537,0.0,0.5117
306,835.8,0.0,0.503
307,837.062,0.0,0.4943
308,838.325,0.0,0.4856
309,839.588,0.0,0.4769
310,840.922,0.0,0.4744
311,842.285,0.0,0.4744
312,843.648,0.0,0.4744
313,845.011,0.0,0.4744
314,846.44,0.0,0.4744
315,847.883,0.0,0.4744
316,849.326,0.0,0.4744
317,850.769,0.0,0.4744
318,852.22,0.0,0.4744
319,853.677,0.0,0.4744
320,855.127,0.0,0.4744
321,856.577,0.0,0.4744
322,858.026,0.0,0.4744
323,859.47,0.0,0.4744
324,860.915,0.0,0.4744
325,862.359,0.0,0.4744
326,863.804,0.0,0.4745
327,865.249,0.0,0.4745
328,866.696,0.0,0.4745
329,868.142,0.0,0.4745
330,869.589,0.0,0.4745
331,871.036,0.0,0.4766
332,872.483,0.0,0.4802
333,873.931,0.0,0.4839
334,875.378,0.0,0.4875
335,876.825,0.0,0.4968
336,878.272,0.0,0.5104
337,879.719,0.0,0.5241
338,881.165,0.0,0.5378
339,882.612,0.0,0.5514
340,884.059,0.0,0.5651
341,885.505,0.0,0.5792
342,886.952,0.0,0.5932
343,888.399,0.0,0.6072
344,889.846,0.0,0.6213
345,891.292,0.0,0.6353
346,892.745,0.0,0.6498
347,894.222,0.0,0.6666
348,895.7,0.0,0.6833
349,897.133,0.0,0.6977
350,898.559,0.0,0.7117
351,899.985,0.0,0.7257
352,901.323,0.0,0.7338
353,902.542,0.0,0.7338
354,903.761,0.0,0.7338
355,904.979,0.0,0.7338
356,906.185,0.0,0.7338
357,907.332,0.0,0.7338
358,908.478,0.0,0.7338
359,909.627,0.0,0.7338
360,910.776,0.0,0.7338
361,911.925,0.0,0.7338
362,913.071,0.0,0.7338
363,914.212,0.0,0.7338
364,915.354,0.0,0.7338
365,916.479,0.0,0.7339
366,917.603,0.0,0.7339
367,918.728,0.0,0.7339
368,919.843,0.0,0.7339
369,920.941,0.0,0.7339
370,922.04,0.0,0.7339
371,923.138,0.0,0.7339
372,924.237,0.0,0.7326
373,925.338,0.0,0.7284
374,926.439,0.0,0.7242
375,927.549,0.0,0.7202
376,928.671,0.0,0.7166
377,929.794,0.0,0.7129
378,930.917,0.0,0.7092
379,932.049,0.0,0.7046
380,933.208,0.0,0.6988
381,934.368,0.0,0.693
382,935.527,0.0,0.6873
383,936.687,0.0,0.6815
384,937.846,0.0,0.6757
385,939.005,0.0,0.6699
386,940.206,0.0,0.6642
387,941.413,0.0,0.6586
388,942.644,0.0,0.6534
389,943.878,0.0,0.6483
390,945.144,0.0,0.6425
391,946.412,0.0,0.6365
392,947.712,0.0,0.6275
393,949.055,0.0,0.6195
394,950.42,0.0,0.6119
395,951.786,0.0,0.6043
396,953.151,0.0,0.5968
397,954.516,0.0,0.5892
398,955.903,0.0,0.582
399,957.325,0.0,0.5752
400,958.746,0.0,0.5685
401,960.168,0.0,0.5618
402,961.61,0.0,0.556
403,963.072,0.0,0.5511
404,964.534,0.0,0.5461
405,965.996,0.0,0.5412
406,967.458,0.0,0.5363
407,968.945,0.0,0.5312
408,970.5,0.0,0.5254
409,972.055,0.0,0.5196
410,973.61,0.0,0.5138
411,975.165,0.0,0.508
412,976.814,0.0,0.5017
413,978.469,0.0,0.4953
414,980.124,0.0,0.4888
415,981.779,0.0,0.4823
416,983.434,0.0,0.4744
417,985.088,0.0,0.4664
418,986.743,0.0,0.4584
419,988.397,0.0,0.4505
420,990.089,0.0,0.4424
421,991.877,0.0,0.4338
422,993.664,0.0,0.4251
423,995.451,0.0,0.4165
424,997.239,0.0,0.4079
425,999.03,0.0,0.3994
426,1000.952,0.0,0.3933
427,1002.943,0.0,0.3883
428,1004.992,0.0,0.3844
429,1007.04,0.0,0.3805
430,1009.089,0.0,0.3766
431,1011.138,0.0,0.3728
432,1013.186,0.0,0.3689
433,1015.25,0.0,0.3647
434,1017.318,0.0,0.3604
435,1019.419,0.0,0.3561
436,1021.522,0.0,0.3517
437,1023.626,0.0,0.3473
438,1025.729,0.0,0.3429
439,1027.833,0.0,0.3385
440,1029.948,0.0,0.3343
441,1032.168,0.0,0.3314
442,1034.436,0.0,0.3291
443,1036.724,0.0,0.3271
444,1039.012,0.0,0.325
445,1041.328,0.0,0.3232
446,1043.659,0.0,0.3213
447,1046.008,0.0,0.319
448,1048.356,0.0,0.3167
449,1050.729,0.0,0.3145
450,1053.162,0.0,0.3129
451,1055.631,0.0,0.3118
452,1058.101,0.0,0.3108
453,1060.57,0.0,0.3097
454,1063.079,0.0,0.3086
455,1065.604,0.0,0.3075
456,1068.166,0.0,0.3063
457,1070.741,0.0,0.3051
458,1073.316,0.0,0.3039
459,1075.891,0.0,0.3027
460,1078.465,0.0,0.3014
461,1081.042,0.0,0.3002
462,1083.687,0.0,0.2988
463,1086.336,0.0,0.2973
464,1089.061,0.0,0.296
465,1091.785,0.0,0.2948
466,1094.509,0.0,0.2935
467,1097.234,0.0,0.2922
468,1099.958,0.0,0.2909
469,1102.682,0.0,0.2897
470,1105.429,0.0,0.288
471,1108.178,0.0,0.2862
472,1110.925,0.0,0.2842
473,1113.666,0.0,0.2819
474,1116.408,0.0,0.2797
475,1119.15,0.0,0.2774
476,1121.915,0.0,0.2746
477,1124.693,0.0,0.2715
478,1127.47,0.0,0.2685
479,1130.248,0.0,0.2654
480,1133.025,0.0,0.2623
481,1135.803,0.0,0.2593
482,1138.581,0.0,0.2562
483,1141.358,0.0,0.2531
484,1144.136,0.0,0.2501
485,1146.914,0.0,0.247
486,1149.691,0.0,0.2439
487,1152.469,0.0,0.2409
488,1155.247,0.0,0.2378
489,1158.024,0.0,0.2347
490,1160.802,0.0,0.2317
491,1163.579,0.0,0.2286
492,1166.357,0.0,0.2255
493,1169.135,0.0,0.2224
494,1171.912,0.0,0.2194
495,1174.69,0.0,0.2163
496,1177.641,0.0,0.2145
497,1180.596,0.0,0.2127
498,1183.581,0.0,0.2112
499,1186.595,0.0,0.2101
500,1189.609,0.0,0.2091
501,1192.641,0.0,0.2081
502,1195.737,0.0,0.2074
503,1198.834,0.0,0.2068
504,1201.93,0.0,0.2061
505,1205.026,0.0,0.2055
506,1208.122,0.0,0.2048
507,1211.218,0.0,0.2042
508,1214.348,0.0,0.2036
509,1217.479,0.0,0.2031
510,1220.638,0.0,0.2025
511,1223.798,0.0,0.2019
512,1226.957,0.0,0.2013
513,1230.117,0.0,0.2007
514,1233.277,0.0,0.2002
515,1236.443,0.0,0.1996
516,1239.657,0.0,0.1995
517,1242.877,0.0,0.1994
518,1246.096,0.0,0.1993
519,1249.315,0.0,0.1991
520,1252.535,0.0,0.199
521,1255.754,0.0,0.1989
522,1258.982,0.0,0.1989
523,1262.22,0.0,0.1989
524,1265.462,0.0,0.1989
525,1268.705,0.0,0.1989
526,1271.947,0.0,0.1989
527,1275.189,0.0,0.1989
528,1278.43,0.0,0.1989
529,1281.672,0.0,0.1989
530,1284.914,0.0,0.1989
531,1288.151,0.0,0.1989
532,1291.385,0.0,0.1989
533,1294.617,0.0,0.1989
534,1297.85,0.0,0.1989
535,1301.083,0.0,0.1989
536,1304.32,0.0,0.1989
537,1307.58,0.0,0.1989
538,1310.849,0.0,0.1989
539,1314.158,0.0,0.1989
540,1317.468,0.0,0.1989
541,1320.778,0.0,0.199
542,1324.088,0.0,0.199
543,1327.397,0.0,0.199
544,1330.707,0.0,0.199
545,1334.017,0.0,0.199
546,1337.331,0.0,0.199
547,1340.643,0.0,0.199
548,1343.955,0.0,0.1991
549,1347.266,0.0,0.1991
550,1350.574,0.0,0.1992
551,1353.882,0.0,0.1994
552,1357.188,0.0,0.1995
553,1360.494,0.0,0.1996
554,1363.8,0.0,0.1998
555,1367.109,0.0,0.2
556,1370.423,0.0,0.2004
557,1373.736,0.0,0.2008
558,1377.049,0.0,0.2012
559,1380.364,0.0,0.2016
560,1383.692,0.0,0.2025
561,1387.028,0.0,0.2036
562,1390.366,0.0,0.2048
563,1393.705,0.0,0.206
564,1397.043,0.0,0.2072
565,1400.382,0.0,0.2084
566,1403.72,0.0,0.2096
567,1407.059,0.0,0.2108
568,1410.374,0.0,0.2118
569,1413.678,0.0,0.2124
570,1416.968,0.0,0.2127
571,1420.259,0.0,0.213
572,1423.55,0.0,0.2132
573,1426.836,0.0,0.2133
574,1430.12,0.0,0.2133
575,1433.404,0.0,0.2133
576,1436.689,0.0,0.2133
577,1439.973,0.0,0.2133
578,1443.276,0.0,0.2146
579,1446.593,0.0,0.2161
580,1449.921,0.0,0.2174
581,1453.249,0.0,0.2188
582,1456.577,0.0,0.2202
583,1459.86,0.0,0.2213
584,1463.112,0.0,0.2221
585,1466.364,0.0,0.223
586,1469.616,0.0,0.2238
587,1472.868,0.0,0.2247
588,1476.092,0.0,0.227
589,1479.179,0.0,0.2312
590,1482.163,0.0,0.2315
591,1485.147,0.0,0.2317
592,1488.131,0.0,0.2319
593,1491.115,0.0,0.2321
594,1493.872,0.0,0.2323
595,1496.404,0.0,0.2323
596,1498.936,0.0,0.2323
597,1501.468,0.0,0.2323
598,1504.001,0.0,0.2323
599,1506.394,0.0,0.2332
600,1508.653,0.0,0.2361
601,1510.881,0.0,0.2394
602,1513.108,0.0,0.2428
603,1515.336,0.0,0.2461
604,1517.512,0.0,0.2539
605,1519.628,0.0,0.2667
606,1521.587,0.0,0.2781
607,1523.543,0.0,0.2895
608,1525.499,0.0,0.3009
609,1527.455,0.0,0.3123
610,1529.411,0.0,0.3236
611,1531.367,0.0,0.335
612,1533.267,0.0,0.3462
613,1535.012,0.0,0.3571
614,1536.675,0.0,0.3658
615,1538.326,0.0,0.3741
616,1539.977,0.0,0.3824
617,1541.598,0.0,0.3912
618,1543.185,0.0,0.4004
619,1544.772,0.0,0.4096
620,1546.358,0.0,0.4188
621,1547.945,0.0,0.428
622,1549.378,0.0,0.4331
623,1550.74,0.0,0.4363
624,1552.102,0.0,0.4395
625,1553.464,0.0,0.4427
626,1554.827,0.0,0.4459
627,1556.128,0.0,0.4492
628,1557.423,0.0,0.4526
629,1558.711,0.0,0.4598
630,1559.999,0.0,0.4673
631,1561.287,0.0,0.4748
632,1562.557,0.0,0.4853
633,1563.786,0.0,0.4964
634,1565.016,0.0,0.5074
635,1566.246,0.0,0.5185
636,1567.435,0.0,0.5294
637,1568.614,0.0,0.5404
638,1569.792,0.0,0.5513
639,1570.953,0.0,0.5622
640,1572.087,0.0,0.5731
641,1573.222,0.0,0.5839
642,1574.356,0.0,0.5948
643,1575.481,0.0,0.6064
644,1576.592,0.0,0.6186
645,1577.674,0.0,0.63
646,1578.755,0.0,0.6415
647,1579.837,0.0,0.6529
648,1580.918,0.0,0.6644
649,1582.0,0.0,0.6758
650,1583.082,0.0,0.6873
651,1584.097,0.0,0.6937
652,1585.103,0.0,0.6994
653,1586.107,0.0,0.7048
654,1587.078,0.0,0.7048
655,1588.049,0.0,0.7048
656,1589.02,0.0,0.7048
657,1589.992,0.0,0.7048
658,1590.966,0.0,0.7048
659,1591.955,0.0,0.7048
660,1592.944,0.0,0.7048
661,1593.932,0.0,0.7048
662,1594.911,0.0,0.7048
663,1595.888,0.0,0.7048
664,1596.851,0.0,0.7048
665,1597.794,0.0,0.7048
666,1598.737,0.0,0.7048
667,1599.68,0.0,0.7048
668,1600.615,0.0,0.7048
669,1601.545,0.0,0.7048
670,1602.475,0.0,0.7048
671,1603.411,0.0,0.7048
672,1604.348,0.0,0.7049
673,1605.286,0.0,0.7049
674,1606.223,0.0,0.7049
675,1607.161,0.0,0.7049
676,1608.103,0.0,0.7049
677,1609.04,0.0,0.6911
678,1609.977,0.0,0.6772
679,1610.913,0.0,0.6633
680,1611.85,0.0,0.6494
681,1612.787,0.0,0.6355
682,1613.717,0.0,0.6214
683,1614.618,0.0,0.6065
684,1615.514,0.0,0.5916
685,1616.397,0.0,0.577
686,1617.365,0.0,0.5654
687,1618.345,0.0,0.5542
688,1619.325,0.0,0.543
689,1620.376,0.0,0.5334
690,1621.519,0.0,0.5257
691,1622.784,0.0,0.5186
692,1624.049,0.0,0.5115
693,1625.315,0.0,0.5045
694,1626.671,0.0,0.4958
695,1628.073,0.0,0.4864
696,1629.475,0.0,0.4769
697,1630.915,0.0,0.4675
698,1632.424,0.0,0.4583
699,1633.933,0.0,0.449
700,1635.441,0.0,0.4398
701,1636.95,0.0,0.4305
702,1638.451,0.0,0.421
703,1639.945,0.0,0.4111
704,1641.415,0.0,0.4007
705,1642.885,0.0,0.3903
706,1644.355,0.0,0.3799
707,1645.815,0.0,0.3718
708,1647.243,0.0,0.3718
709,1648.67,0.0,0.3718
710,1650.098,0.0,0.3718
711,1651.579,0.0,0.3719
712,1653.13,0.0,0.3719
713,1654.769,0.0,0.3719
714,1656.509,0.0,0.3719
715,1658.248,0.0,0.3719
716,1660.084,0.0,0.3719
717,1661.977,0.0,0.3719
718,1663.869,0.0,0.3719
719,1665.832,0.0,0.3719
720,1667.825,0.0,0.3719
721,1669.817,0.0,0.3719
722,1671.81,0.0,0.3719
723,1673.84,0.0,0.3719
724,1675.996,0.0,0.3719
725,1678.161,0.0,0.3719
726,1680.325,0.0,0.3719
727,1682.489,0.0,0.3719
728,1684.654,0.0,0.372
729,1686.817,0.0,0.3722
730,1688.971,0.0,0.374
731,1691.126,0.0,0.3759
732,1693.28,0.0,0.3777
733,1695.451,0.0,0.3789
734,1697.689,0.0,0.3789
735,1699.996,0.0,0.3789
736,1702.303,0.0,0.3789
737,1704.61,0.0,0.3789
738,1706.918,0.0,0.3789
739,1709.237,0.0,0.3789
740,1711.651,0.0,0.3789
741,1714.066,0.0,0.3789
742,1716.481,0.0,0.3789
743,1718.939,0.0,0.3789
744,1721.415,0.0,0.3789
745,1723.892,0.0,0.3789
746,1726.368,0.0,0.3789
747,1728.887,0.0,0.379
748,1731.41,0.0,0.379
749,1733.934,0.0,0.379
750,1736.458,0.0,0.379
751,1739.018,0.0,0.379
752,1741.604,0.0,0.379
753,1744.196,0.0,0.3789
754,1746.837,0.0,0.378
755,1749.53,0.0,0.3771
756,1752.224,0.0,0.3761
757,1754.917,0.0,0.3752
758,1757.61,0.0,0.3742
759,1760.303,0.0,0.3733
760,1762.996,0.0,0.3723
761,1765.698,0.0,0.3713
762,1768.411,0.0,0.3702
763,1771.131,0.0,0.3689
764,1773.855,0.0,0.3674
765,1776.58,0.0,0.366
766,1779.334,0.0,0.3645
767,1782.102,0.0,0.363
768,1784.871,0.0,0.3616
769,1787.639,0.0,0.3601
770,1790.408,0.0,0.3586
771,1793.224,0.0,0.3575
772,1796.08,0.0,0.3566
773,1798.939,0.0,0.3557
774,1801.797,0.0,0.3548
775,1804.656,0.0,0.3539
776,1807.508,0.0,0.3531
777,1810.36,0.0,0.3523
778,1813.213,0.0,0.3515
779,1816.117,0.0,0.3513
780,1819.09,0.0,0.3513
781,1822.063,0.0,0.3513
782,1825.037,0.0,0.3513
783,1828.01,0.0,0.3513
784,1830.99,0.0,0.3514
785,1833.964,0.0,0.3514
786,1836.938,0.0,0.3514
787,1839.913,0.0,0.3514
788,1842.887,0.0,0.3514
789,1845.892,0.0,0.3514
790,1848.913,0.0,0.3514
791,1851.935,0.0,0.3514
792,1854.956,0.0,0.3514
793,1857.978,0.0,0.3514
794,1861.013,0.0,0.3514
795,1864.068,0.0,0.3514
796,1867.124,0.0,0.3514
797,1870.193,0.0,0.3514
798,1873.274,0.0,0.3515
799,1876.364,0.0,0.3515
800,1879.455,0.0,0.3515
801,1882.545,0.0,0.3516
802,1885.635,0.0,0.3516
803,1888.74,0.0,0.3517
804,1891.854,0.0,0.3519
805,1894.979,0.0,0.3523
806,1898.104,0.0,0.3526
807,1901.229,0.0,0.353
808,1904.362,0.0,0.3534
809,1907.507,0.0,0.354
810,1910.652,0.0,0.3545
811,1913.803,0.0,0.3551
812,1916.955,0.0,0.3556
813,1920.105,0.0,0.3562
814,1923.253,0.0,0.3567
815,1926.402,0.0,0.3572
816,1929.551,0.0,0.3577
817,1932.698,0.0,0.3582
818,1935.846,0.0,0.3587
819,1938.993,0.0,0.3592
820,1942.141,0.0,0.3597
821,1945.289,0.0,0.3602
822,1948.437,0.0,0.3607
823,1951.585,0.0,0.3612
824,1954.733,0.0,0.3617
825,1957.882,0.0,0.3622
826,1961.03,0.0,0.3627
827,1964.178,0.0,0.3632
828,1967.326,0.0,0.3637
829,1970.475,0.0,0.3643
830,1973.621,0.0,0.3648
831,1976.763,0.0,0.3654
832,1979.906,0.0,0.366
833,1983.038,0.0,0.3664
834,1986.171,0.0,0.3669
835,1989.303,0.0,0.3673
836,1992.425,0.0,0.3677
837,1995.538,0.0,0.368
838,1998.651,0.0,0.3684
839,2001.765,0.0,0.3687
840,2004.878,0.0,0.369
841,2007.992,0.0,0.3693
842,2011.105,0.0,0.3698
843,2014.219,0.0,0.3703
844,2017.332,0.0,0.3708
845,2020.445,0.0,0.3714
846,2023.559,0.0,0.3719
847,2026.671,0.0,0.3724
848,2029.761,0.0,0.3733
849,2032.851,0.0,0.3741
850,2035.941,0.0,0.375
851,2039.018,0.0,0.3759
852,2042.091,0.0,0.3767
853,2045.164,0.0,0.3776
854,2048.235,0.0,0.3784
855,2051.305,0.0,0.3793
856,2054.374,0.0,0.3802
857,2057.442,0.0,0.3811
858,2060.51,0.0,0.3821
859,2063.577,0.0,0.3831
860,2066.643,0.0,0.3841
861,2069.71,0.0,0.3851
862,2072.777,0.0,0.3862
863,2075.844,0.0,0.3874
864,2078.911,0.0,0.3886
865,2081.978,0.0,0.3898
866,2085.045,0.0,0.3909
867,2088.119,0.0,0.3924
868,2091.184,0.0,0.3938
869,2094.25,0.0,0.3952
870,2097.315,0.0,0.3966
871,2100.376,0.0,0.3979
872,2103.374,0.0,0.3987
873,2106.372,0.0,0.3995
874,2109.37,0.0,0.4003
875,2112.367,0.0,0.4012
876,2115.362,0.0,0.4021
877,2118.348,0.0,0.4032
878,2121.334,0.0,0.4044
879,2124.32,0.0,0.4055
880,2127.293,0.0,0.4073
881,2130.248,0.0,0.4099
882,2133.203,0.0,0.4125
883,2136.158,0.0,0.4151
884,2139.113,0.0,0.4177
885,2142.068,0.0,0.4203
886,2145.019,0.0,0.4229
887,2147.955,0.0,0.4252
888,2150.885,0.0,0.4275
889,2153.813,0.0,0.4297
890,2156.74,0.0,0.4319
891,2159.668,0.0,0.4341
892,2162.598,0.0,0.4364
893,2165.535,0.0,0.4387
894,2168.471,0.0,0.4411
895,2171.408,0.0,0.4435
896,2174.334,0.0,0.4456
897,2177.254,0.0,0.4478
898,2180.174,0.0,0.4499
899,2183.088,0.0,0.4519
900,2185.967,0.0,0.4533
901,2188.821,0.0,0.4543
902,2191.674,0.0,0.4553
903,2194.528,0.0,0.4563
904,2197.382,0.0,0.4572
905,2200.236,0.0,0.4582
906,2203.077,0.0,0.459
907,2205.906,0.0,0.4596
908,2208.721,0.0,0.4607
909,2211.527,0.0,0.4621
910,2214.333,0.0,0.4635
911,2217.139,0.0,0.4649
912,2219.945,0.0,0.4663
913,2222.73,0.0,0.4679
914,2225.483,0.0,0.4694
915,2228.234,0.0,0.4708
916,2230.984,0.0,0.4723
917,2233.734,0.0,0.4737
918,2236.483,0.0,0.4751
919,2239.189,0.0,0.4762
920,2241.894,0.0,0.4773
921,2244.6,0.0,0.4784
922,2247.3,0.0,0.4794
923,2249.978,0.0,0.4802
924,2252.652,0.0,0.4811
925,2255.314,0.0,0.482
926,2257.977,0.0,0.4829
927,2260.635,0.0,0.4839
928,2263.285,0.0,0.4849
929,2265.903,0.0,0.4864
930,2268.521,0.0,0.4878
931,2271.14,0.0,0.4892
932,2273.713,0.0,0.4902
933,2276.256,0.0,0.4907
934,2278.798,0.0,0.4912
935,2281.312,0.0,0.4919
936,2283.817,0.0,0.4927
937,2286.321,0.0,0.4935
938,2288.824,0.0,0.4947
939,2291.325,0.0,0.4959
940,2293.827,0.0,0.4972
941,2296.327,0.0,0.4985
942,2298.79,0.0,0.5
943,2301.25,0.0,0.5015
944,2303.666,0.0,0.5023
945,2306.083,0.0,0.5032
946,2308.457,0.0,0.5034
947,2310.815,0.0,0.5034
948,2313.173,0.0,0.5034
949,2315.531,0.0,0.5034
950,2317.879,0.0,0.5034
951,2320.208,0.0,0.5034
952,2322.526,0.0,0.5035
953,2324.843,0.0,0.5035
954,2327.161,0.0,0.5035
955,2329.459,0.0,0.5035
956,2331.744,0.0,0.5035
957,2334.028,0.0,0.5035
958,2336.293,0.0,0.5035
959,2338.548,0.0,0.5035
960,2340.781,0.0,0.5035
961,2343.007,0.0,0.5035
962,2345.233,0.0,0.5035
963,2347.46,0.0,0.5035
964,2349.682,0.0,0.5035
965,2351.883,0.0,0.5031
966,2354.082,0.0,0.5026
967,2356.281,0.0,0.5022
968,2358.48,0.0,0.5017
969,2360.679,0.0,0.5013
970,2362.868,0.0,0.5006
971,2365.014,0.0,0.4989
972,2367.13,0.0,0.4986
973,2369.239,0.0,0.4986
974,2371.349,0.0,0.4986
975,2373.458,0.0,0.4986
976,2375.565,0.0,0.4986
977,2377.668,0.0,0.4986
978,2379.772,0.0,0.4987
979,2381.876,0.0,0.4987
980,2383.979,0.0,0.4987
981,2386.086,0.0,0.4987
982,2388.202,0.0,0.4987
983,2390.328,0.0,0.4987
984,2392.458,0.0,0.4987
985,2394.587,0.0,0.4987
986,2396.717,0.0,0.4987
987,2398.847,0.0,0.4987
988,2400.965,0.0,0.4987
989,2403.082,0.0,0.4987
990,2405.2,0.0,0.4987
991,2407.317,0.0,0.4987
992,2409.434,0.0,0.4987
993,2411.552,0.0,0.4987
994,2413.7,0.0,0.499
995,2415.861,0.0,0.4993
996,2418.035,0.0,0.5013
997,2420.245,0.0,0.5079
998,2422.456,0.0,0.5146
999,2424.667,0.0,0.5212
1000,2426.885,0.0,0.528
1001,2429.113,0.0,0.5351
1002,2431.349,0.0,0.5423
1003,2433.585,0.0,0.5495
1004,2435.821,0.0,0.5567
1005,2438.06,0.0,0.5639
1006,2440.301,0.0,0.571
1007,2442.545,0.0,0.5762
1008,2444.798,0.0,0.5762
1009,2447.062,0.0,0.5762
1010,2449.329,0.0,0.5762
1011,2451.597,0.0,0.5763
1012,2453.864,0.0,0.5763
1013,2456.082,0.0,0.5763
1014,2458.177,0.0,0.5763
1015,2460.27,0.0,0.5763
1016,2462.363,0.0,0.5763
1017,2464.456,0.0,0.5763
1018,2466.549,0.0,0.5763
1019,2468.642,0.0,0.5763
1020,2470.622,0.0,0.5763
1021,2472.513,0.0,0.5763
1022,2474.403,0.0,0.5763
1023,2476.294,0.0,0.5763
1024,2478.185,0.0,0.5763
1025,2479.989,0.0,0.5763
1026,2481.792,0.0,0.5763
1027,2483.595,0.0,0.5763
1028,2485.382,0.0,0.5719
1029,2487.144,0.0,0.5622
1030,2488.9,0.0,0.5516
1031,2490.655,0.0,0.541
1032,2492.411,0.0,0.5304
1033,2494.169,0.0,0.5185
1034,2495.927,0.0,0.5062
1035,2497.685,0.0,0.4938
1036,2499.443,0.0,0.4815
1037,2501.163,0.0,0.4682
1038,2502.845,0.0,0.4538
1039,2504.527,0.0,0.4395
1040,2506.194,0.0,0.4261
1041,2507.733,0.0,0.4214
1042,2509.272,0.0,0.4167
1043,2510.811,0.0,0.412
1044,2512.35,0.0,0.4073
1045,2513.846,0.0,0.404
1046,2515.334,0.0,0.401
1047,2516.822,0.0,0.3981
1048,2518.322,0.0,0.3954
1049,2519.838,0.0,0.3933
1050,2521.354,0.0,0.3912
1051,2522.87,0.0,0.3891
1052,2524.387,0.0,0.387
1053,2525.903,0.0,0.3849
1054,2527.432,0.0,0.3833
1055,2528.967,0.0,0.382
1056,2530.478,0.0,0.3806
1057,2531.982,0.0,0.3791
1058,2533.485,0.0,0.3775
1059,2534.881,0.0,0.3732
1060,2536.259,0.0,0.3684
1061,2537.638,0.0,0.3635
1062,2539.016,0.0,0.3587
1063,2540.392,0.0,0.3537
1064,2541.773,0.0,0.3486
1065,2543.21,0.0,0.3444
1066,2544.647,0.0,0.3402
1067,2546.084,0.0,0.3359
1068,2547.521,0.0,0.3317
1069,2548.957,0.0,0.3275
1070,2550.447,0.0,0.3236
1071,2552.018,0.0,0.32
1072,2553.589,0.0,0.3165
1073,2555.161,0.0,0.3129
1074,2556.732,0.0,0.3094
1075,2558.303,0.0,0.3058
1076,2559.874,0.0,0.3023
1077,2561.446,0.0,0.2987
1078,2563.017,0.0,0.2952
1079,2564.588,0.0,0.2916
1080,2566.159,0.0,0.2881
1081,2567.73,0.0,0.2845
1082,2569.302,0.0,0.281
1083,2570.873,0.0,0.2774
1084,2572.444,0.0,0.2739
1085,2574.015,0.0,0.2703
1086,2575.599,0.0,0.2662
1087,2577.192,0.0,0.2614
1088,2578.787,0.0,0.2559
1089,2580.382,0.0,0.2503
1090,2581.985,0.0,0.2449
1091,2583.614,0.0,0.2396
1092,2585.266,0.0,0.2343
1093,2586.985,0.0,0.2293
1094,2588.705,0.0,0.2243
1095,2590.424,0.0,0.2193
1096,2592.144,0.0,0.2143
1097,2593.863,0.0,0.2092
1098,2595.628,0.0,0.2049
1099,2597.431,0.0,0.2012
1100,2599.234,0.0,0.1974
1101,2601.062,0.0,0.1942
1102,2602.905,0.0,0.1913
1103,2604.783,0.0,0.1901
1104,2606.674,0.0,0.1895
1105,2608.565,0.0,0.1889
1106,2610.455,0.0,0.1883
1107,2612.402,0.0,0.1877
1108,2614.358,0.0,0.1872
1109,2616.314,0.0,0.1867
1110,2618.271,0.0,0.1862
1111,2620.275,0.0,0.1859
1112,2622.314,0.0,0.1856
1113,2624.354,0.0,0.1853
1114,2626.393,0.0,0.185
1115,2628.435,0.0,0.1844
1116,2630.48,0.0,0.1832
1117,2632.526,0.0,0.182
1118,2634.566,0.0,0.1804
1119,2636.596,0.0,0.1781
1120,2638.626,0.0,0.1757
1121,2640.674,0.0,0.173
1122,2642.763,0.0,0.1708
1123,2644.891,0.0,0.1692
1124,2647.02,0.0,0.1676
1125,2649.149,0.0,0.166
1126,2651.277,0.0,0.1644
1127,2653.406,0.0,0.1627
1128,2655.67,0.0,0.1621
1129,2657.974,0.0,0.162
1130,2660.277,0.0,0.162
1131,2662.58,0.0,0.162
1132,2664.883,0.0,0.1619
1133,2667.186,0.0,0.1619
1134,2669.493,0.0,0.1619
1135,2671.918,0.0,0.1618
1136,2674.343,0.0,0.1618
1137,2676.769,0.0,0.1618
1138,2679.197,0.0,0.1617
1139,2681.635,0.0,0.1612
1140,2684.072,0.0,0.1608
1141,2686.507,0.0,0.1602
1142,2688.937,0.0,0.1595
1143,2691.368,0.0,0.1588
1144,2693.798,0.0,0.1581
1145,2696.229,0.0,0.1574
1146,2698.659,0.0,0.1568
1147,2701.09,0.0,0.1561
1148,2703.615,0.0,0.1554
1149,2706.303,0.0,0.1553
1150,2708.992,0.0,0.1552
1151,2711.68,0.0,0.1551
1152,2714.369,0.0,0.155
1153,2717.058,0.0,0.1549
1154,2719.746,0.0,0.1548
1155,2722.435,0.0,0.1548
1156,2725.149,0.0,0.1544
1157,2727.858,0.0,0.1544
1158,2730.566,0.0,0.1543
1159,2733.274,0.0,0.1543
1160,2735.983,0.0,0.1542
1161,2738.697,0.0,0.1542
1162,2741.445,0.0,0.1542
1163,2744.229,0.0,0.1537
1164,2747.026,0.0,0.1532
1165,2749.822,0.0,0.1526
1166,2752.618,0.0,0.152
1167,2755.415,0.0,0.1514
1168,2758.211,0.0,0.1509
1169,2761.012,0.0,0.1496
1170,2763.807,0.0,0.1493
1171,2766.596,0.0,0.1497
1172,2769.386,0.0,0.1502
1173,2772.175,0.0,0.1507
1174,2774.945,0.0,0.151
1175,2777.704,0.0,0.1512
1176,2780.463,0.0,0.1514
1177,2783.222,0.0,0.1515
1178,2786.041,0.0,0.1516
1179,2788.869,0.0,0.1516
1180,2791.697,0.0,0.1516
1181,2794.634,0.0,0.1516
1182,2797.579,0.0,0.1516
1183,2800.588,0.0,0.1516
1184,2803.64,0.0,0.1516
1185,2806.691,0.0,0.1516
1186,2809.743,0.0,0.1516
1187,2812.798,0.0,0.1516
1188,2815.859,0.0,0.1516
1189,2818.919,0.0,0.1516
1190,2821.979,0.0,0.1516
1191,2825.038,0.0,0.1516
1192,2828.105,0.0,0.1517
1193,2831.179,0.0,0.1517
1194,2834.254,0.0,0.1517
1195,2837.328,0.0,0.1517
1196,2840.414,0.0,0.1519
1197,2843.523,0.0,0.1524
1198,2846.64,0.0,0.153
1199,2849.757,0.0,0.1537
1200,2852.874,0.0,0.1543
1201,2855.991,0.0,0.1549
1202,2859.125,0.0,0.1555
1203,2862.274,0.0,0.156
1204,2865.425,0.0,0.1564
1205,2868.576,0.0,0.1569
1206,2871.727,0.0,0.1574
1207,2874.896,0.0,0.1577
1208,2878.072,0.0,0.1581
1209,2881.247,0.0,0.1585
1210,2884.423,0.0,0.1588
1211,2887.598,0.0,0.1592
1212,2890.774,0.0,0.1595
1213,2893.95,0.0,0.1599
1214,2897.134,0.0,0.1602
1215,2900.333,0.0,0.1604
1216,2903.532,0.0,0.1606
1217,2906.731,0.0,0.1608
1218,2909.936,0.0,0.1611
1219,2913.147,0.0,0.1615
1220,2916.366,0.0,0.1621
1221,2919.586,0.0,0.1627
1222,2922.805,0.0,0.1633
1223,2926.024,0.0,0.1638
1224,2929.243,0.0,0.1644
1225,2932.462,0.0,0.165
1226,2935.676,0.0,0.1656
1227,2938.889,0.0,0.1662
1228,2942.092,0.0,0.167
1229,2945.295,0.0,0.1678
1230,2948.498,0.0,0.1686
1231,2951.7,0.0,0.1694
1232,2954.889,0.0,0.1702
1233,2958.072,0.0,0.171
1234,2961.254,0.0,0.172
1235,2964.435,0.0,0.1729
1236,2967.616,0.0,0.1739
1237,2970.798,0.0,0.1748
1238,2973.985,0.0,0.1757
1239,2977.183,0.0,0.1764
1240,2980.381,0.0,0.1772
1241,2983.579,0.0,0.1779
1242,2986.748,0.0,0.1785
1243,2989.893,0.0,0.1789
1244,2993.038,0.0,0.1794
1245,2996.183,0.0,0.1798
1246,2999.259,0.0,0.1826
1247,3002.237,0.0,0.1896
1248,3005.215,0.0,0.1967
1249,3008.192,0.0,0.2038
1250,3011.17,0.0,0.2108
1251,3014.148,0.0,0.2179
1252,3017.085,0.0,0.2287
1253,3019.976,0.0,0.2437
1254,3022.867,0.0,0.2586
1255,3025.752,0.0,0.2734
1256,3028.543,0.0,0.2864
1257,3031.334,0.0,0.2994
1258,3034.125,0.0,0.3124
1259,3036.915,0.0,0.3254
1260,3039.706,0.0,0.3383
1261,3042.391,0.0,0.3486
1262,3044.86,0.0,0.3532
1263,3047.33,0.0,0.3578
1264,3049.799,0.0,0.3624
1265,3051.994,0.0,0.3625
1266,3054.188,0.0,0.3626
1267,3056.381,0.0,0.3627
1268,3058.575,0.0,0.3628
1269,3060.744,0.0,0.3641
1270,3062.739,0.0,0.3727
1271,3064.695,0.0,0.3823
1272,3066.651,0.0,0.3919
1273,3068.607,0.0,0.4014
1274,3070.563,0.0,0.411
1275,3072.416,0.0,0.4207
1276,3074.197,0.0,0.4305
1277,3075.917,0.0,0.4404
1278,3077.636,0.0,0.4502
1279,3079.355,0.0,0.4601
1280,3081.059,0.0,0.4698
1281,3082.629,0.0,0.4776
1282,3084.177,0.0,0.485
1283,3085.659,0.0,0.4911
1284,3087.142,0.0,0.4972
1285,3088.603,0.0,0.5028
1286,3090.015,0.0,0.5071
1287,3091.427,0.0,0.5115
1288,3092.839,0.0,0.5158
1289,3094.22,0.0,0.5202
1290,3095.565,0.0,0.5245
1291,3096.887,0.0,0.5296
1292,3098.209,0.0,0.5347
1293,3099.545,0.0,0.541
1294,3100.888,0.0,0.5482
1295,3102.231,0.0,0.5553
1296,3103.574,0.0,0.5625
1297,3104.917,0.0,0.5696
1298,3106.238,0.0,0.577
1299,3107.527,0.0,0.5847
1300,3108.76,0.0,0.5912
1301,3109.987,0.0,0.5975
1302,3111.214,0.0,0.6038
1303,3112.439,0.0,0.6101
1304,3113.628,0.0,0.6125
1305,3114.807,0.0,0.6125
1306,3115.986,0.0,0.6125
1307,3117.165,0.0,0.6125
1308,3118.344,0.0,0.6125
1309,3119.523,0.0,0.6125
1310,3120.703,0.0,0.6125
1311,3121.849,0.0,0.6125
1312,3122.944,0.0,0.6125
1313,3124.039,0.0,0.6125
1314,3125.134,0.0,0.6125
1315,3126.23,0.0,0.6125
1316,3127.313,0.0,0.6125
1317,3128.389,0.0,0.6125
1318,3129.466,0.0,0.6125
1319,3130.548,0.0,0.6125
1320,3131.633,0.0,0.6125
1321,3132.718,0.0,0.6126
1322,3133.807,0.0,0.6126
1323,3134.902,0.0,0.6126
1324,3136.011,0.0,0.6126
1325,3137.122,0.0,0.6126
1326,3138.233,0.0,0.6126
1327,3139.344,0.0,0.6126
1328,3140.457,0.0,0.6126
1329,3141.591,0.0,0.612
1330,3142.742,0.0,0.6091
1331,3143.893,0.0,0.6062
1332,3145.058,0.0,0.6026
1333,3146.269,0.0,0.5969
1334,3147.48,0.0,0.5912
1335,3148.692,0.0,0.5855
1336,3149.967,0.0,0.5812
1337,3151.247,0.0,0.577
1338,3152.526,0.0,0.5727
1339,3153.805,0.0,0.5685
1340,3155.117,0.0,0.5662
1341,3156.457,0.0,0.5653
1342,3157.796,0.0,0.5645
1343,3159.135,0.0,0.5636
1344,3160.495,0.0,0.5635
1345,3161.861,0.0,0.5635
1346,3163.227,0.0,0.5635
1347,3164.592,0.0,0.5635
1348,3165.958,0.0,0.5635
1349,3167.313,0.0,0.5635
1350,3168.668,0.0,0.5635
1351,3170.022,0.0,0.5635
1352,3171.376,0.0,0.5635
1353,3172.734,0.0,0.5635
1354,3174.116,0.0,0.5635
1355,3175.502,0.0,0.5635
1356,3176.896,0.0,0.5635
1357,3178.29,0.0,0.5635
1358,3179.685,0.0,0.5635
1359,3181.057,0.0,0.5636
1360,3182.416,0.0,0.5636
1361,3183.775,0.0,0.5636
1362,3185.133,0.0,0.5636
1363,3186.483,0.0,0.5636
1364,3187.832,0.0,0.5636
1365,3189.182,0.0,0.5636
1366,3190.537,0.0,0.5636
1367,3191.892,0.0,0.5636
1368,3193.245,0.0,0.5636
1369,3194.598,0.0,0.5636
1370,3195.951,0.0,0.5636
1371,3197.259,0.0,0.5637
1372,3198.541,0.0,0.5637
1373,3199.823,0.0,0.5637
1374,3201.105,0.0,0.5637
1375,3202.386,0.0,0.5637
1376,3203.667,0.0,0.5637
1377,3204.94,0.0,0.5637
1378,3206.212,0.0,0.5637
1379,3207.486,0.0,0.5637
1380,3208.761,0.0,0.5637
1381,3210.035,0.0,0.5637
1382,3211.334,0.0,0.5626
1383,3212.635,0.0,0.5614
1384,3213.937,0.0,0.5602
1385,3215.256,0.0,0.5585
1386,3216.594,0.0,0.5562
1387,3217.931,0.0,0.5538
1388,3219.271,0.0,0.5515
1389,3220.625,0.0,0.5486
1390,3221.984,0.0,0.5459
1391,3223.346,0.0,0.5433
1392,3224.709,0.0,0.5407
1393,3226.082,0.0,0.5384
1394,3227.487,0.0,0.5354
1395,3228.899,0.0,0.5322
1396,3230.311,0.0,0.529
1397,3231.724,0.0,0.5258
1398,3233.136,0.0,0.5226
1399,3234.552,0.0,0.5194
1400,3236.041,0.0,0.517
1401,3237.529,0.0,0.5145
1402,3239.031,0.0,0.5122
1403,3240.578,0.0,0.5101
1404,3242.125,0.0,0.508
1405,3243.672,0.0,0.5059
1406,3245.219,0.0,0.5038
1407,3246.766,0.0,0.5017
1408,3248.319,0.0,0.4997
1409,3249.89,0.0,0.4974
1410,3251.47,0.0,0.4947
1411,3253.051,0.0,0.492
1412,3254.631,0.0,0.4893
1413,3256.212,0.0,0.4866
1414,3257.83,0.0,0.4831
1415,3259.499,0.0,0.4802
1416,3261.183,0.0,0.4776
1417,3262.868,0.0,0.475
1418,3264.553,0.0,0.4723
1419,3266.282,0.0,0.4697
1420,3268.016,0.0,0.4671
1421,3269.789,0.0,0.4645
1422,3271.564,0.0,0.462
1423,3273.34,0.0,0.4595
1424,3275.115,0.0,0.457
1425,3276.909,0.0,0.4542
1426,3278.716,0.0,0.4514
1427,3280.545,0.0,0.4487
1428,3282.373,0.0,0.4461
1429,3284.202,0.0,0.4434
1430,3286.045,0.0,0.4408
1431,3287.967,0.0,0.4392
1432,3289.893,0.0,0.4376
1433,3291.82,0.0,0.4361
1434,3293.746,0.0,0.4345
1435,3295.706,0.0,0.4333
1436,3297.687,0.0,0.4323
1437,3299.669,0.0,0.4314
1438,3301.68,0.0,0.4297
1439,3303.705,0.0,0.4276
1440,3305.731,0.0,0.4256
1441,3307.756,0.0,0.4235
1442,3309.853,0.0,0.4227
1443,3311.965,0.0,0.422
1444,3314.078,0.0,0.4214
1445,3316.232,0.0,0.4205
1446,3318.388,0.0,0.4195
1447,3320.599,0.0,0.4181
1448,3322.809,0.0,0.4167
1449,3325.02,0.0,0.4153
1450,3327.231,0.0,0.4139
1451,3329.441,0.0,0.4125
1452,3331.652,0.0,0.4111
1453,3333.89,0.0,0.4098
1454,3336.199,0.0,0.4088
1455,3338.59,0.0,0.4082
1456,3340.986,0.0,0.4076
1457,3343.382,0.0,0.407
1458,3345.778,0.0,0.4064
1459,3348.174,0.0,0.4058
1460,3350.57,0.0,0.4052
1461,3352.974,0.0,0.4046
1462,3355.412,0.0,0.4039
1463,3357.854,0.0,0.4031
1464,3360.296,0.0,0.4023
1465,3362.739,0.0,0.4015
1466,3365.199,0.0,0.4
1467,3367.663,0.0,0.3984
1468,3370.128,0.0,0.3967
1469,3372.592,0.0,0.3951
1470,3375.087,0.0,0.3935
1471,3377.605,0.0,0.392
1472,3380.124,0.0,0.3905
1473,3382.653,0.0,0.389
1474,3385.248,0.0,0.388
1475,3387.843,0.0,0.387
1476,3390.437,0.0,0.386
1477,3393.057,0.0,0.385
1478,3395.721,0.0,0.3842
1479,3398.385,0.0,0.3833
1480,3401.049,0.0,0.3825
1481,3403.748,0.0,0.3821
1482,3406.447,0.0,0.3818
1483,3409.146,0.0,0.3814
1484,3411.866,0.0,0.3813
1485,3414.602,0.0,0.3812
1486,3417.338,0.0,0.3811
1487,3420.073,0.0,0.3811
1488,3422.809,0.0,0.381
1489,3425.576,0.0,0.381
1490,3428.349,0.0,0.381
1491,3431.122,0.0,0.381
1492,3433.895,0.0,0.381
1493,3436.668,0.0,0.381
1494,3439.462,0.0,0.3804
1495,3442.258,0.0,0.3799
1496,3445.064,0.0,0.3795
1497,3447.875,0.0,0.3791
1498,3450.71,0.0,0.3784
1499,3453.545,0.0,0.3778
1500,3456.381,0.0,0.3771
1501,3459.216,0.0,0.3764
1502,3462.051,0.0,0.3758
1503,3464.904,0.0,0.3753
1504,3467.783,0.0,0.375
1505,3470.662,0.0,0.3747
1506,3473.589,0.0,0.3745
1507,3476.515,0.0,0.3744
1508,3479.441,0.0,0.3743
1509,3482.367,0.0,0.3741
1510,3485.293,0.0,0.374
1511,3488.219,0.0,0.3739
1512,3491.145,0.0,0.3738
1513,3494.079,0.0,0.3736
1514,3497.049,0.0,0.3731
1515,3500.023,0.0,0.3726
1516,3502.997,0.0,0.3721
1517,3505.972,0.0,0.3716
1518,3508.946,0.0,0.3711
1519,3511.92,0.0,0.3706
1520,3514.894,0.0,0.37
1521,3517.88,0.0,0.3696
1522,3520.92,0.0,0.3695
1523,3523.96,0.0,0.3695
1524,3527.0,0.0,0.3694
1525,3530.04,0.0,0.3693
1526,3533.08,0.0,0.3692
1527,3536.131,0.0,0.3691
1528,3539.208,0.0,0.369
1529,3542.298,0.0,0.3688
1530,3545.389,0.0,0.3686
1531,3548.479,0.0,0.3683
1532,3551.569,0.0,0.3681
1533,3554.659,0.0,0.3679
1534,3557.75,0.0,0.3677
1535,3560.84,0.0,0.3675
1536,3563.93,0.0,0.3672
1537,3567.021,0.0,0.367
1538,3570.108,0.0,0.3666
1539,3573.199,0.0,0.3665
1540,3576.29,0.0,0.3664
1541,3579.381,0.0,0.3663
1542,3582.473,0.0,0.3662
1543,3585.651,0.0,0.3659
1544,3588.86,0.0,0.3659
1545,3592.068,0.0,0.3659
1546,3595.276,0.0,0.3659
1547,3598.485,0.0,0.3659
1548,3601.693,0.0,0.3659
1549,3604.902,0.0,0.3659
1550,3608.11,0.0,0.3659
1551,3611.322,0.0,0.3658
1552,3614.538,0.0,0.3658
1553,3617.753,0.0,0.3658
1554,3620.967,0.0,0.3657
1555,3624.181,0.0,0.3657
1556,3627.395,0.0,0.3657
1557,3630.61,0.0,0.3656
1558,3633.834,0.0,0.3656
1559,3637.12,0.0,0.3654
1560,3640.419,0.0,0.3652
1561,3643.717,0.0,0.3649
1562,3647.016,0.0,0.3647
1563,3650.314,0.0,0.3644
1564,3653.638,0.0,0.3642
1565,3656.973,0.0,0.3642
1566,3660.307,0.0,0.3642
1567,3663.642,0.0,0.3642
1568,3666.985,0.0,0.3642
1569,3670.387,0.0,0.3642
1570,3673.789,0.0,0.3642
1571,3677.19,0.0,0.3642
1572,3680.592,0.0,0.3642
1573,3684.006,0.0,0.3642
1574,3687.44,0.0,0.3641
1575,3690.875,0.0,0.364
1576,3694.312,0.0,0.364
1577,3697.758,0.0,0.3639
1578,3701.207,0.0,0.3638
1579,3704.656,0.0,0.3636
1580,3708.105,0.0,0.3634
1581,3711.559,0.0,0.3633
1582,3715.022,0.0,0.3628
1583,3718.488,0.0,0.362
1584,3721.954,0.0,0.3613
1585,3725.42,0.0,0.3606
1586,3728.911,0.0,0.36
1587,3732.437,0.0,0.3599
1588,3735.967,0.0,0.3598
1589,3739.497,0.0,0.3597
1590,3743.028,0.0,0.3596
1591,3746.585,0.0,0.3596
1592,3750.143,0.0,0.3596
1593,3753.703,0.0,0.3595
1594,3757.272,0.0,0.3593
1595,3760.841,0.0,0.3591
1596,3764.41,0.0,0.3588
1597,3767.979,0.0,0.3586
1598,3771.545,0.0,0.3583
1599,3775.11,0.0,0.3577
1600,3778.675,0.0,0.3572
1601,3782.241,0.0,0.3567
1602,3785.818,0.0,0.3562
1603,3789.423,0.0,0.3559
1604,3793.039,0.0,0.3557
1605,3796.656,0.0,0.3555
1606,3800.272,0.0,0.3553
1607,3803.902,0.0,0.3551
1608,3807.555,0.0,0.355
1609,3811.239,0.0,0.3549
1610,3814.923,0.0,0.3548
1611,3818.608,0.0,0.3548
1612,3822.292,0.0,0.3547
1613,3825.976,0.0,0.3547
1614,3829.661,0.0,0.3546
1615,3833.345,0.0,0.3546
1616,3837.03,0.0,0.3545
1617,3840.714,0.0,0.3544
1618,3844.398,0.0,0.3544
1619,3848.083,0.0,0.3543
1620,3851.767,0.0,0.3543
1621,3855.451,0.0,0.3542
1622,3859.136,0.0,0.3542
1623,3862.82,0.0,0.3541
1624,3866.516,0.0,0.354
1625,3870.228,0.0,0.3538
1626,3873.94,0.0,0.3535
1627,3877.654,0.0,0.3533
1628,3881.376,0.0,0.3532
1629,3885.108,0.0,0.3532
1630,3888.847,0.0,0.3532
1631,3892.585,0.0,0.3532
1632,3896.324,0.0,0.3532
1633,3900.062,0.0,0.3532
1634,3903.8,0.0,0.3532
1635,3907.543,0.0,0.3532
1636,3911.294,0.0,0.3532
1637,3915.045,0.0,0.3532
1638,3918.797,0.0,0.3532
1639,3922.548,0.0,0.3532
1640,3926.302,0.0,0.3532
1641,3930.077,0.0,0.3532
1642,3933.856,0.0,0.3533
1643,3937.646,0.0,0.3533
1644,3941.437,0.0,0.3533
1645,3945.232,0.0,0.3533
1646,3949.037,0.0,0.3533
1647,3952.843,0.0,0.3533
1648,3956.648,0.0,0.3533
1649,3960.453,0.0,0.3533
1650,3964.263,0.0,0.3533
1651,3968.077,0.0,0.3533
1652,3971.894,0.0,0.3533
1653,3975.712,0.0,0.3534
1654,3979.53,0.0,0.3535
1655,3983.352,0.0,0.3536
1656,3987.18,0.0,0.3536
1657,3991.011,0.0,0.3536
1658,3994.842,0.0,0.3536
1659,3998.673,0.0,0.3536
1660,4002.504,0.0,0.3536
1661,4006.335,0.0,0.3537
1662,4010.166,0.0,0.3537
1663,4014.008,0.0,0.3537
1664,4017.851,0.0,0.3538
1665,4021.694,0.0,0.3539
1666,4025.537,0.0,0.354
1667,4029.38,0.0,0.3541
1668,4033.222,0.0,0.3541
1669,4037.065,0.0,0.3542
1670,4040.907,0.0,0.3542
1671,4044.75,0.0,0.3543
1672,4048.592,0.0,0.3544
1673,4052.435,0.0,0.3545
1674,4056.278,0.0,0.3546
1675,4060.12,0.0,0.3547
1676,4063.963,0.0,0.3548
1677,4067.805,0.0,0.355
1678,4071.648,0.0,0.3551
1679,4075.49,0.0,0.3553
1680,4079.333,0.0,0.3555
1681,4083.176,0.0,0.3557
1682,4087.018,0.0,0.356
1683,4090.861,0.0,0.3562
1684,4094.703,0.0,0.3564
1685,4098.546,0.0,0.3566
1686,4102.388,0.0,0.3569
1687,4106.231,0.0,0.3572
1688,4110.074,0.0,0.3575
1689,4113.917,0.0,0.3579
1690,4117.761,0.0,0.3582
1691,4121.606,0.0,0.3586
1692,4125.45,0.0,0.359
1693,4129.294,0.0,0.3593
1694,4133.139,0.0,0.3597
1695,4136.983,0.0,0.3601
1696,4140.822,0.0,0.3605
1697,4144.659,0.0,0.3609
1698,4148.494,0.0,0.3613
1699,4152.327,0.0,0.3616
1700,4156.153,0.0,0.362
1701,4159.976,0.0,0.3623
1702,4163.8,0.0,0.3627
1703,4167.623,0.0,0.363
1704,4171.442,0.0,0.3634
1705,4175.249,0.0,0.3638
1706,4179.057,0.0,0.3643
1707,4182.864,0.0,0.3647
1708,4186.656,0.0,0.3651
1709,4190.446,0.0,0.3655
1710,4194.236,0.0,0.3659
1711,4198.026,0.0,0.3663
1712,4201.808,0.0,0.3667
1713,4205.586,0.0,0.367
1714,4209.364,0.0,0.3674
1715,4213.142,0.0,0.3677
1716,4216.916,0.0,0.3681
1717,4220.688,0.0,0.3684
1718,4224.461,0.0,0.3687
1719,4228.235,0.0,0.3691
1720,4232.009,0.0,0.3695
1721,4235.783,0.0,0.3699
1722,4239.558,0.0,0.3704
1723,4243.329,0.0,0.3708
1724,4247.092,0.0,0.3713
1725,4250.852,0.0,0.3718
1726,4254.612,0.0,0.3724
1727,4258.368,0.0,0.3729
1728,4262.111,0.0,0.3735
1729,4265.855,0.0,0.3741
1730,4269.599,0.0,0.3746
1731,4273.343,0.0,0.3752
1732,4277.087,0.0,0.3758
1733,4280.815,0.0,0.3763
1734,4284.541,0.0,0.3767
1735,4288.268,0.0,0.3772
1736,4291.994,0.0,0.3776
1737,4295.703,0.0,0.3779
1738,4299.404,0.0,0.3781
1739,4303.106,0.0,0.3783
1740,4306.805,0.0,0.3784
1741,4310.501,0.0,0.3786
1742,4314.196,0.0,0.3787
1743,4317.888,0.0,0.3789
1744,4321.576,0.0,0.3792
1745,4325.255,0.0,0.3794
1746,4328.926,0.0,0.3796
1747,4332.596,0.0,0.3798
1748,4336.267,0.0,0.38
1749,4339.938,0.0,0.3802
1750,4343.607,0.0,0.3804
1751,4347.274,0.0,0.3807
1752,4350.94,0.0,0.381
1753,4354.607,0.0,0.3813
1754,4358.277,0.0,0.3816
1755,4361.946,0.0,0.382
1756,4365.614,0.0,0.3823
1757,4369.283,0.0,0.3827
1758,4372.951,0.0,0.3831
1759,4376.601,0.0,0.3834
1760,4380.251,0.0,0.3836
1761,4383.901,0.0,0.3839
1762,4387.544,0.0,0.3843
1763,4391.184,0.0,0.3846
1764,4394.823,0.0,0.385
1765,4398.457,0.0,0.3854
1766,4402.092,0.0,0.3858
1767,4405.727,0.0,0.3863
1768,4409.361,0.0,0.3867
1769,4412.989,0.0,0.3871
1770,4416.612,0.0,0.3874
1771,4420.236,0.0,0.3878
1772,4423.86,0.0,0.3881
1773,4427.483,0.0,0.3884
1774,4431.107,0.0,0.3888
1775,4434.73,0.0,0.3891
1776,4438.35,0.0,0.3894
1777,4441.952,0.0,0.3896
1778,4445.551,0.0,0.3898
1779,4449.151,0.0,0.39
1780,4452.75,0.0,0.3901
1781,4456.35,0.0,0.3903
1782,4459.949,0.0,0.3905
1783,4463.534,0.0,0.3905
1784,4467.119,0.0,0.3906
1785,4470.702,0.0,0.3907
1786,4474.274,0.0,0.3908
1787,4477.846,0.0,0.3909
1788,4481.418,0.0,0.391
1789,4484.99,0.0,0.3912
1790,4488.563,0.0,0.3913
1791,4492.13,0.0,0.3914
1792,4495.691,0.0,0.3914
1793,4499.252,0.0,0.3915
1794,4502.812,0.0,0.3916
1795,4506.364,0.0,0.3916
1796,4509.916,0.0,0.3916
1797,4513.469,0.0,0.3917
1798,4517.02,0.0,0.3918
1799,4520.567,0.0,0.3919
1800,4524.114,0.0,0.392
1801,4527.661,0.0,0.3921
1802,4531.206,0.0,0.3922
1803,4534.747,0.0,0.3922
1804,4538.289,0.0,0.3922
1805,4541.83,0.0,0.3922
1806,4545.371,0.0,0.3922
1807,4548.913,0.0,0.3922
1808,4552.454,0.0,0.3922
1809,4555.996,0.0,0.3922
1810,4559.537,0.0,0.3922
1811,4563.08,0.0,0.3922
1812,4566.621,0.0,0.3922
1813,4570.162,0.0,0.3923
1814,4573.699,0.0,0.3924
1815,4577.225,0.0,0.3926
1816,4580.747,0.0,0.3934
1817,4584.26,0.0,0.3935
1818,4587.773,0.0,0.3935
1819,4591.281,0.0,0.3936
1820,4594.784,0.0,0.3936
1821,4598.287,0.0,0.3936
1822,4601.791,0.0,0.3936
1823,4605.294,0.0,0.3936
1824,4608.804,0.0,0.3936
1825,4612.315,0.0,0.3936
1826,4615.826,0.0,0.3937
1827,4619.338,0.0,0.3937
1828,4622.864,0.0,0.3938
1829,4626.391,0.0,0.394
1830,4629.89,0.0,0.3965
1831,4633.389,0.0,0.399
1832,4636.888,0.0,0.4016
1833,4640.387,0.0,0.4041
1834,4643.851,0.0,0.4066
1835,4647.161,0.0,0.4092
1836,4650.471,0.0,0.4118
1837,4653.781,0.0,0.4144
1838,4657.015,0.0,0.4269
1839,4659.847,0.0,0.4297
1840,4662.655,0.0,0.4297
1841,4665.462,0.0,0.4297
1842,4668.27,0.0,0.4298
1843,4670.934,0.0,0.4298
1844,4673.499,0.0,0.4299
1845,4675.982,0.0,0.4304
1846,4678.415,0.0,0.4311
1847,4680.848,0.0,0.4318
1848,4683.111,0.0,0.4325
1849,4685.329,0.0,0.4331
1850,4687.547,0.0,0.4338
1851,4689.766,0.0,0.4344
1852,4691.984,0.0,0.435
1853,4694.121,0.0,0.4371
1854,4696.178,0.0,0.4406
1855,4698.149,0.0,0.4475
1856,4700.12,0.0,0.4544
1857,4701.995,0.0,0.4621
1858,4703.823,0.0,0.4702
1859,4705.652,0.0,0.4783
1860,4707.423,0.0,0.4864
1861,4709.034,0.0,0.4945
1862,4710.645,0.0,0.5026
1863,4712.257,0.0,0.5107
1864,4713.868,0.0,0.5188
1865,4715.429,0.0,0.5271
1866,4716.943,0.0,0.5356
1867,4718.457,0.0,0.5441
1868,4719.945,0.0,0.554
1869,4721.416,0.0,0.5648
1870,4722.887,0.0,0.5757
1871,4724.358,0.0,0.5866
1872,4725.678,0.0,0.5957
1873,4726.951,0.0,0.6045
1874,4728.224,0.0,0.6132
1875,4729.497,0.0,0.622
1876,4730.77,0.0,0.6307
1877,4731.96,0.0,0.6374
1878,4733.116,0.0,0.6446
1879,4734.251,0.0,0.6521
1880,4735.385,0.0,0.6597
1881,4736.519,0.0,0.6672
1882,4737.654,0.0,0.6748
1883,4738.797,0.0,0.6834
1884,4739.952,0.0,0.6933
1885,4741.128,0.0,0.7061
1886,4742.305,0.0,0.7188
1887,4743.481,0.0,0.7316
1888,4744.657,0.0,0.7443
1889,4745.765,0.0,0.7553
1890,4746.873,0.0,0.7663
1891,4747.981,0.0,0.7773
1892,4749.02,0.0,0.7853
1893,4750.01,0.0,0.7912
1894,4750.986,0.0,0.7967
1895,4751.919,0.0,0.8009
1896,4752.851,0.0,0.8051
1897,4753.774,0.0,0.8085
1898,4754.693,0.0,0.8117
1899,4755.606,0.0,0.812
1900,4756.517,0.0,0.812
1901,4757.429,0.0,0.812
1902,4758.342,0.0,0.812
1903,4759.262,0.0,0.812
1904,4760.18,0.0,0.812
1905,4761.089,0.0,0.812
1906,4761.988,0.0,0.812
1907,4762.845,0.0,0.8121
1908,4763.701,0.0,0.8121
1909,4764.558,0.0,0.8121
1910,4765.414,0.0,0.8121
1911,4766.249,0.0,0.8121
1912,4767.05,0.0,0.8121
1913,4767.851,0.0,0.8121
1914,4768.652,0.0,0.8121
1915,4769.446,0.0,0.8121
1916,4770.235,0.0,0.8121
1917,4771.023,0.0,0.8121
1918,4771.811,0.0,0.8121
1919,4772.599,0.0,0.8121
1920,4773.386,0.0,0.8121
1921,4774.174,0.0,0.8121
1922,4774.958,0.0,0.8092
1923,4775.744,0.0,0.8022
1924,4776.531,0.0,0.7952
1925,4777.318,0.0,0.7882
1926,4778.105,0.0,0.7812
1927,4778.896,0.0,0.7742
1928,4779.755,0.0,0.7685
1929,4780.666,0.0,0.7629
1930,4781.577,0.0,0.7572
1931,4782.488,0.0,0.7516
1932,4783.399,0.0,0.7459
1933,4784.311,0.0,0.7403
1934,4785.221,0.0,0.7339
1935,4786.129,0.0,0.7261
1936,4787.037,0.0,0.7182
1937,4787.944,0.0,0.7103
1938,4788.835,0.0,0.7001
1939,4789.732,0.0,0.69
1940,4790.634,0.0,0.68
1941,4791.536,0.0,0.6699
1942,4792.437,0.0,0.6598
1943,4793.466,0.0,0.6525
1944,4794.542,0.0,0.6462
1945,4795.619,0.0,0.64
1946,4796.695,0.0,0.6337
1947,4797.801,0.0,0.6253
1948,4798.912,0.0,0.6167
1949,4800.023,0.0,0.6081
1950,4801.134,0.0,0.5994
1951,4802.251,0.0,0.5906
1952,4803.443,0.0,0.5797
1953,4804.636,0.0,0.5689
1954,4805.828,0.0,0.558
1955,4807.02,0.0,0.5472
1956,4808.212,0.0,0.5363
1957,4809.464,0.0,0.5263
1958,4810.852,0.0,0.5182
1959,4812.24,0.0,0.5101
1960,4813.628,0.0,0.5019
1961,4815.019,0.0,0.4938
1962,4816.522,0.0,0.4877
1963,4818.025,0.0,0.4815
1964,4819.528,0.0,0.4754
1965,4821.023,0.0,0.4686
1966,4822.484,0.0,0.4594
1967,4823.945,0.0,0.4502
1968,4825.379,0.0,0.4395
1969,4826.802,0.0,0.4283
1970,4828.243,0.0,0.4169
1971,4829.712,0.0,0.4052
1972,4831.181,0.0,0.3936
1973,4832.824,0.0,0.3882
1974,4834.482,0.0,0.3834
1975,4836.14,0.0,0.3786
1976,4837.798,0.0,0.3737
1977,4839.593,0.0,0.3722
1978,4841.454,0.0,0.3722
1979,4843.315,0.0,0.3722
1980,4845.177,0.0,0.3722
1981,4847.038,0.0,0.3722
1982,4848.9,0.0,0.3722
1983,4850.833,0.0,0.3722
1984,4852.812,0.0,0.3722
1985,4854.792,0.0,0.3722
1986,4856.771,0.0,0.3722
1987,4858.75,0.0,0.3722
1988,4860.798,0.0,0.3722
1989,4862.976,0.0,0.3722
1990,4865.192,0.0,0.3722
1991,4867.408,0.0,0.3722
1992,4869.624,0.0,0.3722
1993,4871.84,0.0,0.3722
1994,4874.121,0.0,0.3723
1995,4876.412,0.0,0.3723
1996,4878.704,0.0,0.3723
1997,4880.996,0.0,0.3723
1998,4883.287,0.0,0.3723
1999,4885.571,0.0,0.3743
2000,4887.855,0.0,0.3762
2001,4890.139,0.0,0.3782
2002,4892.423,0.0,0.3801
2003,4894.708,0.0,0.3821
2004,4897.087,0.0,0.3829
2005,4899.565,0.0,0.383
2006,4902.044,0.0,0.3831
2007,4904.522,0.0,0.3833
2008,4907.001,0.0,0.3834
2009,4909.51,0.0,0.3836
2010,4912.047,0.0,0.3839
2011,4914.58,0.0,0.3842
2012,4917.113,0.0,0.3844
2013,4919.647,0.0,0.3845
2014,4922.182,0.0,0.3845
2015,4924.717,0.0,0.3846
2016,4927.299,0.0,0.3858
2017,4929.917,0.0,0.3871
2018,4932.572,0.0,0.3876
2019,4935.228,0.0,0.3882
2020,4937.884,0.0,0.3888
2021,4940.586,0.0,0.3891
2022,4943.292,0.0,0.3894
2023,4945.997,0.0,0.3897
2024,4948.702,0.0,0.39
2025,4951.43,0.0,0.3903
2026,4954.168,0.0,0.3906
2027,4956.906,0.0,0.391
2028,4959.65,0.0,0.3912
2029,4962.408,0.0,0.3912
2030,4965.167,0.0,0.3913
2031,4967.925,0.0,0.3913
2032,4970.694,0.0,0.392
2033,4973.475,0.0,0.3935
2034,4976.27,0.0,0.3952
2035,4979.077,0.0,0.3972
2036,4981.885,0.0,0.3993
2037,4984.693,0.0,0.4013
2038,4987.517,0.0,0.4034
2039,4990.363,0.0,0.4047
2040,4993.215,0.0,0.4056
2041,4996.067,0.0,0.4065
2042,4998.931,0.0,0.4072
2043,5001.813,0.0,0.4077
2044,5004.696,0.0,0.4082
2045,5007.578,0.0,0.4086
2046,5010.469,0.0,0.4088
2047,5013.386,0.0,0.4088
2048,5016.302,0.0,0.4088
2049,5019.219,0.0,0.4088
2050,5022.135,0.0,0.4088
2051,5025.052,0.0,0.4088
2052,5027.969,0.0,0.4089
2053,5030.89,0.0,0.4089
2054,5033.82,0.0,0.4089
2055,5036.762,0.0,0.4089
2056,5039.705,0.0,0.4089
2057,5042.648,0.0,0.4089
2058,5045.591,0.0,0.4089
2059,5048.532,0.0,0.4089
2060,5051.473,0.0,0.4089
2061,5054.414,0.0,0.4089
2062,5057.355,0.0,0.4089
2063,5060.12,0.0,0.4076
2064,5062.817,0.0,0.4056
2065,5065.513,0.0,0.4036
2066,5068.21,0.0,0.4017
2067,5070.907,0.0,0.3997
2068,5073.436,0.0,0.3995
2069,5075.82,0.0,0.3995
2070,5078.203,0.0,0.3995
2071,5080.586,0.0,0.3995
2072,5082.959,0.0,0.3995
2073,5085.241,0.0,0.3995
2074,5087.523,0.0,0.3995
2075,5089.779,0.0,0.3996
2076,5091.973,0.0,0.3996
2077,5094.112,0.0,0.3996
2078,5096.126,0.0,0.3996
2079,5098.141,0.0,0.3996
2080,5100.155,0.0,0.3996
2081,5102.17,0.0,0.3996
2082,5104.184,0.0,0.3996
2083,5106.199,0.0,0.3996
2084,5108.187,0.0,0.3996
2085,5110.162,0.0,0.3996
2086,5112.137,0.0,0.3996
2087,5114.138,0.0,0.3996
2088,5116.151,0.0,0.3996
2089,5118.163,0.0,0.3996
2090,5120.176,0.0,0.3996
2091,5122.161,0.0,0.4004
2092,5124.144,0.0,0.4012
2093,5126.072,0.0,0.4013
2094,5127.997,0.0,0.4013
2095,5129.917,0.0,0.4013
2096,5131.805,0.0,0.4013
2097,5133.69,0.0,0.4013
2098,5135.553,0.0,0.4013
2099,5137.417,0.0,0.4013
2100,5139.28,0.0,0.4013
2101,5141.137,0.0,0.4013
2102,5142.981,0.0,0.4013
2103,5144.811,0.0,0.4013
2104,5146.64,0.0,0.4013
2105,5148.469,0.0,0.4014
2106,5150.316,0.0,0.4014
2107,5152.162,0.0,0.4014
2108,5154.009,0.0,0.4014
2109,5155.855,0.0,0.4014
2110,5157.744,0.0,0.4006
2111,5159.651,0.0,0.3994
2112,5161.559,0.0,0.3982
2113,5163.467,0.0,0.397
2114,5165.374,0.0,0.3957
2115,5167.292,0.0,0.3937
2116,5169.245,0.0,0.3909
2117,5171.201,0.0,0.3881
2118,5173.157,0.0,0.3854
2119,5175.113,0.0,0.3826
2120,5177.075,0.0,0.3798
2121,5179.107,0.0,0.3771
2122,5181.14,0.0,0.3744
2123,5183.184,0.0,0.3716
2124,5185.26,0.0,0.3687
2125,5187.337,0.0,0.3657
2126,5189.413,0.0,0.3628
2127,5191.49,0.0,0.3598
2128,5193.56,0.0,0.3566
2129,5195.622,0.0,0.3527
2130,5197.681,0.0,0.3487
2131,5199.74,0.0,0.3447
2132,5201.802,0.0,0.3406
2133,5203.865,0.0,0.3363
2134,5205.928,0.0,0.332
2135,5207.992,0.0,0.3277
2136,5210.055,0.0,0.3233
2137,5212.107,0.0,0.3185
2138,5214.161,0.0,0.3127
2139,5216.221,0.0,0.3068
2140,5218.281,0.0,0.301
2141,5220.341,0.0,0.2952
2142,5222.402,0.0,0.2894
2143,5224.462,0.0,0.2835
2144,5226.547,0.0,0.2782
2145,5228.92,0.0,0.2779
2146,5231.351,0.0,0.2776
2147,5233.974,0.0,0.2769
2148,5236.596,0.0,0.2762
2149,5239.219,0.0,0.2755
2150,5241.842,0.0,0.2748
2151,5244.465,0.0,0.2741
2152,5247.088,0.0,0.2733
2153,5249.699,0.0,0.2723
2154,5252.255,0.0,0.2714
2155,5254.811,0.0,0.2706
2156,5257.368,0.0,0.2698
2157,5259.937,0.0,0.2686
2158,5262.514,0.0,0.2673
2159,5265.09,0.0,0.2659
2160,5267.666,0.0,0.2646
2161,5270.242,0.0,0.2633
2162,5272.949,0.0,0.263
2163,5275.684,0.0,0.2629
2164,5278.42,0.0,0.2629
2165,5281.155,0.0,0.2628
2166,5283.924,0.0,0.2628
2167,5286.72,0.0,0.2628
2168,5289.517,0.0,0.2628
2169,5292.314,0.0,0.2628
2170,5295.106,0.0,0.2626
2171,5297.878,0.0,0.2618
2172,5300.65,0.0,0.2609
2173,5303.414,0.0,0.2607
2174,5306.176,0.0,0.2606
2175,5308.938,0.0,0.2605
2176,5311.701,0.0,0.2599
2177,5314.466,0.0,0.2584
2178,5317.233,0.0,0.2567
2179,5320.0,0.0,0.255
2180,5322.767,0.0,0.2531
2181,5325.533,0.0,0.2511
2182,5328.299,0.0,0.2491
2183,5331.065,0.0,0.2471
2184,5333.832,0.0,0.2451
2185,5336.598,0.0,0.2431
2186,5339.364,0.0,0.2411
2187,5342.131,0.0,0.2391
2188,5344.896,0.0,0.2368
2189,5347.662,0.0,0.2345
2190,5350.429,0.0,0.2323
2191,5353.195,0.0,0.23
2192,5355.961,0.0,0.2277
2193,5358.742,0.0,0.2256
2194,5361.613,0.0,0.2247
2195,5364.484,0.0,0.2238
2196,5367.42,0.0,0.2236
2197,5370.374,0.0,0.2235
2198,5373.327,0.0,0.2234
2199,5376.281,0.0,0.2232
2200,5379.235,0.0,0.2231
2201,5382.198,0.0,0.223
2202,5385.172,0.0,0.2229
2203,5388.147,0.0,0.2227
2204,5391.121,0.0,0.2225
2205,5394.096,0.0,0.2224
2206,5397.07,0.0,0.2222
2207,5400.045,0.0,0.2221
2208,5403.03,0.0,0.222
2209,5406.017,0.0,0.222
