frame,time_s,distance,speed,throttle,brake,gear,rpm,ers_deploy
0,0.0,0.0,306.0,100.0,0.0,8,10600,0
1,0.16,13.667,309.0,100.0,0.0,8,10685,0
2,0.359,30.83,312.0,100.0,0.0,8,10755,0
3,0.519,44.742,314.0,100.0,0.0,8,10802,0
4,0.679,58.764,317.0,100.0,0.0,8,10943,0
5,0.879,76.43,319.0,100.0,0.0,8,11048,0
6,1.159,101.397,323.0,100.0,0.0,8,11156,0
7,1.359,119.397,325.0,100.0,0.0,8,11200,0
8,1.559,137.48,326.0,100.0,0.0,8,11288,0
9,1.759,155.703,330.0,100.0,0.0,8,11361,0
10,2.0,177.828,331.0,100.0,0.0,8,11411,0
11,2.48,222.294,336.0,100.0,0.0,8,11575,0
12,2.68,240.961,336.0,100.0,0.0,8,11588,0
13,2.84,255.917,337.0,100.0,0.0,8,11581,0
14,3.08,278.417,338.0,100.0,0.0,8,11673,0
15,3.24,293.461,339.0,100.0,0.0,8,11686,0
16,3.4,308.528,339.0,100.0,0.0,8,11682,0
17,3.6,327.389,340.0,100.0,0.0,8,11674,0
18,3.76,342.5,340.0,100.0,0.0,8,11697,0
19,4.04,368.983,341.0,100.0,0.0,8,11720,0
20,4.24,387.928,341.0,100.0,0.0,8,11741,0
21,4.48,410.628,340.0,100.0,0.0,8,11685,0
22,4.68,429.517,340.0,100.0,0.0,8,11711,0
23,4.84,444.628,340.0,100.0,0.0,8,11671,0
24,5.12,470.994,338.0,100.0,0.0,8,11565,0
25,5.36,493.494,337.0,100.0,0.0,8,11583,0
26,5.56,512.161,335.0,100.0,0.0,8,11543,0
27,5.88,541.85,333.0,100.0,0.0,8,11401,0
28,6.04,556.628,332.0,100.0,0.0,8,11358,0
29,6.36,586.094,331.0,100.0,0.0,8,10992,0
30,6.56,604.344,326.0,100.0,0.0,8,11211,0
31,6.72,618.744,322.0,100.0,0.0,8,11043,0
32,7.0,643.633,318.0,100.0,0.0,8,10835,0
33,7.199,661.101,314.0,100.0,0.0,8,10742,0
34,7.439,681.868,309.0,100.0,0.0,8,10575,0
35,7.599,695.446,302.0,20.0,100.0,8,10414,0
36,7.879,717.34,261.0,0.0,100.0,8,8956,0
37,8.199,738.94,225.0,0.0,100.0,8,9609,0
38,8.48,755.449,198.0,0.0,100.0,8,9618,0
39,8.68,766.143,187.0,0.0,100.0,8,10878,0
40,9.04,784.043,171.0,0.0,100.0,6,11566,0
41,9.48,804.21,159.0,1.0,0.0,3,10798,0
42,9.88,821.377,150.0,24.0,0.0,3,10522,0
43,10.12,831.41,151.0,42.0,0.0,3,10679,0
44,10.56,850.049,154.0,62.0,0.0,3,11010,0
45,10.92,866.149,168.0,86.0,0.0,3,11580,0
46,11.28,883.349,176.0,51.0,0.0,4,10480,0
47,11.48,893.182,178.0,56.0,0.0,4,10665,0
48,11.64,901.138,180.0,63.0,0.0,4,10835,0
49,11.92,915.254,183.0,70.0,0.0,4,11077,0
50,12.12,925.588,189.0,78.0,0.0,4,11331,0
51,12.36,938.354,194.0,100.0,0.0,4,11657,0
52,12.8,962.677,204.0,100.0,0.0,5,10470,0
53,13.04,976.577,213.0,100.0,0.0,5,10882,0
54,13.24,988.521,217.0,100.0,0.0,5,11073,0
55,13.48,1003.188,223.0,100.0,0.0,5,11231,0
56,13.76,1020.688,227.0,100.0,0.0,5,11524,0
57,13.999,1035.824,229.0,100.0,0.0,5,11621,0
58,14.199,1048.63,232.0,100.0,0.0,5,11018,0
59,14.479,1066.791,235.0,72.0,0.0,6,10604,0
60,14.879,1093.013,237.0,69.0,0.0,6,10699,0
61,15.24,1116.829,238.0,68.0,0.0,6,10672,0
62,15.64,1143.385,240.0,82.0,0.0,6,10838,0
63,15.88,1159.485,243.0,88.0,0.0,6,11003,0
64,16.04,1170.351,246.0,100.0,0.0,6,11158,0
65,16.24,1184.129,250.0,100.0,0.0,6,11224,0
66,16.48,1200.896,253.0,100.0,0.0,6,11369,0
67,16.72,1217.896,257.0,100.0,0.0,6,11548,0
68,16.88,1229.318,257.0,100.0,0.0,6,11633,0
69,17.04,1240.851,262.0,100.0,0.0,6,11392,0
70,17.2,1252.518,263.0,100.0,0.0,6,10344,0
71,17.4,1267.212,266.0,100.0,0.0,7,10373,0
72,17.64,1285.046,269.0,100.0,0.0,7,10504,0
73,17.88,1303.012,270.0,100.0,0.0,7,10487,0
74,18.12,1321.112,273.0,100.0,0.0,7,10618,0
75,18.4,1342.424,275.0,100.0,0.0,7,10683,0
76,18.6,1357.729,276.0,100.0,0.0,7,10733,0
77,18.88,1379.351,280.0,100.0,0.0,7,10870,0
78,19.12,1398.151,284.0,100.0,0.0,7,11010,0
79,19.36,1417.151,286.0,100.0,0.0,7,11040,0
80,19.64,1439.435,287.0,100.0,0.0,7,11128,0
81,19.96,1465.035,289.0,100.0,0.0,7,11176,0
82,20.16,1481.118,290.0,100.0,0.0,7,11145,0
83,20.4,1500.385,288.0,100.0,0.0,7,11279,0
84,20.679,1522.55,284.0,100.0,0.0,7,10846,0
85,21.119,1556.772,276.0,100.0,0.0,7,10592,0
86,22.16,1625.304,198.0,0.0,100.0,7,10879,0
87,22.36,1635.999,187.0,0.0,100.0,6,10767,0
88,22.68,1652.088,175.0,0.0,100.0,4,10124,0
89,23.0,1667.243,166.0,0.0,100.0,4,9474,0
90,23.16,1674.51,161.0,0.0,100.0,4,9213,0
91,23.36,1683.343,157.0,0.0,0.0,4,9008,0
92,23.56,1691.982,154.0,1.0,0.0,4,8782,0
93,23.92,1707.032,147.0,27.0,0.0,4,8881,0
94,24.32,1723.643,152.0,51.0,0.0,4,9225,0
95,24.52,1732.171,155.0,55.0,0.0,4,9516,0
96,24.8,1744.304,157.0,59.0,0.0,4,9650,0
97,25.16,1760.554,168.0,70.0,0.0,4,10168,0
98,25.36,1770.054,174.0,78.0,0.0,4,10628,0
99,25.8,1792.116,187.0,100.0,0.0,4,11258,0
100,25.96,1800.582,194.0,100.0,0.0,4,11580,0
101,26.16,1811.499,199.0,100.0,0.0,4,11978,0
102,26.6,1836.493,210.0,100.0,0.0,5,10765,0
103,27.0,1860.327,219.0,100.0,0.0,5,11155,0
104,27.359,1882.515,226.0,100.0,0.0,5,11442,0
105,27.839,1913.248,235.0,100.0,0.0,6,10456,0
106,27.999,1923.715,236.0,100.0,0.0,6,10556,0
107,28.4,1950.003,236.0,100.0,0.0,6,10393,0
108,28.6,1963.03,233.0,100.0,0.0,6,10426,0
109,28.76,1973.297,229.0,100.0,0.0,6,10158,0
110,29.04,1990.642,217.0,0.0,100.0,6,9608,0
111,29.44,2012.364,174.0,0.0,100.0,6,9483,0
112,29.6,2019.897,165.0,0.0,100.0,6,10460,0
113,30.04,2038.353,137.0,0.0,100.0,5,11552,0
114,30.48,2054.486,127.0,0.0,100.0,2,10577,0
115,30.64,2060.042,123.0,0.0,100.0,2,10273,0
116,30.84,2066.792,120.0,0.0,0.0,2,10062,0
117,31.2,2078.592,116.0,0.0,100.0,2,9695,0
118,31.4,2084.953,113.0,0.0,0.0,2,9322,0
119,31.68,2093.508,107.0,0.0,0.0,2,9035,0
120,32.08,2105.175,103.0,19.0,0.0,2,9013,0
121,32.4,2114.464,106.0,39.0,0.0,2,9446,0
122,32.64,2121.764,113.0,50.0,0.0,2,10041,0
123,32.88,2129.497,119.0,58.0,0.0,2,10666,0
124,33.04,2134.942,126.0,67.0,0.0,2,11251,0
125,33.4,2148.192,139.0,75.0,0.0,2,11491,0
126,33.72,2161.436,159.0,100.0,0.0,3,11392,0
127,33.88,2168.636,165.0,100.0,0.0,3,11914,0
128,34.159,2181.811,175.0,100.0,0.0,3,10898,0
129,34.399,2193.978,190.0,100.0,0.0,4,11493,0
130,34.559,2202.6,198.0,100.0,0.0,4,11356,0
131,34.72,2211.634,206.0,100.0,0.0,4,10506,0
132,34.92,2223.3,214.0,100.0,0.0,5,10881,0
133,35.2,2240.217,221.0,100.0,0.0,5,11267,0
134,35.4,2252.662,227.0,100.0,0.0,5,11511,0
135,35.84,2281.323,242.0,100.0,0.0,6,10796,0
136,36.0,2292.123,244.0,100.0,0.0,6,10910,0
137,36.24,2308.589,250.0,100.0,0.0,6,11215,0
138,36.6,2333.839,255.0,100.0,0.0,6,11407,0
139,37.12,2371.178,262.0,100.0,0.0,6,11579,0
140,37.4,2391.595,263.0,100.0,0.0,6,11724,0
141,37.68,2412.05,263.0,100.0,0.0,6,11624,0
142,37.84,2423.739,263.0,0.0,100.0,6,11001,0
143,38.08,2439.739,217.0,0.0,100.0,6,10721,0
144,38.44,2460.539,199.0,0.0,100.0,4,11264,0
145,38.6,2468.939,179.0,0.0,100.0,4,11949,0
146,38.96,2486.189,166.0,0.0,100.0,3,11323,0
147,39.2,2497.123,162.0,0.0,100.0,3,10983,0
148,39.4,2505.984,157.0,0.0,0.0,3,10700,0
149,39.6,2514.567,152.0,9.0,0.0,3,10494,0
150,39.84,2524.567,148.0,37.0,0.0,3,10506,0
151,40.12,2536.156,150.0,48.0,0.0,3,10753,0
152,40.36,2546.289,154.0,64.0,0.0,3,11143,0
153,40.64,2558.617,163.0,89.0,0.0,3,11933,0
154,40.799,2565.905,167.0,100.0,0.0,3,11233,0
155,40.959,2573.549,177.0,100.0,0.0,3,10946,0
156,41.239,2587.86,191.0,100.0,0.0,4,11590,0
157,41.4,2596.469,194.0,100.0,0.0,4,11824,0
158,41.64,2609.769,205.0,100.0,0.0,5,10621,0
159,42.08,2635.619,218.0,100.0,0.0,5,11095,0
160,42.32,2650.386,225.0,100.0,0.0,5,11253,0
161,42.6,2668.08,230.0,100.0,0.0,6,10316,0
162,42.84,2683.647,237.0,100.0,0.0,6,10566,0
163,43.04,2696.925,241.0,100.0,0.0,6,10728,0
164,43.36,2718.569,246.0,100.0,0.0,6,10964,0
165,43.64,2737.858,250.0,100.0,0.0,6,11150,0
166,43.88,2754.625,253.0,100.0,0.0,6,11239,0
167,44.08,2768.736,255.0,100.0,0.0,6,11371,0
168,44.24,2780.091,256.0,100.0,0.0,6,11385,0
169,44.48,2797.125,255.0,87.0,0.0,6,11342,0
170,44.72,2814.025,252.0,54.0,0.0,6,11255,0
171,44.92,2827.969,250.0,52.0,0.0,6,11103,0
172,45.24,2849.969,245.0,54.0,0.0,6,10985,0
173,45.64,2877.08,243.0,74.0,0.0,6,10933,0
174,45.88,2893.347,245.0,100.0,0.0,6,11073,0
175,46.36,2926.48,252.0,100.0,0.0,6,11416,0
176,46.72,2952.03,259.0,100.0,0.0,6,10652,0
177,47.08,2978.18,264.0,100.0,0.0,7,10340,0
178,47.4,3001.914,270.0,100.0,0.0,7,10897,0
179,47.799,3032.282,278.0,100.0,0.0,7,10735,0
180,48.2,3063.638,285.0,100.0,0.0,7,11083,0
181,48.48,3085.999,290.0,100.0,0.0,7,11204,0
182,48.76,3108.671,293.0,100.0,0.0,7,11379,0
183,49.04,3131.577,296.0,100.0,0.0,7,11457,0
184,49.4,3161.277,298.0,100.0,0.0,7,11561,0
185,49.56,3174.566,300.0,100.0,0.0,7,11585,0
186,49.76,3191.26,301.0,100.0,0.0,7,11602,0
187,50.08,3218.105,303.0,100.0,0.0,7,11664,0
188,50.32,3238.271,302.0,100.0,0.0,7,11638,0
189,50.48,3251.693,302.0,100.0,0.0,7,11620,0
190,50.8,3278.493,301.0,100.0,0.0,7,11561,0
191,51.16,3308.443,298.0,100.0,0.0,7,11393,0
192,51.48,3333.821,273.0,0.0,100.0,7,10202,0
193,51.8,3356.31,233.0,0.0,100.0,7,8830,0
194,52.16,3377.66,194.0,0.0,100.0,7,10050,0
195,52.48,3393.971,173.0,0.0,100.0,7,10845,0
196,52.64,3401.416,162.0,0.0,100.0,6,11198,0
197,52.92,3413.51,149.0,0.0,100.0,4,10287,0
198,53.32,3429.455,138.0,0.0,100.0,3,9341,0
199,53.6,3439.955,132.0,0.0,100.0,3,8960,0
200,53.84,3448.621,128.0,0.0,0.0,3,8669,0
201,54.0,3454.221,124.0,0.0,0.0,3,8575,0
202,54.359,3466.288,118.0,0.0,0.0,3,8159,0
203,54.6,3474.12,116.0,0.0,0.0,3,8784,0
204,54.84,3481.72,112.0,15.0,0.0,2,9805,0
205,55.72,3510.442,123.0,51.0,0.0,2,10872,0
206,56.04,3521.776,132.0,67.0,0.0,2,11703,0
207,56.32,3532.47,143.0,69.0,0.0,2,11177,0
208,56.6,3543.865,150.0,74.0,0.0,3,10881,0
209,56.8,3552.42,158.0,82.0,0.0,3,11426,0
210,57.04,3563.187,165.0,100.0,0.0,3,12012,0
211,57.32,3576.526,178.0,100.0,0.0,3,11091,0
212,57.56,3588.592,184.0,100.0,0.0,4,11005,0
213,57.84,3603.137,190.0,100.0,0.0,4,11326,0
214,58.0,3611.67,194.0,100.0,0.0,4,11525,0
215,58.16,3620.381,198.0,100.0,0.0,4,11751,0
216,58.44,3635.976,203.0,100.0,0.0,4,12000,0
217,58.68,3649.442,201.0,19.0,100.0,4,11447,0
218,59.04,3668.592,182.0,0.0,100.0,4,10493,0
219,59.24,3678.37,170.0,0.0,100.0,4,10359,0
220,59.44,3687.509,159.0,0.0,100.0,3,10836,0
221,59.92,3707.509,141.0,0.0,100.0,3,9572,0
222,60.12,3715.203,136.0,0.0,0.0,3,9287,0
223,60.52,3729.926,129.0,0.0,0.0,3,8954,0
224,60.72,3737.037,127.0,0.0,0.0,3,8837,0
225,60.88,3742.659,126.0,0.0,0.0,3,8708,0
226,61.08,3749.603,124.0,0.0,0.0,3,8531,0
227,61.36,3759.092,120.0,18.0,0.0,3,8556,0
228,61.64,3768.465,121.0,35.0,0.0,3,8793,0
229,61.84,3775.27,124.0,43.0,0.0,3,9075,0
230,62.12,3785.109,129.0,46.0,0.0,3,9429,0
231,62.48,3798.359,136.0,56.0,0.0,3,10065,0
232,62.76,3809.248,144.0,68.0,0.0,3,10551,0
233,63.0,3819.081,151.0,72.0,0.0,3,11096,0
234,63.2,3827.692,159.0,86.0,0.0,3,11750,0
235,63.36,3834.937,167.0,100.0,0.0,3,12309,0
236,63.52,3842.47,172.0,100.0,0.0,3,12583,0
237,63.8,3856.353,185.0,100.0,0.0,4,11292,0
238,64.04,3869.153,199.0,100.0,0.0,4,11676,0
239,64.36,3887.376,211.0,100.0,0.0,5,10855,0
240,64.56,3899.292,218.0,100.0,0.0,5,11426,0
241,64.88,3919.115,228.0,100.0,0.0,5,11427,0
242,65.04,3929.248,228.0,100.0,0.0,5,11427,0
243,65.24,3941.915,228.0,100.0,0.0,5,10447,0
244,65.4,3952.048,228.0,100.0,0.0,5,10413,0
245,65.6,3965.242,247.0,100.0,0.0,5,11104,0
246,65.92,3987.509,254.0,100.0,0.0,6,11402,0
247,66.32,4015.953,258.0,100.0,0.0,6,11630,0
248,66.56,4033.153,258.0,100.0,0.0,6,11598,0
249,66.76,4047.542,260.0,100.0,0.0,6,11597,0
250,66.96,4062.015,261.0,100.0,0.0,6,11669,0
251,67.12,4073.592,260.0,100.0,0.0,6,11672,0
252,67.36,4090.959,261.0,100.0,0.0,6,11679,0
253,67.601,4108.465,262.0,100.0,0.0,6,11707,0
254,68.0,4137.559,263.0,100.0,0.0,6,11650,0
255,68.4,4166.781,263.0,100.0,0.0,6,11643,0
256,68.8,4196.003,263.0,100.0,0.0,6,11652,0
257,69.0,4210.614,263.0,100.0,0.0,6,11646,0
258,69.16,4222.281,262.0,100.0,0.0,6,11664,0
259,69.32,4233.925,262.0,100.0,0.0,6,11569,0
260,69.56,4251.259,258.0,58.0,0.0,6,11485,0
261,69.76,4265.564,257.0,57.0,0.0,6,11421,0
262,70.0,4282.631,255.0,59.0,0.0,6,11359,0
263,70.28,4302.387,253.0,72.0,0.0,6,11321,0
264,70.48,4316.442,253.0,99.0,0.0,6,11377,0
265,70.76,4336.237,256.0,100.0,0.0,6,11500,0
266,71.04,4356.303,260.0,100.0,0.0,6,11645,0
267,71.32,4376.525,260.0,100.0,0.0,6,11719,0
268,71.6,4396.903,264.0,100.0,0.0,6,10264,0
269,71.8,4411.653,267.0,100.0,0.0,7,10333,0
270,71.96,4423.52,267.0,100.0,0.0,7,10333,0
271,72.2,4441.353,268.0,100.0,0.0,7,10553,0
272,72.48,4462.431,274.0,100.0,0.0,7,10635,0
273,72.92,4496.287,280.0,100.0,0.0,7,10872,0
274,73.24,4521.309,283.0,100.0,0.0,7,10927,0
275,73.56,4546.598,286.0,100.0,0.0,7,11063,0
276,73.76,4562.487,286.0,100.0,0.0,7,11044,0
277,73.92,4575.22,287.0,100.0,0.0,7,11105,0
278,74.08,4587.975,287.0,100.0,0.0,7,11115,0
279,74.361,4610.416,288.0,100.0,0.0,7,11151,0
280,74.76,4642.392,289.0,100.0,0.0,7,11146,0
281,75.04,4664.753,286.0,0.0,0.0,7,10887,0
