frame,distance,speed,throttle,brake,gear,rpm,ers_deploy
0,0.11,310.1,100.0,0.0,7,11370,0
1,3.74,310.6,100.0,0.0,7,11386,0
2,7.37,311.1,100.0,0.0,7,11402,0
3,11.01,311.6,100.0,0.0,7,11418,0
4,14.64,312.1,100.0,0.0,7,11434,0
5,18.28,312.7,100.0,0.0,7,11450,0
6,21.91,313.2,100.0,0.0,7,11466,0
7,25.55,313.7,100.0,0.0,7,11482,0
8,29.2,314.1,100.0,0.0,7,11496,0
9,32.84,314.3,100.0,0.0,7,11507,0
10,36.49,314.4,100.0,0.0,7,11518,0
11,40.13,314.6,100.0,0.0,7,11529,0
12,43.78,314.8,100.0,0.0,7,11540,0
13,47.43,314.9,100.0,0.0,7,11551,0
14,51.08,315.1,100.0,0.0,7,11558,0
15,54.73,315.2,100.0,0.0,7,11562,0
16,58.38,315.3,100.0,0.0,7,11566,0
17,62.04,315.4,100.0,0.0,7,11571,0
18,65.7,315.5,100.0,0.0,7,11575,0
19,69.36,315.6,100.0,0.0,7,11579,0
20,73.01,315.7,100.0,0.0,7,11584,0
21,76.67,315.8,100.0,0.0,7,11588,0
22,80.33,315.9,100.0,0.0,7,11592,0
23,84.0,316.0,100.0,0.0,7,11597,0
24,87.68,316.3,100.0,0.0,7,11603,0
25,91.35,316.6,100.0,0.0,7,11609,0
26,95.03,316.9,100.0,0.0,7,11616,0
27,98.71,317.2,100.0,0.0,7,11622,0
28,102.4,317.5,100.0,0.0,7,11629,0
29,106.08,317.8,100.0,0.0,7,11635,0
30,109.76,318.0,100.0,0.0,7,11641,0
31,113.44,318.0,100.0,0.0,7,11645,0
32,117.12,318.0,100.0,0.0,7,11650,0
33,120.8,318.0,100.0,0.0,7,11654,0
34,124.48,318.0,100.0,0.0,7,11659,0
35,128.16,318.0,100.0,0.0,7,11663,0
36,131.85,318.1,100.0,0.0,7,11668,0
37,135.54,318.3,100.0,0.0,7,11674,0
38,139.24,318.5,100.0,0.0,7,11680,0
39,142.93,318.7,100.0,0.0,7,11685,0
40,146.62,319.0,100.0,0.0,7,11691,0
41,150.31,318.9,100.0,0.0,7,11687,0
42,153.99,318.7,100.0,0.0,7,11680,0
43,157.67,318.5,100.0,0.0,7,11673,0
44,161.35,318.3,100.0,0.0,7,11666,0
45,165.03,318.2,100.0,0.0,7,11660,0
46,168.71,318.0,100.0,0.0,7,11653,0
47,172.4,318.2,100.0,0.0,7,11653,0
48,176.09,318.3,100.0,0.0,7,11654,0
49,179.79,318.5,100.0,0.0,7,11654,0
50,183.48,318.6,100.0,0.0,7,11655,0
51,187.18,318.7,100.0,0.0,7,11655,0
52,190.86,318.9,100.0,0.0,7,11656,0
53,194.55,318.9,100.0,0.0,7,11656,0
54,198.22,318.7,100.0,0.0,7,11657,0
55,201.89,318.4,100.0,0.0,7,11657,0
56,205.57,318.1,100.0,0.0,7,11657,0
57,209.23,317.9,100.0,0.0,7,11658,0
58,212.9,317.6,100.0,0.0,7,11658,0
59,216.56,317.4,100.0,0.0,7,11658,0
60,220.23,317.1,100.0,0.0,7,11659,0
61,223.9,317.0,100.0,0.0,7,11655,0
62,227.57,317.0,100.0,0.0,7,11648,0
63,231.24,317.0,100.0,0.0,7,11642,0
64,234.9,317.0,100.0,0.0,7,11635,0
65,238.57,317.0,100.0,0.0,7,11629,0
66,242.23,316.9,100.0,0.0,7,11623,0
67,245.9,316.8,100.0,0.0,7,11617,0
68,249.56,316.6,100.0,0.0,7,11612,0
69,253.22,316.5,100.0,0.0,7,11606,0
70,256.87,316.4,100.0,0.0,7,11600,0
71,260.52,316.2,100.0,0.0,7,11595,0
72,264.18,316.1,100.0,0.0,7,11589,0
73,267.83,316.0,100.0,0.0,7,11584,0
74,271.48,316.0,100.0,0.0,7,11581,0
75,275.13,315.9,100.0,0.0,7,11579,0
76,278.77,315.9,100.0,0.0,7,11576,0
77,282.42,315.8,100.0,0.0,7,11574,0
78,286.06,315.8,100.0,0.0,7,11572,0
79,289.71,315.8,100.0,0.0,7,11569,0
80,293.36,315.7,100.0,0.0,7,11567,0
81,297.0,315.7,100.0,0.0,7,11564,0
82,300.65,315.6,100.0,0.0,7,11562,0
83,304.3,315.6,100.0,0.0,7,11560,0
84,307.94,315.6,100.0,0.0,7,11557,0
85,311.59,315.5,100.0,0.0,7,11555,0
86,315.24,315.5,100.0,0.0,7,11552,0
87,318.88,315.4,100.0,0.0,7,11550,0
88,322.53,315.4,100.0,0.0,7,11548,0
89,326.18,315.4,100.0,0.0,7,11545,0
90,329.82,315.3,100.0,0.0,7,11543,0
91,333.47,315.3,100.0,0.0,7,11540,0
92,337.12,315.2,100.0,0.0,7,11538,0
93,340.76,315.2,100.0,0.0,7,11536,0
94,344.41,315.2,100.0,0.0,7,11533,0
95,348.06,315.1,100.0,0.0,7,11531,0
96,351.7,315.1,100.0,0.0,7,11528,0
97,355.34,315.0,100.0,0.0,7,11526,0
98,358.98,315.0,100.0,0.0,7,11522,0
99,362.61,314.8,100.0,0.0,7,11514,0
100,366.25,314.7,100.0,0.0,7,11505,0
101,369.88,314.6,100.0,0.0,7,11497,0
102,373.52,314.5,100.0,0.0,7,11488,0
103,377.15,314.3,100.0,0.0,7,11480,0
104,380.79,314.2,100.0,0.0,7,11472,0
105,384.42,314.1,100.0,0.0,7,11463,0
106,388.05,314.0,100.0,0.0,7,11459,0
107,391.68,313.9,99.9,0.0,7,11458,0
108,395.3,313.8,99.8,0.0,7,11458,0
109,398.93,313.7,99.7,0.0,7,11457,0
110,402.55,313.6,99.6,0.0,7,11457,0
111,406.18,313.6,99.6,0.0,7,11456,0
112,409.8,313.5,99.5,0.0,7,11456,0
113,413.42,313.4,99.4,0.0,7,11455,0
114,417.05,313.3,99.3,0.0,7,11455,0
115,420.67,313.2,99.2,0.0,7,11454,0
116,424.29,313.2,99.2,0.0,7,11454,0
117,427.9,313.1,99.1,0.0,7,11453,0
118,431.52,313.0,99.0,0.0,7,11453,0
119,435.13,312.7,99.0,0.0,7,11453,0
120,438.74,312.5,99.0,0.0,7,11453,0
121,442.35,312.2,99.0,0.0,7,11453,0
122,445.96,312.0,99.0,0.0,7,11452,0
123,449.58,312.2,99.0,0.0,7,11448,0
124,453.21,312.3,99.0,0.0,7,11444,0
125,456.83,312.5,99.0,0.0,7,11440,0
126,460.45,312.6,99.0,0.0,7,11436,0
127,464.08,312.8,99.0,0.0,7,11431,0
128,467.7,312.9,99.0,0.0,7,11427,0
129,471.32,313.0,99.0,0.0,7,11426,0
130,474.95,313.0,99.0,0.0,7,11429,0
131,478.57,313.0,99.0,0.0,7,11432,0
132,482.2,313.0,99.0,0.0,7,11435,0
133,485.82,313.0,99.0,0.0,7,11438,0
134,489.44,313.0,99.0,0.0,7,11441,0
135,493.04,312.8,98.9,0.0,7,11436,0
136,496.64,312.4,98.7,0.0,7,11426,0
137,500.24,312.1,98.5,0.0,7,11417,0
138,503.84,311.7,98.4,0.0,7,11408,0
139,507.44,311.4,98.2,0.0,7,11399,0
140,511.04,311.0,98.0,0.0,7,11390,0
141,514.64,311.0,98.0,0.0,7,11387,0
142,518.24,311.0,98.0,0.0,7,11383,0
143,521.84,311.0,98.0,0.0,7,11380,0
144,525.44,311.0,98.0,0.0,7,11377,0
145,529.04,311.0,98.0,0.0,7,11373,0
146,532.64,311.0,98.0,0.0,7,11370,0
147,536.23,311.0,98.0,0.0,7,11366,0
148,539.83,310.8,97.7,0.0,7,11356,0
149,543.4,309.9,96.5,0.0,7,11327,0
150,546.98,309.0,95.3,0.0,7,11299,0
151,550.54,308.1,94.1,0.0,7,11270,0
152,554.04,307.2,92.9,0.0,7,11242,0
153,557.52,306.3,91.7,0.0,7,11213,0
154,561.01,305.4,90.5,0.0,7,11185,0
155,564.4,303.0,81.3,0.0,7,11085,0
156,567.72,299.3,65.6,0.0,7,10931,0
157,571.03,295.7,50.0,0.0,7,10776,0
158,574.34,292.0,34.4,0.0,7,10621,0
159,577.62,288.4,18.8,0.2,7,10467,0
160,580.84,284.7,3.1,0.9,7,10312,0
161,583.98,281.7,0.0,1.0,7,10269,0
162,587.1,278.9,0.0,1.0,7,10255,0
163,590.23,276.1,0.0,1.0,7,10240,0
164,593.35,273.3,0.0,1.0,7,10226,0
165,596.46,270.4,0.0,1.0,7,10211,0
166,599.41,267.6,0.0,1.0,7,10196,0
167,602.31,264.6,0.0,1.0,7,10181,0
168,605.07,259.1,0.0,1.0,7,10155,0
169,607.82,253.6,0.0,1.0,7,10129,0
170,610.38,248.2,0.0,1.0,7,10102,0
171,612.89,242.7,0.0,1.0,7,10076,0
172,615.4,237.2,0.0,1.0,7,10050,0
173,617.91,231.7,0.0,1.0,7,10024,0
174,620.42,226.3,0.0,1.0,7,9998,0
175,622.82,221.5,0.0,1.0,6,9994,0
176,625.1,217.9,0.0,1.0,6,10026,0
177,627.37,214.3,0.0,1.0,6,10057,0
178,629.64,210.6,0.0,1.0,6,10088,0
179,631.92,207.0,0.0,1.0,6,10120,0
180,634.19,203.3,0.0,1.0,6,10151,0
181,636.46,199.7,0.0,1.0,6,10182,0
182,638.65,196.0,0.0,1.0,5,10213,0
183,640.68,192.5,0.0,1.0,5,10310,0
184,642.67,189.1,0.0,1.0,5,10433,0
185,644.66,185.7,0.0,1.0,5,10556,0
186,646.65,182.3,0.0,1.0,4,10678,0
187,648.64,178.8,0.0,1.0,4,10801,0
188,650.64,175.4,0.0,1.0,4,10923,0
189,652.6,172.0,0.0,1.0,4,11045,0
190,654.45,168.7,0.0,1.0,4,10945,0
191,656.27,165.5,0.0,1.0,4,10844,0
192,657.97,162.2,0.0,1.0,4,10743,0
193,659.66,159.0,0.0,1.0,4,10642,0
194,661.36,155.7,0.0,1.0,4,10541,0
195,663.04,152.5,0.0,1.0,4,10441,0
196,664.63,149.2,0.0,1.0,3,10340,0
197,666.15,145.8,0.0,1.0,3,10198,0
198,667.57,142.0,0.0,1.0,3,9969,0
199,668.98,138.3,0.0,1.0,3,9740,0
200,670.4,134.5,0.0,1.0,3,9511,0
201,671.8,130.8,0.0,1.0,3,9285,0
202,673.13,127.0,0.0,1.0,3,9053,0
203,674.42,123.2,0.0,1.0,3,8824,0
204,675.72,119.4,0.0,1.0,3,8595,0
205,676.98,117.0,0.0,1.0,3,8606,0
206,678.22,115.3,0.0,1.0,3,8766,0
207,679.44,113.6,0.0,1.0,3,8926,0
208,680.65,111.9,0.0,1.0,3,9086,0
209,681.86,110.2,0.0,1.0,3,9246,0
210,683.06,108.5,0.0,1.0,2,9406,0
211,684.27,106.8,0.0,1.0,2,9566,0
212,685.47,105.1,0.0,1.0,2,9727,0
213,686.69,105.0,0.0,1.0,2,9593,0
214,687.91,105.0,0.0,1.0,2,9448,0
215,689.13,105.0,0.0,1.0,2,9302,0
216,690.35,105.0,0.0,1.0,2,9156,0
217,691.58,105.0,0.0,1.0,2,9011,0
218,692.7,104.5,0.0,1.0,2,8884,0
219,693.71,101.9,0.0,1.0,2,8829,0
220,694.7,99.4,0.0,1.0,2,8774,0
221,695.69,96.9,0.0,1.0,2,8720,0
222,696.68,94.3,0.0,1.0,2,8666,0
223,697.66,91.8,0.0,1.0,2,8612,0
224,698.61,89.2,0.0,1.0,2,8557,0
225,699.52,86.7,0.0,1.0,2,8502,0
226,700.42,84.1,0.0,1.0,2,8448,0
227,701.32,82.5,0.0,1.0,2,8550,0
228,702.21,81.6,0.0,1.0,2,8776,0
229,703.11,80.7,0.0,1.0,2,9002,0
230,704.0,79.8,0.0,1.0,2,9228,0
231,704.9,78.9,0.0,1.0,2,9453,0
232,705.79,78.0,0.0,1.0,2,9679,0
233,706.67,77.1,0.0,1.0,2,9904,0
234,707.53,76.5,0.0,1.0,2,9861,0
235,708.38,75.9,0.0,1.0,2,9765,0
236,709.24,75.3,0.0,1.0,2,9670,0
237,710.09,74.7,0.0,1.0,2,9575,0
238,710.93,74.1,0.0,1.0,2,9479,0
239,711.76,73.5,0.0,1.0,2,9384,0
240,712.58,72.9,0.0,1.0,2,9290,0
241,713.38,72.2,0.0,1.0,2,9205,0
242,714.18,71.5,0.0,1.0,2,9121,0
243,714.98,70.8,0.0,1.0,2,9037,0
244,715.78,70.1,0.0,1.0,2,8952,0
245,716.58,69.4,0.0,1.0,2,8868,0
246,717.36,68.8,0.0,0.9,1,8797,0
247,718.12,68.2,0.0,0.7,1,8749,0
248,718.89,67.5,0.0,0.5,1,8700,0
249,719.65,66.9,0.0,0.3,1,8652,0
250,720.41,66.3,0.0,0.1,1,8604,0
251,721.16,65.6,0.0,0.0,1,8586,0
252,721.87,64.8,0.0,0.0,1,8593,0
253,722.57,64.1,0.0,0.0,1,8599,0
254,723.27,63.4,0.0,0.0,1,8605,0
255,723.98,62.6,0.0,0.0,1,8611,0
256,724.68,61.9,0.0,0.0,1,8617,0
257,725.38,61.1,0.0,0.0,1,8623,0
258,726.08,60.8,0.0,0.8,1,8552,0
259,726.77,60.5,0.0,0.5,1,8466,0
260,727.47,60.3,0.0,0.3,1,8381,0
261,728.17,60.0,0.0,0.0,1,8295,0
262,728.87,60.3,4.4,0.0,1,8407,0
263,729.57,60.5,8.9,0.0,1,8520,0
264,730.28,60.8,13.3,0.0,1,8632,0
265,731.0,61.1,17.2,0.0,1,8738,0
266,731.72,61.4,18.2,0.0,1,8800,0
267,732.45,61.8,19.3,0.0,1,8864,0
268,733.18,62.1,20.3,0.0,1,8927,0
269,733.91,62.4,21.3,0.0,1,8990,0
270,734.64,62.8,22.4,0.0,1,9053,0
271,735.38,63.2,23.5,0.0,1,9118,0
272,736.14,63.7,24.6,0.0,1,9184,0
273,736.92,64.2,25.8,0.0,1,9250,0
274,737.7,64.8,27.0,0.0,1,9317,0
275,738.48,65.3,28.2,0.0,1,9383,0
276,739.25,65.8,29.3,0.0,1,9450,0
277,740.03,66.3,30.5,0.0,1,9516,0
278,740.82,66.9,31.7,0.0,1,9584,0
279,741.64,67.9,33.6,0.0,1,9684,0
280,742.48,69.1,35.9,0.0,1,9799,0
281,743.33,70.3,38.1,0.0,1,9915,0
282,744.18,71.5,40.4,0.0,1,10031,0
283,745.05,72.7,42.7,0.0,1,10145,0
284,745.94,74.0,44.9,0.0,1,10262,0
285,746.86,74.8,45.8,0.0,1,10139,0
286,747.8,75.6,46.6,0.0,1,10008,0
287,748.74,76.4,47.4,0.0,1,9878,0
288,749.67,77.2,48.2,0.0,1,9747,0
289,750.61,78.0,49.0,0.0,1,9616,0
290,751.55,78.8,49.8,0.0,1,9485,0
291,752.49,79.6,50.6,0.0,1,9354,0
292,753.42,80.5,51.5,0.0,1,9223,0
293,754.37,81.3,52.3,0.0,1,9097,0
294,755.34,82.4,53.0,0.0,1,8981,0
295,756.33,83.4,53.8,0.0,1,8865,0
296,757.32,84.5,54.6,0.0,2,8749,0
297,758.38,86.1,55.8,0.0,2,8821,0
298,759.49,88.4,57.5,0.0,2,9090,0
299,760.6,90.7,59.1,0.0,2,9360,0
300,761.71,93.0,60.8,0.0,2,9631,0
301,762.82,95.3,62.5,0.0,2,9901,0
302,763.95,96.7,64.0,0.0,2,10050,0
303,765.11,97.7,65.4,0.0,2,10142,0
304,766.29,98.8,66.9,0.0,2,10234,0
305,767.47,99.8,68.4,0.0,2,10325,0
306,768.66,100.9,69.8,0.0,2,10418,0
307,769.93,103.0,69.8,0.0,2,10621,0
308,771.23,105.2,69.7,0.0,2,10840,0
309,772.54,107.5,69.5,0.0,2,11059,0
310,773.84,109.8,69.3,0.0,2,11278,0
311,775.18,112.0,69.2,0.0,2,11497,0
312,776.56,114.3,68.9,0.0,2,11657,0
313,777.98,116.3,68.1,0.0,2,11396,0
314,779.39,118.4,67.2,0.0,2,11133,0
315,780.83,120.5,66.4,0.0,2,10871,0
316,782.28,122.6,65.6,0.0,2,10608,0
317,783.75,124.2,65.0,0.0,2,10425,0
318,785.25,124.9,64.9,0.0,2,10408,0
319,786.74,125.6,64.8,0.0,2,10391,0
320,788.24,126.3,64.7,0.0,2,10375,0
321,789.74,127.0,64.6,0.0,2,10358,0
322,791.24,127.7,64.5,0.0,2,10341,0
323,792.78,128.4,64.5,0.0,2,10325,0
324,794.33,129.1,64.4,0.0,2,10308,0
325,795.88,129.8,64.3,0.0,2,10291,0
326,797.42,130.5,64.2,0.0,2,10275,0
327,798.98,131.2,64.1,0.0,2,10258,0
328,800.56,131.9,64.0,0.0,3,10241,0
329,802.16,133.5,64.2,0.0,3,10296,0
330,803.76,135.3,64.5,0.0,3,10369,0
331,805.37,137.1,64.7,0.0,3,10442,0
332,806.99,138.9,65.0,0.0,3,10515,0
333,808.66,139.8,65.3,0.0,3,10574,0
334,810.33,140.6,65.7,0.0,3,10631,0
335,812.0,141.4,66.0,0.0,3,10689,0
336,813.67,142.2,66.4,0.0,3,10747,0
337,815.34,143.0,66.7,0.0,3,10805,0
338,817.03,143.8,67.1,0.0,3,10863,0
339,818.75,144.6,67.4,0.0,3,10921,0
340,820.48,145.4,67.8,0.0,3,10979,0
341,822.21,146.3,68.1,0.0,3,11021,0
342,823.97,147.2,68.6,0.0,3,11031,0
343,825.75,148.2,69.0,0.0,3,11041,0
344,827.52,149.1,69.4,0.0,3,11051,0
345,829.3,150.0,69.8,0.0,3,11061,0
346,831.09,151.0,70.2,0.0,3,11071,0
347,832.91,151.9,70.6,0.0,3,11081,0
348,834.73,152.9,71.1,0.0,3,11091,0
349,836.55,153.8,71.5,0.0,3,11101,0
350,838.37,154.7,71.9,0.0,3,11111,0
351,840.2,155.9,72.4,0.0,3,10971,0
352,842.06,157.1,73.1,0.0,3,10773,0
353,843.93,158.4,73.7,0.0,3,10574,0
354,845.8,159.6,74.3,0.0,4,10375,0
355,847.68,160.9,75.0,0.0,4,10176,0
356,849.6,162.3,76.7,0.0,4,10216,0
357,851.54,163.7,78.7,0.0,4,10275,0
358,853.49,165.0,80.6,0.0,4,10334,0
359,855.46,166.4,82.5,0.0,4,10393,0
360,857.43,167.8,84.4,0.0,4,10453,0
361,859.4,169.1,86.1,0.0,4,10511,0
362,861.38,169.7,87.2,0.0,4,10562,0
363,863.37,170.3,88.2,0.0,4,10613,0
364,865.37,171.0,89.3,0.0,4,10665,0
365,867.36,171.6,90.3,0.0,4,10716,0
366,869.38,172.6,91.5,0.0,4,10800,0
367,871.45,174.2,92.8,0.0,4,10949,0
368,873.52,175.8,94.1,0.0,4,11099,0
369,875.65,177.5,95.5,0.0,4,11248,0
370,877.79,179.1,96.8,0.0,4,11397,0
371,879.93,180.7,98.1,0.0,4,11546,0
372,882.08,182.4,99.5,0.0,4,11696,0
373,884.3,184.1,100.0,0.0,4,11737,0
374,886.53,185.9,100.0,0.0,4,11712,0
375,888.77,187.7,100.0,0.0,4,11686,0
376,891.0,189.5,100.0,0.0,4,11661,0
377,893.25,191.3,100.0,0.0,4,11635,0
378,895.55,193.1,100.0,0.0,4,11610,0
379,897.85,194.9,100.0,0.0,4,11584,0
380,900.2,196.4,100.0,0.0,4,11435,0
381,902.56,197.9,100.0,0.0,4,11274,0
382,904.92,199.3,100.0,0.0,4,11114,0
383,907.29,200.8,100.0,0.0,4,10954,0
384,909.68,202.3,100.0,0.0,4,10793,0
385,912.07,203.8,100.0,0.0,4,10633,0
386,914.46,205.1,100.0,0.0,4,10514,0
387,916.85,205.6,100.0,0.0,4,10558,0
388,919.24,206.1,100.0,0.0,4,10602,0
389,921.64,206.7,100.0,0.0,4,10647,0
390,924.06,207.4,100.0,0.0,4,10686,0
391,926.5,208.4,100.0,0.0,4,10718,0
392,928.94,209.5,100.0,0.0,4,10749,0
393,931.38,210.5,100.0,0.0,4,10781,0
394,933.87,211.8,100.0,0.0,4,10827,0
395,936.4,213.4,100.0,0.0,4,10887,0
396,938.93,214.9,100.0,0.0,4,10947,0
397,941.45,216.5,100.0,0.0,4,11007,0
398,944.02,218.1,100.0,0.0,4,11067,0
399,946.6,219.6,100.0,0.0,5,11127,0
400,949.22,220.9,100.0,0.0,5,11174,0
401,951.86,222.0,100.0,0.0,5,11218,0
402,954.49,223.2,100.0,0.0,5,11262,0
403,957.15,224.4,100.0,0.0,5,11306,0
404,959.83,225.5,100.0,0.0,5,11349,0
405,962.5,226.7,100.0,0.0,5,11393,0
406,965.18,227.8,100.0,0.0,5,11437,0
407,967.86,229.0,100.0,0.0,5,11481,0
408,970.55,230.1,100.0,0.0,5,11526,0
409,973.23,230.7,100.0,0.0,5,11584,0
410,975.92,231.3,100.0,0.0,5,11643,0
411,978.61,232.0,100.0,0.0,5,11701,0
412,981.31,232.6,100.0,0.0,5,11759,0
413,984.06,233.5,100.0,0.0,5,11756,0
414,986.84,234.9,100.0,0.0,5,11622,0
415,989.63,236.3,100.0,0.0,5,11487,0
416,992.41,237.8,100.0,0.0,5,11353,0
417,995.26,239.2,100.0,0.0,5,11219,0
418,998.12,240.6,100.0,0.0,5,11084,0
419,1000.97,242.1,100.0,0.0,5,10950,0
420,1003.83,243.5,100.0,0.0,5,10815,0
421,1006.71,244.8,100.0,0.0,5,10770,0
422,1009.61,246.0,100.0,0.0,5,10775,0
423,1012.51,247.1,100.0,0.0,5,10780,0
424,1015.41,248.3,100.0,0.0,5,10784,0
425,1018.35,249.5,100.0,0.0,5,10789,0
426,1021.28,250.7,100.0,0.0,6,10794,0
427,1024.22,251.9,100.0,0.0,6,10799,0
428,1027.19,252.8,100.0,0.0,6,10838,0
429,1030.16,253.6,100.0,0.0,6,10880,0
430,1033.15,254.4,100.0,0.0,6,10922,0
431,1036.17,255.3,100.0,0.0,6,10964,0
432,1039.2,256.1,100.0,0.0,6,11006,0
433,1042.22,256.9,100.0,0.0,6,11048,0
434,1045.24,257.8,100.0,0.0,6,11090,0
435,1048.27,258.6,100.0,0.0,6,11132,0
436,1051.29,259.4,100.0,0.0,6,11174,0
437,1054.32,260.3,100.0,0.0,6,11215,0
438,1057.39,261.4,100.0,0.0,6,11254,0
439,1060.46,262.4,100.0,0.0,6,11292,0
440,1063.54,263.5,100.0,0.0,6,11330,0
441,1066.63,264.5,100.0,0.0,6,11369,0
442,1069.72,265.5,100.0,0.0,6,11407,0
443,1072.82,266.4,100.0,0.0,6,11431,0
444,1075.94,267.0,100.0,0.0,6,11444,0
445,1079.05,267.6,100.0,0.0,6,11457,0
446,1082.16,268.2,100.0,0.0,6,11470,0
447,1085.28,268.9,100.0,0.0,6,11483,0
448,1088.39,269.2,100.0,0.0,6,11320,0
449,1091.52,269.4,100.0,0.0,6,11101,0
450,1094.64,269.6,100.0,0.0,6,10882,0
451,1097.76,269.8,100.0,0.0,6,10663,0
452,1100.9,270.0,100.0,0.0,6,10444,0
453,1104.08,271.0,100.0,0.0,6,10379,0
454,1107.26,272.0,100.0,0.0,6,10321,0
455,1110.44,273.1,100.0,0.0,7,10262,0
456,1113.63,274.1,100.0,0.0,7,10204,0
457,1116.82,275.1,100.0,0.0,7,10157,0
458,1120.04,275.8,100.0,0.0,7,10167,0
459,1123.26,276.4,100.0,0.0,7,10178,0
460,1126.5,277.1,100.0,0.0,7,10188,0
461,1129.75,277.7,100.0,0.0,7,10198,0
462,1133.0,278.4,100.0,0.0,7,10209,0
463,1136.25,279.0,100.0,0.0,7,10219,0
464,1139.5,279.7,100.0,0.0,7,10230,0
465,1142.76,280.1,100.0,0.0,7,10241,0
466,1146.04,280.4,100.0,0.0,7,10254,0
467,1149.32,280.7,100.0,0.0,7,10267,0
468,1152.6,280.9,100.0,0.0,7,10280,0
469,1155.88,281.2,100.0,0.0,7,10292,0
470,1159.19,281.5,100.0,0.0,7,10305,0
471,1162.52,281.7,100.0,0.0,7,10318,0
472,1165.86,282.0,100.0,0.0,7,10331,0
473,1169.19,282.3,100.0,0.0,7,10344,0
474,1172.52,282.6,100.0,0.0,7,10356,0
475,1175.85,282.8,100.0,0.0,7,10369,0
476,1179.18,283.1,100.0,0.0,7,10382,0
477,1182.51,283.4,100.0,0.0,7,10395,0
478,1185.85,283.6,100.0,0.0,7,10408,0
479,1189.18,283.9,100.0,0.0,7,10420,0
480,1192.51,284.2,100.0,0.0,7,10433,0
481,1195.84,284.5,100.0,0.0,7,10446,0
482,1199.17,284.7,100.0,0.0,7,10459,0
483,1202.5,285.0,100.0,0.0,7,10472,0
484,1205.83,285.3,100.0,0.0,7,10485,0
485,1209.17,285.5,100.0,0.0,7,10497,0
486,1212.5,285.8,100.0,0.0,7,10510,0
487,1215.83,286.1,100.0,0.0,7,10523,0
488,1219.16,286.3,100.0,0.0,7,10536,0
489,1222.49,286.6,100.0,0.0,7,10549,0
490,1225.82,286.9,100.0,0.0,7,10561,0
491,1229.16,287.1,100.0,0.0,7,10570,0
492,1232.5,287.4,100.0,0.0,7,10576,0
493,1235.85,287.7,100.0,0.0,7,10581,0
494,1239.19,287.9,100.0,0.0,7,10586,0
495,1242.53,288.2,100.0,0.0,7,10592,0
496,1245.88,288.4,100.0,0.0,7,10597,0
497,1249.23,288.7,100.0,0.0,7,10603,0
498,1252.58,289.0,100.0,0.0,7,10608,0
499,1255.93,289.1,99.9,0.0,7,10610,0
500,1259.28,289.2,99.8,0.0,7,10610,0
501,1262.64,289.3,99.7,0.0,7,10611,0
502,1265.99,289.4,99.6,0.0,7,10612,0
503,1269.35,289.5,99.5,0.0,7,10613,0
504,1272.71,289.6,99.4,0.0,7,10613,0
505,1276.07,289.7,99.3,0.0,7,10614,0
506,1279.42,289.7,99.3,0.0,7,10615,0
507,1282.78,289.8,99.2,0.0,7,10616,0
508,1286.14,289.9,99.1,0.0,7,10616,0
509,1289.5,290.0,99.0,0.0,7,10618,0
510,1292.85,290.0,99.0,0.0,7,10623,0
511,1296.21,290.0,99.0,0.0,7,10627,0
512,1299.57,290.0,99.0,0.0,7,10631,0
513,1302.92,290.0,99.0,0.0,7,10632,0
514,1306.28,290.0,99.0,0.0,7,10630,0
515,1309.64,290.0,99.0,0.0,7,10629,0
516,1313.0,290.0,99.0,0.0,7,10627,0
517,1316.35,290.0,99.0,0.0,7,10625,0
518,1319.71,290.0,99.0,0.0,7,10624,0
519,1323.07,290.0,99.0,0.0,7,10622,0
520,1326.43,290.0,99.0,0.0,7,10620,0
521,1329.78,290.0,99.0,0.0,7,10618,0
522,1333.11,289.9,99.0,0.0,7,10619,0
523,1336.45,289.8,99.0,0.0,7,10620,0
524,1339.79,289.6,99.0,0.0,7,10621,0
525,1343.12,289.5,99.0,0.0,7,10621,0
526,1346.47,289.4,99.0,0.0,7,10622,0
527,1349.83,289.2,99.0,0.0,7,10623,0
528,1353.18,289.1,99.0,0.0,7,10624,0
529,1356.54,289.0,99.0,0.0,7,10621,0
530,1359.93,289.2,99.0,0.0,7,10590,0
531,1363.32,289.4,99.0,0.0,7,10558,0
532,1366.65,289.7,99.0,0.0,7,10527,0
533,1369.98,289.9,99.0,0.0,7,10496,0
534,1373.25,288.2,90.4,0.0,7,10460,0
535,1376.41,282.6,64.7,0.0,7,10415,0
536,1379.52,277.1,39.0,0.0,7,10370,0
537,1382.6,271.6,13.3,0.0,7,10326,0
538,1385.66,267.9,0.9,0.0,7,10251,0
539,1388.72,265.8,0.7,0.0,7,10150,0
540,1391.71,263.8,0.6,0.0,7,10049,0
541,1394.64,261.7,0.4,0.0,7,9947,0
542,1397.57,259.6,0.2,0.0,7,9846,0
543,1400.5,257.5,0.0,0.0,7,9744,0
544,1403.15,251.1,0.0,0.0,7,9817,0
545,1405.71,243.4,0.0,0.0,7,9944,0
546,1408.27,235.7,0.0,0.0,7,10071,0
547,1410.82,228.0,0.0,0.0,7,10198,0
548,1413.32,220.4,0.0,0.9,7,10324,0
549,1415.56,216.5,0.0,1.0,7,10445,0
550,1417.78,212.9,0.0,1.0,7,10564,0
551,1420.01,209.2,0.0,1.0,7,10684,0
552,1422.23,205.6,0.0,1.0,7,10803,0
553,1424.45,201.9,0.0,1.0,7,10923,0
554,1426.67,198.3,0.0,1.0,7,11042,0
555,1428.9,194.6,0.0,1.0,7,11162,0
556,1431.08,191.0,0.0,1.0,7,11191,0
557,1433.11,187.2,0.0,1.0,7,10987,0
558,1435.11,183.5,0.0,1.0,7,10783,0
559,1437.11,179.7,0.0,1.0,5,10578,0
560,1439.12,176.0,0.0,1.0,5,10374,0
561,1441.06,172.9,0.0,1.0,5,10309,0
562,1442.9,170.5,0.0,1.0,5,10395,0
563,1444.74,168.2,0.0,1.0,5,10481,0
564,1446.58,165.8,0.0,1.0,5,10567,0
565,1448.42,163.5,0.0,1.0,5,10652,0
566,1450.24,161.2,0.0,1.0,5,10738,0
567,1451.97,158.8,0.0,1.0,5,10824,0
568,1453.69,156.5,0.0,1.0,4,10910,0
569,1455.35,154.2,0.0,1.0,4,10825,0
570,1457.0,152.1,0.0,1.0,4,10697,0
571,1458.55,149.9,0.0,1.0,4,10569,0
572,1460.09,147.7,0.0,1.0,4,10441,0
573,1461.63,145.5,0.0,1.0,4,10313,0
574,1463.18,143.3,0.0,1.0,4,10185,0
575,1464.72,141.1,0.0,1.0,4,10057,0
576,1466.27,138.9,0.0,1.0,4,9929,0
577,1467.81,136.8,0.0,1.0,4,9801,0
578,1469.33,134.8,0.0,1.0,4,9684,0
579,1470.83,133.7,0.0,1.0,4,9608,0
580,1472.34,132.7,0.0,1.0,4,9533,0
581,1473.84,131.7,0.0,1.0,3,9457,0
582,1475.35,130.6,0.0,1.0,3,9381,0
583,1476.83,129.6,0.0,1.0,3,9310,0
584,1478.28,128.5,0.0,1.0,3,9245,0
585,1479.73,127.5,0.0,1.0,3,9180,0
586,1481.17,126.5,0.0,1.0,3,9115,0
587,1482.57,125.4,0.0,1.0,3,9049,0
588,1483.97,124.4,0.0,1.0,3,8984,0
589,1485.37,123.3,0.0,1.0,3,8919,0
590,1486.74,122.3,0.0,1.0,3,8870,0
591,1488.09,121.2,0.0,1.0,3,8829,0
592,1489.43,120.2,0.0,1.0,3,8788,0
593,1490.74,119.2,0.0,1.0,3,8746,0
594,1492.05,118.1,0.0,1.0,3,8705,0
595,1493.35,117.1,0.0,1.0,3,8664,0
596,1494.66,116.0,0.0,1.0,3,8623,0
597,1495.97,115.0,0.0,1.0,3,8582,0
598,1497.27,114.0,0.0,1.0,3,8541,0
599,1498.57,113.6,0.0,0.8,3,8514,0
600,1499.86,113.3,0.0,0.6,3,8487,0
601,1501.16,112.9,0.0,0.5,3,8460,0
602,1502.45,112.6,0.0,0.3,3,8433,0
603,1503.75,112.3,0.0,0.1,3,8406,0
604,1505.04,112.0,0.0,0.0,3,8384,0
605,1506.34,111.9,0.0,0.0,3,8377,0
606,1507.62,111.7,0.0,0.0,3,8370,0
607,1508.91,111.6,0.0,0.0,3,8363,0
608,1510.19,111.5,0.0,0.0,3,8356,0
609,1511.48,111.4,0.0,0.0,3,8349,0
610,1512.76,111.3,0.0,0.0,3,8342,0
611,1514.04,111.2,0.0,0.0,3,8335,0
612,1515.32,111.0,0.0,0.0,3,8329,0
613,1516.6,111.0,2.5,0.0,3,8350,0
614,1517.87,111.0,6.4,0.0,3,8386,0
615,1519.15,111.0,10.3,0.0,3,8423,0
616,1520.43,111.0,14.2,0.0,3,8460,0
617,1521.72,111.0,18.1,0.0,3,8496,0
618,1523.01,111.0,22.0,0.0,3,8533,0
619,1524.31,111.0,25.9,0.0,3,8570,0
620,1525.6,111.0,29.9,0.0,3,8607,0
621,1526.93,111.8,32.8,0.0,3,8659,0
622,1528.27,112.7,35.8,0.0,3,8713,0
623,1529.61,113.6,38.7,0.0,3,8766,0
624,1530.96,114.4,41.7,0.0,3,8820,0
625,1532.3,115.3,44.6,0.0,3,8873,0
626,1533.65,116.0,46.9,0.0,3,8923,0
627,1535.0,116.0,46.4,0.0,3,8959,0
628,1536.34,116.0,45.9,0.0,3,8995,0
629,1537.68,116.0,45.3,0.0,3,9031,0
630,1539.03,116.2,45.9,0.0,3,9081,0
631,1540.39,116.6,48.2,0.0,3,9154,0
632,1541.74,117.1,50.6,0.0,3,9228,0
633,1543.1,117.5,53.0,0.0,3,9302,0
634,1544.49,117.9,55.4,0.0,3,9375,0
635,1545.89,118.4,57.8,0.0,3,9449,0
636,1547.29,118.8,60.1,0.0,3,9522,0
637,1548.74,120.0,61.4,0.0,3,9608,0
638,1550.22,121.6,62.1,0.0,3,9701,0
639,1551.69,123.1,62.8,0.0,3,9793,0
640,1553.17,124.7,63.5,0.0,3,9886,0
641,1554.65,126.2,64.2,0.0,3,9978,0
642,1556.15,127.8,64.9,0.0,3,10071,0
643,1557.69,129.4,67.1,0.0,3,10160,0
644,1559.24,130.9,69.4,0.0,3,10248,0
645,1560.8,132.5,71.8,0.0,3,10336,0
646,1562.35,134.0,74.0,0.0,3,10421,0
647,1563.93,134.7,74.0,0.0,3,10421,0
648,1565.51,135.4,74.0,0.0,3,10421,0
649,1567.09,136.1,74.0,0.0,3,10421,0
650,1568.68,136.8,74.0,0.0,3,10421,0
651,1570.29,137.5,74.0,0.0,3,10421,0
652,1571.99,138.5,74.6,0.0,3,10432,0
653,1573.76,140.3,76.7,0.0,3,10469,0
654,1575.55,142.2,78.7,0.0,3,10507,0
655,1577.33,144.0,80.8,0.0,3,10545,0
656,1579.11,145.8,82.9,0.0,3,10583,0
657,1580.89,147.6,85.0,0.0,3,10620,0
658,1582.77,149.4,87.1,0.0,3,10658,0
659,1584.66,151.3,89.2,0.0,3,10696,0
660,1586.56,153.1,91.2,0.0,3,10734,0
661,1588.45,154.9,93.3,0.0,3,10771,0
662,1590.34,156.7,95.4,0.0,3,10809,0
663,1592.23,158.6,97.5,0.0,3,10847,0
664,1594.13,160.0,98.2,0.0,3,10761,0
665,1596.02,161.3,98.5,0.0,3,10635,0
666,1597.92,162.6,98.7,0.0,4,10510,0
667,1599.83,163.9,99.0,0.0,4,10384,0
668,1601.79,165.4,99.1,0.0,4,10454,0
669,1603.77,167.0,99.2,0.0,4,10542,0
670,1605.84,168.6,99.3,0.0,4,10629,0
671,1607.9,170.1,99.4,0.0,4,10717,0
672,1609.97,171.7,99.5,0.0,4,10804,0
673,1612.03,173.2,99.6,0.0,4,10892,0
674,1614.16,174.8,99.7,0.0,4,10979,0
675,1616.29,176.3,99.8,0.0,4,11067,0
676,1618.41,177.9,99.9,0.0,4,11154,0
677,1620.55,179.5,100.0,0.0,4,11235,0
678,1622.72,181.3,100.0,0.0,4,11301,0
679,1624.89,183.0,100.0,0.0,4,11366,0
680,1627.06,184.7,100.0,0.0,4,11431,0
681,1629.24,186.5,100.0,0.0,4,11496,0
682,1631.47,188.2,100.0,0.0,4,11562,0
683,1633.75,190.4,100.0,0.0,4,11494,0
684,1636.05,193.0,100.0,0.0,4,11312,0
685,1638.35,195.6,100.0,0.0,4,11130,0
686,1640.65,198.2,100.0,0.0,4,10947,0
687,1642.98,199.5,100.0,0.0,4,10775,0
688,1645.32,200.3,100.0,0.0,4,10607,0
689,1647.66,201.1,100.0,0.0,4,10438,0
690,1650.0,201.9,100.0,0.0,4,10270,0
691,1652.43,203.0,100.0,0.0,4,10276,0
692,1654.89,204.2,100.0,0.0,4,10310,0
693,1657.34,205.3,100.0,0.0,4,10345,0
694,1659.79,206.5,100.0,0.0,4,10379,0
695,1662.25,207.6,100.0,0.0,4,10414,0
696,1664.7,208.8,100.0,0.0,4,10449,0
697,1667.15,210.0,100.0,0.0,4,10483,0
698,1669.61,211.1,100.0,0.0,4,10518,0
699,1672.07,212.2,100.0,0.0,5,10560,0
700,1674.56,212.8,100.0,0.0,5,10625,0
701,1677.05,213.4,100.0,0.0,5,10690,0
702,1679.54,214.0,100.0,0.0,5,10755,0
703,1682.03,214.6,100.0,0.0,5,10820,0
704,1684.52,215.2,100.0,0.0,5,10867,0
705,1687.03,215.7,100.0,0.0,5,10893,0
706,1689.54,216.3,100.0,0.0,5,10918,0
707,1692.07,216.8,100.0,0.0,5,10944,0
708,1694.61,217.3,100.0,0.0,5,10969,0
709,1697.14,217.8,100.0,0.0,5,10995,0
710,1699.7,218.7,100.0,0.0,5,11028,0
711,1702.27,219.7,100.0,0.0,5,11065,0
712,1704.84,220.8,100.0,0.0,5,11101,0
713,1707.44,221.8,100.0,0.0,5,11138,0
714,1710.03,222.9,100.0,0.0,5,11175,0
715,1712.65,223.6,100.0,0.0,5,11196,0
716,1715.28,224.3,100.0,0.0,5,11216,0
717,1717.91,225.0,100.0,0.0,5,11235,0
718,1720.54,225.7,100.0,0.0,5,11254,0
719,1723.16,226.4,100.0,0.0,5,11274,0
720,1725.79,227.0,100.0,0.0,5,11293,0
721,1728.43,227.3,100.0,0.0,5,11310,0
722,1731.08,227.6,100.0,0.0,5,11327,0
723,1733.73,227.8,100.0,0.0,5,11344,0
724,1736.39,228.1,100.0,0.0,5,11361,0
725,1739.04,228.3,100.0,0.0,5,11378,0
726,1741.69,228.6,100.0,0.0,5,11395,0
727,1744.34,228.9,100.0,0.0,5,11412,0
728,1747.01,229.1,100.0,0.0,5,11430,0
729,1749.68,229.4,100.0,0.0,5,11451,0
730,1752.35,229.7,100.0,0.0,5,11471,0
731,1755.02,230.0,100.0,0.0,5,11492,0
732,1757.71,230.3,100.0,0.0,5,11513,0
733,1760.4,230.5,100.0,0.0,5,11533,0
734,1763.09,230.8,100.0,0.0,5,11554,0
735,1765.78,231.1,100.0,0.0,5,11575,0
736,1768.47,231.4,100.0,0.0,5,11595,0
737,1771.16,231.7,100.0,0.0,5,11616,0
738,1773.86,232.0,100.0,0.0,5,11637,0
739,1776.56,232.2,100.0,0.0,5,11597,0
740,1779.26,232.5,100.0,0.0,5,11549,0
741,1781.95,232.8,100.0,0.0,5,11502,0
742,1784.65,232.9,99.0,0.0,5,11451,0
743,1787.28,231.1,72.9,0.2,5,11321,0
744,1789.89,229.3,46.9,0.5,5,11190,0
745,1792.5,227.5,20.8,0.8,5,11060,0
746,1795.09,225.3,0.0,1.0,5,10920,0
747,1797.57,222.0,0.0,1.0,5,10741,0
748,1799.98,218.7,0.0,1.0,5,10562,0
749,1802.39,215.3,0.0,1.0,5,10383,0
750,1804.81,212.0,0.0,1.0,5,10203,0
751,1807.15,208.9,0.0,1.0,5,10060,0
752,1809.4,206.1,0.0,1.0,5,9969,0
753,1811.64,203.3,0.0,1.0,5,9879,0
754,1813.89,200.6,0.0,1.0,5,9788,0
755,1816.13,197.8,0.0,1.0,5,9698,0
756,1818.38,195.0,0.0,1.0,5,9608,0
757,1820.59,193.2,0.0,1.0,5,9668,0
758,1822.77,191.9,0.0,1.0,5,9815,0
759,1824.94,190.7,0.0,1.0,5,9961,0
760,1827.11,189.4,0.0,1.0,5,10107,0
761,1829.28,188.2,0.0,1.0,5,10252,0
762,1831.37,186.3,0.0,1.0,5,10337,0
763,1833.45,184.2,0.0,1.0,5,10410,0
764,1835.51,182.1,0.0,1.0,5,10483,0
765,1837.56,180.0,0.0,1.0,5,10556,0
766,1839.6,178.0,0.0,1.0,5,10623,0
767,1841.65,177.7,0.0,1.0,5,10540,0
768,1843.7,177.5,0.0,1.0,5,10457,0
769,1845.75,177.2,0.0,1.0,5,10374,0
770,1847.78,176.8,0.0,1.0,5,10298,0
771,1849.76,175.5,0.0,0.8,5,10250,0
772,1851.74,174.3,0.0,0.6,5,10202,0
773,1853.72,173.0,0.0,0.3,4,10154,0
774,1855.7,171.8,0.0,0.1,4,10106,0
775,1857.67,170.7,0.2,0.0,4,10056,0
776,1859.61,170.0,0.7,0.0,4,10005,0
777,1861.54,169.3,1.3,0.0,4,9953,0
778,1863.47,168.6,1.8,0.0,4,9902,0
779,1865.4,167.9,2.3,0.0,4,9850,0
780,1867.32,167.2,2.8,0.0,4,9799,0
781,1869.23,166.5,5.8,0.0,4,9784,0
782,1871.12,165.8,10.1,0.0,4,9789,0
783,1873.0,165.0,14.4,0.0,4,9795,0
784,1874.86,164.3,18.7,0.0,4,9800,0
785,1876.73,163.5,23.0,0.0,4,9806,0
786,1878.6,162.8,27.3,0.0,4,9811,0
787,1880.47,162.1,31.7,0.0,4,9817,0
788,1882.34,162.0,35.4,0.0,4,9859,0
789,1884.22,162.0,39.0,0.0,4,9904,0
790,1886.09,162.0,42.6,0.0,4,9950,0
791,1887.97,162.0,46.3,0.0,4,9995,0
792,1889.86,162.4,49.9,0.0,4,10027,0
793,1891.77,162.8,53.6,0.0,4,10059,0
794,1893.69,163.2,57.2,0.0,4,10091,0
795,1895.6,163.6,60.9,0.0,4,10123,0
796,1897.51,164.0,64.5,0.0,4,10155,0
797,1899.43,164.4,68.2,0.0,4,10187,0
798,1901.34,164.8,71.8,0.0,4,10219,0
799,1903.26,165.3,74.8,0.0,4,10263,0
800,1905.21,166.1,76.9,0.0,4,10327,0
801,1907.15,166.9,79.0,0.0,4,10390,0
802,1909.1,167.7,81.1,0.0,4,10453,0
803,1911.04,168.1,83.4,0.0,4,10499,0
804,1913.0,168.3,85.9,0.0,4,10531,0
805,1914.96,168.5,88.4,0.0,4,10563,0
806,1916.91,168.7,90.9,0.0,4,10594,0
807,1918.87,169.0,93.4,0.0,4,10626,0
808,1920.89,170.0,94.4,0.0,4,10663,0
809,1922.94,171.2,95.0,0.0,4,10702,0
810,1924.98,172.5,95.6,0.0,4,10741,0
811,1927.06,173.8,96.2,0.0,4,10779,0
812,1929.17,175.1,96.8,0.0,4,10818,0
813,1931.27,176.3,97.3,0.0,4,10857,0
814,1933.38,177.6,97.9,0.0,4,10895,0
815,1935.49,178.9,98.5,0.0,4,10934,0
816,1937.59,180.1,99.0,0.0,4,10975,0
817,1939.7,180.6,99.3,0.0,4,11033,0
818,1941.81,181.1,99.6,0.0,4,11091,0
819,1943.91,181.6,99.8,0.0,4,11149,0
820,1946.03,182.1,99.5,0.0,4,11198,0
821,1948.16,182.7,97.5,0.0,4,11221,0
822,1950.3,183.2,95.5,0.0,4,11245,0
823,1952.45,183.7,93.6,0.0,4,11268,0
824,1954.61,184.2,91.6,0.0,4,11292,0
825,1956.77,184.8,89.7,0.0,4,11315,0
826,1958.93,185.3,87.7,0.0,4,11339,0
827,1961.1,185.8,85.8,0.0,4,11363,0
828,1963.27,186.2,85.2,0.0,4,11390,0
829,1965.44,186.5,85.5,0.0,4,11420,0
830,1967.61,186.8,85.8,0.0,4,11449,0
831,1969.81,187.1,86.1,0.0,4,11479,0
832,1972.0,187.4,86.4,0.0,4,11509,0
833,1974.19,187.7,86.7,0.0,4,11538,0
834,1976.39,188.1,87.1,0.0,4,11568,0
835,1978.58,188.4,87.4,0.0,4,11598,0
836,1980.77,188.7,87.7,0.0,4,11628,0
837,1982.97,189.0,88.0,0.0,4,11657,0
838,1985.21,189.9,89.7,0.0,4,11700,0
839,1987.45,190.8,91.5,0.0,4,11744,0
840,1989.7,191.7,93.3,0.0,4,11787,0
841,1991.95,192.6,95.1,0.0,4,11830,0
842,1994.22,193.4,96.9,0.0,4,11873,0
843,1996.49,194.3,98.7,0.0,4,11917,0
844,1998.77,195.2,100.0,0.0,4,11928,0
845,2001.05,195.8,100.0,0.0,4,11844,0
846,2003.34,196.4,100.0,0.0,4,11761,0
847,2005.63,197.0,100.0,0.0,4,11677,0
848,2007.93,197.7,100.0,0.0,4,11593,0
849,2010.24,198.2,99.3,0.0,4,11415,0
850,2012.55,198.8,97.7,0.0,4,11123,0
851,2014.87,199.3,96.2,0.0,4,10832,0
852,2017.18,199.8,94.6,0.0,4,10540,0
853,2019.5,200.1,94.6,0.0,5,10398,0
854,2021.83,200.3,95.7,0.0,5,10350,0
855,2024.15,200.5,96.7,0.0,5,10302,0
856,2026.47,200.6,97.8,0.0,5,10253,0
857,2028.8,200.8,98.8,0.0,5,10205,0
858,2031.13,201.0,99.9,0.0,5,10157,0
859,2033.5,201.7,100.0,0.0,5,10172,0
860,2035.88,202.6,100.0,0.0,5,10196,0
861,2038.25,203.4,100.0,0.0,5,10220,0
862,2040.62,204.2,100.0,0.0,5,10244,0
863,2043.0,205.0,100.0,0.0,5,10269,0
864,2045.4,205.4,100.0,0.0,5,10304,0
865,2047.81,205.9,100.0,0.0,5,10339,0
866,2050.22,206.3,100.0,0.0,5,10373,0
867,2052.63,206.7,100.0,0.0,5,10408,0
868,2055.05,207.1,100.0,0.0,5,10443,0
869,2057.48,207.5,100.0,0.0,5,10478,0
870,2059.91,208.0,100.0,0.0,5,10513,0
871,2062.33,208.4,100.0,0.0,5,10548,0
872,2064.76,208.8,100.0,0.0,5,10583,0
873,2067.2,209.1,100.0,0.0,5,10606,0
874,2069.63,209.4,100.0,0.0,5,10617,0
875,2072.07,209.7,100.0,0.0,5,10628,0
876,2074.5,210.0,100.0,0.0,5,10639,0
877,2076.94,210.3,100.0,0.0,5,10650,0
878,2079.39,210.6,100.0,0.0,5,10661,0
879,2081.85,210.9,100.0,0.0,5,10672,0
880,2084.33,211.7,100.0,0.0,5,10694,0
881,2086.83,212.5,100.0,0.0,5,10720,0
882,2089.32,213.4,100.0,0.0,5,10745,0
883,2091.82,214.3,100.0,0.0,5,10770,0
884,2094.32,215.1,100.0,0.0,5,10796,0
885,2096.84,216.0,100.0,0.0,5,10821,0
886,2099.37,216.2,100.0,0.0,5,10803,0
887,2101.91,216.3,100.0,0.0,5,10785,0
888,2104.45,216.5,100.0,0.0,5,10767,0
889,2106.95,216.7,100.0,0.0,5,10749,0
890,2109.42,216.9,100.0,0.0,5,10732,0
891,2111.87,216.3,96.9,0.0,5,10690,0
892,2114.25,213.6,83.9,0.0,5,10574,0
893,2116.62,210.9,70.8,0.0,5,10458,0
894,2118.92,208.1,57.8,0.0,5,10341,0
895,2121.19,205.4,44.8,0.0,5,10225,0
896,2123.43,202.7,31.8,0.1,5,10109,0
897,2125.6,199.9,18.8,0.5,5,9992,0
898,2127.77,197.2,5.7,0.8,5,9876,0
899,2129.86,194.5,0.0,1.0,5,9906,0
900,2131.88,191.7,0.0,1.0,5,10049,0
901,2133.89,189.0,0.0,1.0,5,10193,0
902,2135.91,186.2,0.0,1.0,5,10337,0
903,2137.93,183.5,0.0,1.0,5,10481,0
904,2139.95,180.7,0.0,1.0,5,10624,0
905,2141.8,178.0,0.0,1.0,5,10768,0
906,2143.63,175.2,0.0,1.0,5,10912,0
907,2145.47,172.5,0.0,1.0,4,11056,0
908,2147.3,169.7,0.0,1.0,4,11199,0
909,2149.13,167.0,0.0,1.0,4,11342,0
910,2150.84,164.1,0.0,1.0,4,11196,0
911,2152.49,161.2,0.0,1.0,4,11048,0
912,2154.13,158.3,0.0,1.0,4,10901,0
913,2155.78,155.3,0.0,1.0,4,10753,0
914,2157.42,152.4,0.0,1.0,4,10606,0
915,2159.07,149.5,0.0,1.0,4,10459,0
916,2160.63,146.6,0.0,1.0,4,10311,0
917,2162.15,143.7,0.0,1.0,3,10164,0
918,2163.67,140.7,0.0,1.0,3,10016,0
919,2165.16,137.9,0.0,1.0,3,10017,0
920,2166.61,135.1,0.0,1.0,3,10238,0
921,2168.06,132.3,0.0,1.0,3,10459,0
922,2169.47,129.6,0.0,1.0,3,10681,0
923,2170.87,126.8,0.0,1.0,3,10902,0
924,2172.28,124.0,0.0,1.0,3,11123,0
925,2173.67,122.5,0.0,1.0,3,11149,0
926,2175.06,121.7,0.0,1.0,3,11063,0
927,2176.45,120.9,0.0,1.0,3,10978,0
928,2177.81,120.2,0.0,1.0,3,10893,0
929,2179.14,119.4,0.0,1.0,3,10808,0
930,2180.47,118.6,0.0,1.0,2,10723,0
931,2181.8,117.8,0.0,1.0,2,10638,0
932,2183.12,117.0,0.0,1.0,2,10553,0
933,2184.31,114.7,0.0,1.0,2,10403,0
934,2185.48,112.3,0.0,1.0,2,10251,0
935,2186.65,110.0,0.0,1.0,2,10099,0
936,2187.82,107.6,0.0,1.0,2,9947,0
937,2188.99,105.2,0.0,1.0,2,9795,0
938,2190.16,102.8,0.0,1.0,2,9643,0
939,2191.3,100.7,0.0,1.0,2,9506,0
940,2192.41,99.5,0.0,1.0,2,9418,0
941,2193.52,98.2,0.0,1.0,2,9331,0
942,2194.62,97.0,0.0,1.0,2,9243,0
943,2195.71,95.7,0.0,1.0,2,9155,0
944,2196.79,94.6,0.0,1.0,2,9077,0
945,2197.85,93.8,0.0,1.0,2,9012,0
946,2198.89,93.0,0.0,1.0,2,8946,0
947,2199.94,92.1,0.0,1.0,2,8881,0
948,2200.99,91.3,0.0,1.0,2,8816,0
949,2202.02,90.7,0.0,1.0,2,8774,0
950,2203.04,90.1,0.0,1.0,2,8745,0
951,2204.06,89.6,0.0,1.0,2,8716,0
952,2205.08,89.1,0.0,1.0,2,8688,0
953,2206.1,88.6,0.0,1.0,2,8659,0
954,2207.1,88.1,0.0,1.0,2,8630,0
955,2208.08,87.5,0.0,1.0,2,8602,0
956,2209.07,87.0,0.0,1.0,2,8573,0
957,2209.97,86.4,0.0,1.0,2,8527,0
958,2210.87,85.9,0.0,1.0,2,8480,0
959,2211.78,85.3,0.0,1.0,2,8433,0
960,2212.68,84.7,0.0,1.0,2,8386,0
961,2213.58,84.1,0.0,1.0,2,8340,0
962,2214.49,83.5,0.0,1.0,2,8293,0
963,2215.39,82.9,0.0,1.0,2,8246,0
964,2216.29,82.3,0.0,1.0,2,8199,0
965,2217.19,81.8,0.0,1.0,2,8152,0
966,2218.1,81.2,0.0,1.0,2,8105,0
967,2219.0,80.6,0.0,1.0,2,8058,0
968,2219.9,80.0,0.0,1.0,2,8011,0
969,2220.81,79.4,0.0,1.0,2,7964,0
970,2221.71,78.8,0.0,1.0,2,7918,0
971,2222.61,78.2,0.0,1.0,2,7871,0
972,2223.5,77.8,0.0,1.0,2,7790,0
973,2224.38,77.4,0.0,1.0,2,7685,0
974,2225.26,77.1,0.0,1.0,2,7581,0
975,2226.14,76.8,0.0,1.0,2,7477,0
976,2227.02,76.4,0.0,1.0,2,7373,0
977,2227.9,76.1,0.0,1.0,2,7269,0
978,2228.77,75.8,0.0,1.0,2,7249,0
979,2229.65,75.5,0.0,1.0,2,7245,0
980,2230.51,75.3,0.0,1.0,2,7241,0
981,2231.36,75.0,0.0,1.0,2,7237,0
982,2232.21,74.3,1.4,1.0,2,7176,0
983,2233.03,73.6,2.8,1.0,2,7115,0
984,2233.85,72.9,4.2,1.0,2,7055,0
985,2234.66,72.2,5.6,1.0,2,6994,0
986,2235.48,71.5,6.9,1.0,2,6933,0
987,2236.31,71.1,8.9,1.0,2,6923,0
988,2237.17,71.6,12.4,0.8,2,7069,0
989,2238.02,72.0,16.0,0.7,2,7216,0
990,2238.88,72.4,19.5,0.5,2,7363,0
991,2239.74,72.9,23.1,0.4,2,7509,0
992,2240.59,73.3,26.6,0.2,2,7656,0
993,2241.45,73.8,30.2,0.1,2,7803,0
994,2242.32,74.2,32.2,0.0,2,7895,0
995,2243.21,74.7,32.7,0.0,2,7930,0
996,2244.1,75.1,33.1,0.0,2,7965,0
997,2244.99,75.6,33.6,0.0,2,8001,0
998,2245.88,76.0,34.0,0.0,2,8036,0
999,2246.77,76.5,34.5,0.0,2,8072,0
1000,2247.67,76.9,34.9,0.0,2,8107,0
1001,2248.6,77.6,35.8,0.0,2,8206,0
1002,2249.55,78.3,36.9,0.0,2,8324,0
1003,2250.49,79.1,37.9,0.0,2,8442,0
1004,2251.44,79.8,38.9,0.0,2,8560,0
1005,2252.38,80.6,40.0,0.0,2,8678,0
1006,2253.33,81.3,41.0,0.0,2,8796,0
1007,2254.3,82.0,42.0,0.0,2,8912,0
1008,2255.3,82.7,42.5,0.0,2,8991,0
1009,2256.29,83.4,43.1,0.0,2,9071,0
1010,2257.29,84.1,43.6,0.0,2,9151,0
1011,2258.29,84.8,44.1,0.0,2,9231,0
1012,2259.28,85.5,44.6,0.0,2,9311,0
1013,2260.3,86.4,45.4,0.0,2,9389,0
1014,2261.34,87.5,46.7,0.0,2,9462,0
1015,2262.4,88.7,48.1,0.0,2,9536,0
1016,2263.49,89.9,49.4,0.0,2,9610,0
1017,2264.6,91.1,50.8,0.0,2,9683,0
1018,2265.71,92.3,52.1,0.0,2,9757,0
1019,2266.82,93.5,53.5,0.0,2,9831,0
1020,2267.97,94.9,54.5,0.0,2,9938,0
1021,2269.18,96.5,55.3,0.0,2,10066,0
1022,2270.41,98.1,56.0,0.0,2,10195,0
1023,2271.65,99.6,56.8,0.0,2,10324,0
1024,2272.88,101.2,57.6,0.0,2,10453,0
1025,2274.12,102.8,58.4,0.0,2,10582,0
1026,2275.35,104.3,59.2,0.0,2,10711,0
1027,2276.6,105.9,59.9,0.0,2,10841,0
1028,2277.91,107.2,61.4,0.0,2,10950,0
1029,2279.25,108.6,63.0,0.0,2,11059,0
1030,2280.63,110.0,64.6,0.0,2,11167,0
1031,2282.02,111.3,66.1,0.0,2,11276,0
1032,2283.41,112.7,67.7,0.0,2,11385,0
1033,2284.8,114.0,69.2,0.0,2,11493,0
1034,2286.19,115.4,70.8,0.0,2,11602,0
1035,2287.58,116.7,72.4,0.0,2,11710,0
1036,2288.97,118.1,73.9,0.0,2,11819,0
1037,2290.35,119.0,75.0,0.0,2,11800,0
1038,2291.73,119.0,75.0,0.0,2,11508,0
1039,2293.1,119.0,75.0,0.0,2,11216,0
1040,2294.48,119.0,75.0,0.0,2,10924,0
1041,2295.9,119.8,75.6,0.0,2,10806,0
1042,2297.36,121.5,76.7,0.0,2,10875,0
1043,2298.83,123.2,77.9,0.0,2,10943,0
1044,2300.36,124.9,79.1,0.0,2,11012,0
1045,2301.93,126.6,80.3,0.0,2,11080,0
1046,2303.49,128.3,81.4,0.0,3,11149,0
1047,2305.06,130.0,82.6,0.0,3,11218,0
1048,2306.62,131.7,83.8,0.0,3,11286,0
1049,2308.24,133.2,84.5,0.0,3,11231,0
1050,2309.88,134.7,85.0,0.0,3,11144,0
1051,2311.51,136.2,85.6,0.0,3,11058,0
1052,2313.25,137.8,86.2,0.0,3,10971,0
1053,2314.99,139.3,86.7,0.0,3,10885,0
1054,2316.73,140.8,87.3,0.0,3,10798,0
1055,2318.47,142.3,87.9,0.0,3,10711,0
1056,2320.21,143.8,88.4,0.0,3,10625,0
1057,2321.95,145.3,89.0,0.0,3,10538,0
1058,2323.69,146.8,89.6,0.0,3,10452,0
1059,2325.48,148.6,90.3,0.0,3,10384,0
1060,2327.39,150.9,91.6,0.0,3,10374,0
1061,2329.3,153.3,92.9,0.0,3,10365,0
1062,2331.21,155.6,94.2,0.0,3,10356,0
1063,2333.12,157.9,95.5,0.0,3,10346,0
1064,2335.02,160.3,96.8,0.0,3,10337,0
1065,2336.93,162.6,98.1,0.0,3,10327,0
1066,2338.9,165.0,99.4,0.0,4,10318,0
1067,2340.93,167.1,100.0,0.0,4,10370,0
1068,2342.98,169.0,100.0,0.0,4,10471,0
1069,2345.03,171.0,100.0,0.0,4,10572,0
1070,2347.09,172.9,100.0,0.0,4,10673,0
1071,2349.15,174.8,100.0,0.0,4,10773,0
1072,2351.26,176.8,100.0,0.0,4,10874,0
1073,2353.36,178.7,100.0,0.0,4,10975,0
1074,2355.5,180.2,100.0,0.0,4,11092,0
1075,2357.64,181.7,100.0,0.0,4,11211,0
1076,2359.78,183.1,100.0,0.0,4,11331,0
1077,2361.95,184.6,100.0,0.0,4,11451,0
1078,2364.12,186.0,100.0,0.0,4,11566,0
1079,2366.35,187.1,99.9,0.0,4,11578,0
1080,2368.57,188.1,99.7,0.0,4,11590,0
1081,2370.79,189.2,99.6,0.0,4,11602,0
1082,2373.02,190.2,99.5,0.0,4,11614,0
1083,2375.24,191.3,99.3,0.0,4,11626,0
1084,2377.52,192.3,99.2,0.0,4,11638,0
1085,2379.81,193.3,99.1,0.0,4,11650,0
1086,2382.14,194.6,99.0,0.0,4,11601,0
1087,2384.52,196.1,99.0,0.0,4,11442,0
1088,2386.9,197.7,99.0,0.0,4,11284,0
1089,2389.29,199.2,99.0,0.0,4,11126,0
1090,2391.67,200.8,99.0,0.0,4,10967,0
1091,2394.06,202.4,99.0,0.0,4,10809,0
1092,2396.44,203.9,99.0,0.0,4,10650,0
1093,2398.83,205.5,99.0,0.0,4,10492,0
1094,2401.28,206.8,99.1,0.0,4,10467,0
1095,2403.8,208.1,99.2,0.0,4,10506,0
1096,2406.32,209.3,99.3,0.0,4,10545,0
1097,2408.83,210.6,99.4,0.0,4,10584,0
1098,2411.35,211.9,99.5,0.0,4,10623,0
1099,2413.87,213.1,99.6,0.0,4,10662,0
1100,2416.39,214.4,99.7,0.0,4,10701,0
1101,2418.91,215.6,99.8,0.0,4,10740,0
1102,2421.46,216.9,99.9,0.0,5,10779,0
1103,2424.02,218.1,100.0,0.0,5,10821,0
1104,2426.59,218.8,100.0,0.0,5,10890,0
1105,2429.16,219.4,100.0,0.0,5,10959,0
1106,2431.72,220.1,100.0,0.0,5,11029,0
1107,2434.29,220.8,100.0,0.0,5,11098,0
1108,2436.86,221.5,100.0,0.0,5,11168,0
1109,2439.44,222.3,100.0,0.0,5,11228,0
1110,2442.04,223.0,100.0,0.0,5,11269,0
1111,2444.65,223.8,100.0,0.0,5,11310,0
1112,2447.26,224.6,100.0,0.0,5,11352,0
1113,2449.88,225.4,100.0,0.0,5,11396,0
1114,2452.53,226.3,100.0,0.0,5,11443,0
1115,2455.18,227.2,100.0,0.0,5,11491,0
1116,2457.86,228.1,100.0,0.0,5,11539,0
1117,2460.55,229.0,100.0,0.0,5,11586,0
1118,2463.24,229.9,100.0,0.0,5,11634,0
1119,2465.93,230.8,100.0,0.0,5,11682,0
1120,2468.65,231.7,100.0,0.0,5,11710,0
1121,2471.38,232.6,100.0,0.0,5,11732,0
1122,2474.11,233.5,100.0,0.0,5,11754,0
1123,2476.86,234.4,100.0,0.0,5,11776,0
1124,2479.61,235.3,100.0,0.0,5,11798,0
1125,2482.37,236.1,100.0,0.0,5,11820,0
1126,2485.12,237.0,100.0,0.0,5,11842,0
1127,2487.89,237.7,100.0,0.0,5,11860,0
1128,2490.67,238.3,100.0,0.0,5,11878,0
1129,2493.44,238.9,100.0,0.0,5,11897,0
1130,2496.23,239.5,100.0,0.0,5,11915,0
1131,2499.02,240.1,100.0,0.0,5,11937,0
1132,2501.82,240.5,100.0,0.0,5,11971,0
1133,2504.62,240.9,100.0,0.0,5,12004,0
1134,2507.42,241.3,100.0,0.0,5,12038,0
1135,2510.24,241.7,100.0,0.0,5,12071,0
1136,2513.06,242.0,100.0,0.0,5,12105,0
1137,2515.88,242.4,100.0,0.0,5,12139,0
1138,2518.7,242.8,100.0,0.0,5,12172,0
1139,2521.53,243.2,100.0,0.0,5,12178,0
1140,2524.36,243.7,100.0,0.0,5,12163,0
1141,2527.2,244.1,100.0,0.0,5,12148,0
1142,2530.04,244.5,100.0,0.0,5,12133,0
1143,2532.87,244.9,100.0,0.0,5,12118,0
1144,2535.68,244.4,100.0,0.2,5,12114,0
1145,2538.48,243.6,100.0,0.5,5,12114,0
1146,2541.29,242.9,100.0,0.7,5,12114,0
1147,2544.09,242.1,100.0,1.0,5,12114,0
1148,2546.73,237.9,81.3,1.0,5,11897,0
1149,2549.31,233.3,60.5,1.0,5,11655,0
1150,2551.82,228.7,39.7,1.0,5,11414,0
1151,2554.33,224.1,18.8,1.0,5,11172,0
1152,2556.84,220.0,0.0,1.0,5,10942,0
1153,2559.37,219.5,0.0,1.0,5,10828,0
1154,2561.9,219.1,0.0,1.0,5,10713,0
1155,2564.42,218.6,0.0,1.0,5,10599,0
1156,2566.94,218.2,0.0,1.0,5,10484,0
1157,2569.47,217.7,0.0,1.0,5,10370,0
1158,2571.98,217.3,0.0,1.0,5,10256,0
1159,2574.33,215.7,0.0,1.0,5,10224,0
1160,2576.59,212.4,0.0,1.0,5,10330,0
1161,2578.85,209.0,0.0,1.0,5,10437,0
1162,2581.1,205.7,0.0,1.0,5,10543,0
1163,2583.24,202.3,0.0,1.0,5,10649,0
1164,2585.36,199.0,0.0,1.0,5,10756,0
1165,2587.48,195.6,0.0,1.0,4,10862,0
1166,2589.6,192.2,0.0,1.0,4,10969,0
1167,2591.72,188.9,0.0,1.0,4,11075,0
1168,2593.86,187.2,0.0,1.0,4,11008,0
1169,2596.0,186.2,0.0,1.0,4,10878,0
1170,2598.12,185.1,0.0,1.0,4,10748,0
1171,2600.24,184.1,0.0,1.0,4,10618,0
1172,2602.23,181.0,0.0,1.0,4,10473,0
1173,2604.21,177.6,0.0,1.0,4,10325,0
1174,2606.19,174.2,0.0,1.0,4,10177,0
1175,2608.15,170.9,0.0,1.0,4,10042,0
1176,2610.0,168.4,0.0,1.0,4,10130,0
1177,2611.8,166.0,0.0,1.0,4,10217,0
1178,2613.52,163.6,0.0,1.0,4,10305,0
1179,2615.23,161.1,0.0,1.0,4,10392,0
1180,2616.94,158.7,0.0,1.0,4,10480,0
1181,2618.65,156.2,0.0,1.0,4,10567,0
1182,2620.36,153.8,0.0,1.0,4,10655,0
1183,2622.06,151.4,0.0,1.0,4,10742,0
1184,2623.76,149.6,0.0,1.0,4,10734,0
1185,2625.46,148.8,0.0,1.0,4,10603,0
1186,2627.17,148.0,0.0,1.0,4,10472,0
1187,2628.86,147.1,0.0,1.0,4,10342,0
1188,2630.53,146.3,0.0,1.0,3,10211,0
1189,2632.13,144.8,0.0,1.0,3,10139,0
1190,2633.69,143.0,0.0,1.0,3,10100,0
1191,2635.25,141.2,0.0,1.0,3,10060,0
1192,2636.81,139.4,0.0,1.0,3,10021,0
1193,2638.38,137.5,0.0,1.0,3,9982,0
1194,2639.89,135.7,0.0,1.0,3,9942,0
1195,2641.34,133.9,0.0,1.0,3,9903,0
1196,2642.78,132.1,0.0,1.0,3,9864,0
1197,2644.17,130.1,0.0,1.0,3,10034,0
1198,2645.53,128.2,0.0,1.0,3,10214,0
1199,2646.89,126.2,0.0,1.0,3,10393,0
1200,2648.25,124.3,0.0,1.0,3,10573,0
1201,2649.61,122.3,0.0,1.0,3,10752,0
1202,2650.95,120.4,0.0,1.0,3,10931,0
1203,2652.29,118.4,0.0,1.0,2,11111,0
1204,2653.64,117.0,0.0,1.0,2,11209,0
1205,2655.01,117.0,0.0,1.0,2,11099,0
1206,2656.37,117.0,0.0,1.0,2,10989,0
1207,2657.71,117.0,0.0,1.0,2,10879,0
1208,2659.02,116.1,0.0,1.0,2,10723,0
1209,2660.29,114.0,0.0,1.0,2,10511,0
1210,2661.55,111.9,0.0,1.0,2,10298,0
1211,2662.76,109.8,0.0,1.0,2,10085,0
1212,2663.96,107.8,0.0,1.0,2,9873,0
1213,2665.12,106.0,0.0,1.0,2,9741,0
1214,2666.25,104.6,0.0,1.0,2,9656,0
1215,2667.37,103.1,0.0,1.0,2,9570,0
1216,2668.5,101.6,0.0,1.0,2,9485,0
1217,2669.62,100.1,0.0,1.0,2,9400,0
1218,2670.75,98.6,0.0,1.0,2,9314,0
1219,2671.86,97.1,0.0,1.0,2,9229,0
1220,2672.95,96.3,0.0,1.0,2,9165,0
1221,2674.04,95.5,0.0,1.0,2,9103,0
1222,2675.12,94.7,0.0,1.0,2,9041,0
1223,2676.2,94.0,0.0,1.0,2,8982,0
1224,2677.26,93.3,0.0,1.0,2,8949,0
1225,2678.3,92.6,0.0,1.0,2,8917,0
1226,2679.35,92.0,0.0,1.0,2,8885,0
1227,2680.39,91.3,0.0,1.0,2,8852,0
1228,2681.43,90.7,0.0,1.0,2,8820,0
1229,2682.45,90.0,0.0,1.0,2,8788,0
1230,2683.44,89.4,0.0,1.0,2,8755,0
1231,2684.42,88.3,0.0,1.0,2,8841,0
1232,2685.38,86.7,0.0,1.0,2,9104,0
1233,2686.31,85.0,0.0,1.0,2,9366,0
1234,2687.24,83.3,0.0,1.0,2,9629,0
1235,2688.17,81.7,0.0,1.0,2,9891,0
1236,2689.07,80.6,0.0,1.0,2,10016,0
1237,2689.97,79.9,0.0,1.0,2,10051,0
1238,2690.86,79.2,0.0,1.0,2,10085,0
1239,2691.75,78.5,0.0,1.0,1,10119,0
1240,2692.64,77.8,0.0,1.0,1,10153,0
1241,2693.52,77.1,0.0,1.0,1,10187,0
1242,2694.39,76.4,0.0,1.0,1,10070,0
1243,2695.25,75.6,0.0,1.0,1,9924,0
1244,2696.07,74.9,0.0,1.0,1,9777,0
1245,2696.9,74.1,0.0,1.0,1,9631,0
1246,2697.72,73.4,0.0,1.0,1,9484,0
1247,2698.54,72.7,0.0,1.0,1,9338,0
1248,2699.36,71.9,0.0,1.0,1,9208,0
1249,2700.12,70.8,0.0,1.0,1,9195,0
1250,2700.88,69.8,0.0,1.0,1,9183,0
1251,2701.64,68.8,0.0,1.0,1,9170,0
1252,2702.39,67.7,0.0,0.9,1,9158,0
1253,2703.14,66.7,0.0,0.6,1,9146,0
1254,2703.88,65.6,0.0,0.2,1,9133,0
1255,2704.63,65.0,0.9,0.0,1,9127,0
1256,2705.38,65.0,3.1,0.0,1,9129,0
1257,2706.13,65.0,5.3,0.0,1,9130,0
1258,2706.88,65.0,7.5,0.0,1,9132,0
1259,2707.63,65.0,9.7,0.0,1,9134,0
1260,2708.39,65.0,12.0,0.0,1,9136,0
1261,2709.14,65.0,14.2,0.0,1,9138,0
1262,2709.89,65.0,16.4,0.0,1,9139,0
1263,2710.64,65.0,17.3,0.0,1,9150,0
1264,2711.39,65.0,17.7,0.0,1,9164,0
1265,2712.14,65.0,18.0,0.0,1,9178,0
1266,2712.89,65.0,18.4,0.0,1,9192,0
1267,2713.64,65.0,18.8,0.0,1,9207,0
1268,2714.39,65.0,19.2,0.0,1,9221,0
1269,2715.14,65.0,19.5,0.0,1,9235,0
1270,2715.89,65.0,19.9,0.0,1,9249,0
1271,2716.65,65.0,20.3,0.0,1,9263,0
1272,2717.41,65.0,20.7,0.0,1,9277,0
1273,2718.17,65.1,21.7,0.0,1,9305,0
1274,2718.94,65.6,26.1,0.0,1,9405,0
1275,2719.71,66.1,30.6,0.0,1,9505,0
1276,2720.49,66.6,35.0,0.0,1,9605,0
1277,2721.29,67.2,38.5,0.0,1,9712,0
1278,2722.1,67.9,40.1,0.0,1,9833,0
1279,2722.92,68.6,41.6,0.0,1,9955,0
1280,2723.74,69.3,43.2,0.0,1,10076,0
1281,2724.56,70.0,44.8,0.0,1,10197,0
1282,2725.38,70.7,46.3,0.0,1,10319,0
1283,2726.26,71.7,47.4,0.0,1,10420,0
1284,2727.15,73.0,48.0,0.0,1,10505,0
1285,2728.04,74.2,48.6,0.0,1,10590,0
1286,2728.93,75.5,49.2,0.0,1,10675,0
1287,2729.83,76.7,49.9,0.0,1,10761,0
1288,2730.74,77.5,50.0,0.0,1,10559,0
1289,2731.67,78.1,50.0,0.0,1,10268,0
1290,2732.59,78.7,50.0,0.0,1,9976,0
1291,2733.52,79.3,50.0,0.0,1,9684,0
1292,2734.47,80.0,50.0,0.0,1,9384,0
1293,2735.48,82.5,51.2,0.0,1,9396,0
1294,2736.52,85.1,52.6,0.0,2,9412,0
1295,2737.56,87.7,53.9,0.0,2,9427,0
1296,2738.62,90.1,55.2,0.0,2,9459,0
1297,2739.72,91.2,56.3,0.0,2,9599,0
1298,2740.84,92.2,57.5,0.0,2,9740,0
1299,2741.96,93.2,58.7,0.0,2,9881,0
1300,2743.09,94.3,59.9,0.0,2,10022,0
1301,2744.21,95.3,61.1,0.0,2,10163,0
1302,2745.34,96.4,62.3,0.0,2,10305,0
1303,2746.49,97.4,63.8,0.0,2,10476,0
1304,2747.64,98.4,65.9,0.0,2,10693,0
1305,2748.8,99.5,68.0,0.0,2,10911,0
1306,2749.99,100.5,70.0,0.0,2,11128,0
1307,2751.23,101.8,71.5,0.0,2,11125,0
1308,2752.51,103.2,72.4,0.0,2,10932,0
1309,2753.79,104.6,73.3,0.0,2,10738,0
1310,2755.07,106.1,74.2,0.0,2,10544,0
1311,2756.36,107.5,75.1,0.0,2,10351,0
1312,2757.64,108.9,76.0,0.0,2,10157,0
1313,2758.96,110.4,77.0,0.0,2,9964,0
1314,2760.31,111.8,77.9,0.0,2,9769,0
1315,2761.68,113.8,78.9,0.0,2,9768,0
1316,2763.07,115.9,79.9,0.0,2,9799,0
1317,2764.46,118.0,81.0,0.0,2,9830,0
1318,2765.88,120.1,82.0,0.0,3,9863,0
1319,2767.41,122.5,82.2,0.0,3,9957,0
1320,2768.96,124.9,82.3,0.0,3,10052,0
1321,2770.51,127.3,82.5,0.0,3,10148,0
1322,2772.06,129.8,82.7,0.0,3,10243,0
1323,2773.61,132.2,82.9,0.0,3,10339,0
1324,2775.19,134.4,83.2,0.0,3,10460,0
1325,2776.87,136.1,84.1,0.0,3,10649,0
1326,2778.56,137.8,85.1,0.0,3,10839,0
1327,2780.25,139.5,86.0,0.0,3,11029,0
1328,2781.94,141.2,86.9,0.0,3,11220,0
1329,2783.63,142.9,87.8,0.0,3,11410,0
1330,2785.33,144.6,88.7,0.0,3,11601,0
1331,2787.08,146.3,89.6,0.0,3,11790,0
1332,2788.88,148.0,90.5,0.0,3,11719,0
1333,2790.71,149.8,91.4,0.0,3,11454,0
1334,2792.54,151.6,92.3,0.0,3,11190,0
1335,2794.37,153.4,93.2,0.0,3,10926,0
1336,2796.2,155.2,94.1,0.0,3,10662,0
1337,2798.05,157.0,95.0,0.0,3,10397,0
1338,2799.93,158.7,95.9,0.0,3,10132,0
1339,2801.86,160.3,96.0,0.0,3,10153,0
1340,2803.81,161.9,96.0,0.0,3,10221,0
1341,2805.75,163.5,96.0,0.0,3,10289,0
1342,2807.7,165.1,96.0,0.0,4,10357,0
1343,2809.64,166.6,96.0,0.0,4,10425,0
1344,2811.6,168.2,96.1,0.0,4,10497,0
1345,2813.65,170.0,96.5,0.0,4,10593,0
1346,2815.74,171.8,96.9,0.0,4,10689,0
1347,2817.9,173.5,97.3,0.0,4,10786,0
1348,2820.05,175.3,97.7,0.0,4,10882,0
1349,2822.2,177.1,98.1,0.0,4,10978,0
1350,2824.36,178.8,98.6,0.0,4,11075,0
1351,2826.52,180.6,99.0,0.0,4,11171,0
1352,2828.69,182.4,99.4,0.0,4,11267,0
1353,2830.86,184.2,99.8,0.0,4,11364,0
1354,2833.04,185.4,100.0,0.0,4,11425,0
1355,2835.21,186.2,100.0,0.0,4,11455,0
1356,2837.39,187.0,100.0,0.0,4,11484,0
1357,2839.57,187.8,100.0,0.0,4,11514,0
1358,2841.82,189.3,100.0,0.0,4,11481,0
1359,2844.14,191.2,100.0,0.0,4,11420,0
1360,2846.45,193.2,100.0,0.0,4,11359,0
1361,2848.76,195.1,100.0,0.0,4,11297,0
1362,2851.07,197.1,100.0,0.0,4,11236,0
1363,2853.42,199.0,100.0,0.0,4,11175,0
1364,2855.8,200.9,100.0,0.0,4,11113,0
1365,2858.22,202.2,100.0,0.0,4,11100,0
1366,2860.64,203.6,100.0,0.0,4,11088,0
1367,2863.06,204.9,100.0,0.0,4,11077,0
1368,2865.48,206.2,100.0,0.0,4,11065,0
1369,2867.91,207.5,100.0,0.0,4,11053,0
1370,2870.38,208.8,100.0,0.0,4,11042,0
1371,2872.87,210.1,100.0,0.0,5,11030,0
1372,2875.37,211.4,100.0,0.0,5,11029,0
1373,2877.92,212.7,99.8,0.0,5,11055,0
1374,2880.48,214.0,99.7,0.0,5,11081,0
1375,2883.04,215.3,99.6,0.0,5,11107,0
1376,2885.59,216.6,99.4,0.0,5,11132,0
1377,2888.15,217.9,99.3,0.0,5,11158,0
1378,2890.71,219.2,99.2,0.0,5,11184,0
1379,2893.26,220.5,99.1,0.0,5,11210,0
1380,2895.85,221.6,99.2,0.0,5,11249,0
1381,2898.45,222.7,99.4,0.0,5,11297,0
1382,2901.06,223.7,99.7,0.0,5,11345,0
1383,2903.67,224.8,99.9,0.0,5,11393,0
1384,2906.35,225.9,100.0,0.0,5,11447,0
1385,2909.06,227.0,100.0,0.0,5,11502,0
1386,2911.76,228.2,100.0,0.0,5,11557,0
1387,2914.46,229.3,100.0,0.0,5,11611,0
1388,2917.17,230.5,100.0,0.0,5,11666,0
1389,2919.9,231.6,100.0,0.0,5,11721,0
1390,2922.66,232.7,100.0,0.0,5,11776,0
1391,2925.43,233.9,100.0,0.0,5,11831,0
1392,2928.19,235.0,100.0,0.0,5,11886,0
1393,2930.96,236.2,100.0,0.0,5,11934,0
1394,2933.75,237.2,100.0,0.0,5,11945,0
1395,2936.54,238.2,100.0,0.0,5,11955,0
1396,2939.33,239.3,100.0,0.0,5,11966,0
1397,2942.12,240.3,100.0,0.0,5,11977,0
1398,2944.92,241.4,100.0,0.0,5,11901,0
1399,2947.76,242.4,100.0,0.0,5,11672,0
1400,2950.62,243.5,100.0,0.0,5,11443,0
1401,2953.49,244.5,100.0,0.0,5,11213,0
1402,2956.35,245.5,100.0,0.0,5,10984,0
1403,2959.22,246.6,100.0,0.0,5,10755,0
1404,2962.14,247.6,100.0,0.0,6,10684,0
1405,2965.08,248.7,100.0,0.0,6,10718,0
1406,2968.02,249.7,100.0,0.0,6,10752,0
1407,2970.96,250.7,100.0,0.0,6,10787,0
1408,2973.9,251.8,100.0,0.0,6,10821,0
1409,2976.84,252.8,100.0,0.0,6,10855,0
1410,2979.78,253.9,100.0,0.0,6,10890,0
1411,2982.75,254.6,100.0,0.0,6,10931,0
1412,2985.74,255.3,100.0,0.0,6,10974,0
1413,2988.72,256.0,100.0,0.0,6,11016,0
1414,2991.71,256.7,100.0,0.0,6,11058,0
1415,2994.69,257.4,100.0,0.0,6,11101,0
1416,2997.69,258.1,100.0,0.0,6,11138,0
1417,3000.7,258.5,100.0,0.0,6,11138,0
1418,3003.71,258.9,100.0,0.0,6,11137,0
1419,3006.71,259.3,100.0,0.0,6,11137,0
1420,3009.72,259.7,100.0,0.0,6,11136,0
1421,3012.75,260.2,100.0,0.0,6,11149,0
1422,3015.79,260.8,100.0,0.0,6,11190,0
1423,3018.84,261.4,100.0,0.0,6,11230,0
1424,3021.88,262.1,100.0,0.0,6,11271,0
1425,3024.92,262.7,100.0,0.0,6,11311,0
1426,3027.98,263.3,100.0,0.0,6,11341,0
1427,3031.05,264.0,100.0,0.0,6,11361,0
1428,3034.13,264.6,100.0,0.0,6,11380,0
1429,3037.22,265.2,100.0,0.0,6,11400,0
1430,3040.3,265.8,100.0,0.0,6,11420,0
1431,3043.4,266.4,100.0,0.0,6,11311,0
1432,3046.5,267.0,100.0,0.0,6,11152,0
1433,3049.63,267.6,100.0,0.0,6,10994,0
1434,3052.77,268.2,100.0,0.0,6,10835,0
1435,3055.9,268.8,100.0,0.0,6,10676,0
1436,3059.03,269.4,100.0,0.0,6,10518,0
1437,3062.16,270.0,100.0,0.0,6,10359,0
1438,3065.32,270.7,100.0,0.0,6,10288,0
1439,3068.49,271.4,100.0,0.0,6,10217,0
1440,3071.66,272.1,100.0,0.0,6,10145,0
1441,3074.84,272.8,100.0,0.0,7,10074,0
1442,3078.01,273.5,100.0,0.0,7,10003,0
1443,3081.19,274.0,100.0,0.0,7,9953,0
1444,3084.37,274.1,100.0,0.0,7,9971,0
1445,3087.55,274.3,100.0,0.0,7,9989,0
1446,3090.73,274.4,100.0,0.0,7,10006,0
1447,3093.91,274.5,100.0,0.0,7,10024,0
1448,3097.1,274.6,100.0,0.0,7,10042,0
1449,3100.28,274.7,100.0,0.0,7,10059,0
1450,3103.47,274.8,100.0,0.0,7,10077,0
1451,3106.65,275.0,100.0,0.0,7,10095,0
1452,3109.84,275.1,100.0,0.0,7,10106,0
1453,3113.04,275.2,100.0,0.0,7,10112,0
1454,3116.23,275.4,100.0,0.0,7,10118,0
1455,3119.43,275.5,100.0,0.0,7,10124,0
1456,3122.62,275.7,100.0,0.0,7,10130,0
1457,3125.82,275.8,100.0,0.0,7,10136,0
1458,3129.01,276.0,100.0,0.0,7,10142,0
1459,3132.21,276.2,100.0,0.0,7,10145,0
1460,3135.42,276.3,100.0,0.0,7,10147,0
1461,3138.62,276.5,100.0,0.0,7,10149,0
1462,3141.83,276.7,100.0,0.0,7,10152,0
1463,3145.04,276.8,100.0,0.0,7,10154,0
1464,3148.25,277.0,100.0,0.0,7,10156,0
1465,3151.46,277.0,100.0,0.0,7,10157,0
1466,3154.66,277.0,100.0,0.0,7,10158,0
1467,3157.87,277.0,100.0,0.0,7,10159,0
1468,3161.08,277.0,100.0,0.0,7,10160,0
1469,3164.28,277.0,100.0,0.0,7,10161,0
1470,3167.49,277.0,100.0,0.0,7,10162,0
1471,3170.69,277.0,100.0,0.0,7,10163,0
1472,3173.9,277.0,100.0,0.0,7,10164,0
1473,3177.1,276.9,100.0,0.0,7,10163,0
1474,3180.29,276.6,100.0,0.0,7,10159,0
1475,3183.48,276.4,100.0,0.0,7,10155,0
1476,3186.68,276.1,100.0,0.0,7,10151,0
1477,3189.88,276.1,100.0,0.0,7,10148,0
1478,3193.08,276.3,100.0,0.0,7,10146,0
1479,3196.29,276.5,100.0,0.0,7,10143,0
1480,3199.49,276.6,100.0,0.0,7,10140,0
1481,3202.7,276.8,100.0,0.0,7,10137,0
1482,3205.91,277.0,100.0,0.0,7,10134,0
1483,3209.11,277.0,100.0,0.0,7,10132,0
1484,3212.3,276.9,100.0,0.0,7,10129,0
1485,3215.5,276.9,100.0,0.0,7,10126,0
1486,3218.7,276.8,100.0,0.0,7,10123,0
1487,3221.89,276.7,100.0,0.0,7,10120,0
1488,3225.09,276.7,100.0,0.0,7,10118,0
1489,3228.28,276.6,100.0,0.0,7,10115,0
1490,3231.48,276.6,100.0,0.0,7,10112,0
1491,3234.68,276.5,100.0,0.0,7,10109,0
1492,3237.87,276.5,100.0,0.0,7,10106,0
1493,3241.07,276.4,100.0,0.0,7,10103,0
1494,3244.26,276.4,100.0,0.0,7,10101,0
1495,3247.46,276.3,100.0,0.0,7,10098,0
1496,3250.66,276.3,100.0,0.0,7,10095,0
1497,3253.85,276.2,100.0,0.0,7,10092,0
1498,3257.05,276.2,100.0,0.0,7,10089,0
1499,3260.24,276.1,100.0,0.0,7,10087,0
1500,3263.44,276.1,100.0,0.0,7,10084,0
1501,3266.61,276.0,100.0,0.0,7,10081,0
1502,3269.79,275.7,100.0,0.0,7,10072,0
1503,3272.96,275.1,100.0,0.0,7,10060,0
1504,3276.13,274.6,100.0,0.0,7,10048,0
1505,3279.3,274.1,100.0,0.0,7,10036,0
1506,3282.47,274.0,100.0,0.0,7,10013,0
1507,3285.65,274.0,100.0,0.0,7,9988,0
1508,3288.82,274.0,100.0,0.0,7,9963,0
1509,3291.99,274.0,100.0,0.0,7,9937,0
1510,3295.17,274.0,100.0,0.0,7,9912,0
1511,3298.3,273.7,98.4,1.0,7,9884,0
1512,3301.27,269.9,77.5,1.0,7,9817,0
1513,3304.24,266.2,56.7,1.0,7,9750,0
1514,3307.2,262.4,35.8,1.0,7,9684,0
1515,3310.16,258.7,15.0,1.0,7,9617,0
1516,3313.06,254.5,0.0,1.0,7,9563,0
1517,3315.79,249.3,0.0,1.0,7,9542,0
1518,3318.52,244.1,0.0,1.0,7,9520,0
1519,3321.26,238.9,0.0,1.0,7,9499,0
1520,3323.99,236.0,0.0,1.0,7,9454,0
1521,3326.72,236.0,0.0,1.0,7,9378,0
1522,3329.45,236.0,0.0,1.0,7,9301,0
1523,3332.18,236.0,0.0,1.0,7,9225,0
1524,3334.77,233.5,0.0,1.0,7,9254,0
1525,3337.27,229.3,0.0,1.0,7,9354,0
1526,3339.77,225.2,0.0,1.0,7,9453,0
1527,3342.11,221.0,0.0,1.0,7,9552,0
1528,3344.35,216.8,0.0,1.0,7,9651,0
1529,3346.59,212.7,0.0,1.0,7,9750,0
1530,3348.83,208.5,0.0,1.0,7,9849,0
1531,3351.05,204.4,0.0,1.0,7,9948,0
1532,3353.18,200.2,0.0,1.0,5,10047,0
1533,3355.22,196.1,0.0,1.0,5,10095,0
1534,3357.25,192.1,0.0,1.0,5,10141,0
1535,3359.28,188.1,0.0,1.0,5,10188,0
1536,3361.31,184.1,0.0,1.0,5,10234,0
1537,3363.32,180.1,0.0,1.0,5,10280,0
1538,3365.26,176.1,0.0,1.0,4,10326,0
1539,3367.17,172.6,0.0,1.0,4,10346,0
1540,3369.03,170.7,0.0,1.0,4,10284,0
1541,3370.89,168.9,0.0,1.0,4,10222,0
1542,3372.74,167.1,0.0,1.0,4,10161,0
1543,3374.6,165.3,0.0,1.0,4,10099,0
1544,3376.46,163.4,0.0,1.0,4,10037,0
1545,3378.29,161.6,0.0,1.0,4,9975,0
1546,3380.08,159.8,0.0,1.0,4,9913,0
1547,3381.83,158.4,0.0,1.0,4,9935,0
1548,3383.57,157.2,0.0,1.0,4,10022,0
1549,3385.3,156.1,0.0,1.0,4,10109,0
1550,3387.03,154.9,0.0,1.0,4,10197,0
1551,3388.77,153.8,0.0,1.0,4,10284,0
1552,3390.49,152.6,0.0,1.0,4,10371,0
1553,3392.19,151.5,0.0,1.0,4,10459,0
1554,3393.87,150.3,0.0,1.0,4,10546,0
1555,3395.56,149.2,0.0,1.0,3,10633,0
1556,3397.24,148.0,0.0,1.0,3,10720,0
1557,3398.91,147.2,0.2,1.0,3,10677,0
1558,3400.57,146.3,0.3,1.0,3,10627,0
1559,3402.22,145.4,0.5,1.0,3,10578,0
1560,3403.87,144.6,0.7,1.0,3,10529,0
1561,3405.52,143.7,0.9,1.0,3,10479,0
1562,3407.17,142.9,1.1,1.0,3,10424,0
1563,3408.8,142.4,1.6,1.0,3,10341,0
1564,3410.43,141.9,2.1,1.0,3,10258,0
1565,3412.06,141.3,2.7,1.0,3,10176,0
1566,3413.68,140.6,4.3,1.0,3,10136,0
1567,3415.26,139.6,7.8,0.8,3,10173,0
1568,3416.83,138.5,11.4,0.6,3,10211,0
1569,3418.4,137.5,14.9,0.3,3,10248,0
1570,3419.97,136.5,18.4,0.1,3,10285,0
1571,3421.54,135.9,21.7,0.0,3,10287,0
1572,3423.1,135.8,24.6,0.0,3,10263,0
1573,3424.66,135.6,27.6,0.0,3,10238,0
1574,3426.23,135.5,30.6,0.0,3,10214,0
1575,3427.79,135.3,33.6,0.0,3,10189,0
1576,3429.35,135.2,36.5,0.0,3,10164,0
1577,3430.91,135.0,39.5,0.0,3,10140,0
1578,3432.47,135.0,40.9,0.0,3,10149,0
1579,3434.03,135.0,41.9,0.0,3,10165,0
1580,3435.59,135.0,43.0,0.0,3,10180,0
1581,3437.15,135.0,44.0,0.0,3,10196,0
1582,3438.72,135.0,45.0,0.0,3,10212,0
1583,3440.29,135.0,46.1,0.0,3,10229,0
1584,3441.88,135.5,47.2,0.0,3,10272,0
1585,3443.47,136.0,48.4,0.0,3,10315,0
1586,3445.06,136.4,49.6,0.0,3,10357,0
1587,3446.66,136.9,50.7,0.0,3,10400,0
1588,3448.28,137.4,51.9,0.0,3,10442,0
1589,3449.9,137.8,53.0,0.0,3,10485,0
1590,3451.53,138.3,54.2,0.0,3,10528,0
1591,3453.15,138.7,55.4,0.0,3,10570,0
1592,3454.79,139.3,56.6,0.0,3,10621,0
1593,3456.44,140.1,57.8,0.0,3,10683,0
1594,3458.12,140.8,59.1,0.0,3,10744,0
1595,3459.79,141.5,60.3,0.0,3,10806,0
1596,3461.47,142.2,61.5,0.0,3,10867,0
1597,3463.15,143.0,62.8,0.0,3,10929,0
1598,3464.85,143.7,64.0,0.0,3,10990,0
1599,3466.57,144.4,65.3,0.0,3,11052,0
1600,3468.29,145.2,66.5,0.0,3,11114,0
1601,3470.01,145.9,67.8,0.0,3,11175,0
1602,3471.75,146.7,67.7,0.0,3,11213,0
1603,3473.52,147.5,67.4,0.0,3,11246,0
1604,3475.3,148.4,67.1,0.0,3,11279,0
1605,3477.08,149.2,66.8,0.0,3,11312,0
1606,3478.86,150.0,66.5,0.0,3,11345,0
1607,3480.64,150.9,66.2,0.0,3,11378,0
1608,3482.43,151.7,65.9,0.0,3,11412,0
1609,3484.23,152.5,65.5,0.0,3,11445,0
1610,3486.03,153.4,65.2,0.0,3,11478,0
1611,3487.83,154.2,65.2,0.0,3,11433,0
1612,3489.64,154.8,65.8,0.0,3,11141,0
1613,3491.45,155.4,66.4,0.0,3,10850,0
1614,3493.27,156.0,67.0,0.0,3,10558,0
1615,3495.09,156.7,67.7,0.0,4,10266,0
1616,3496.94,157.5,68.0,0.0,4,10080,0
1617,3498.8,158.5,68.0,0.0,4,10027,0
1618,3500.67,159.5,68.0,0.0,4,9975,0
1619,3502.53,160.6,68.0,0.0,4,9922,0
1620,3504.41,161.5,68.6,0.0,4,9932,0
1621,3506.35,162.2,69.6,0.0,4,9988,0
1622,3508.28,163.0,70.7,0.0,4,10043,0
1623,3510.22,163.8,71.7,0.0,4,10099,0
1624,3512.15,164.6,72.8,0.0,4,10154,0
1625,3514.09,165.4,73.8,0.0,4,10210,0
1626,3516.03,166.1,74.8,0.0,4,10266,0
1627,3517.96,166.9,75.9,0.0,4,10321,0
1628,3519.92,167.5,76.7,0.0,4,10391,0
1629,3521.89,168.1,77.4,0.0,4,10462,0
1630,3523.87,168.7,78.2,0.0,4,10533,0
1631,3525.85,169.3,78.9,0.0,4,10604,0
1632,3527.84,169.9,79.6,0.0,4,10675,0
1633,3529.83,170.5,80.4,0.0,4,10746,0
1634,3531.82,171.3,81.3,0.0,4,10825,0
1635,3533.84,172.8,82.8,0.0,4,10942,0
1636,3535.89,174.4,84.4,0.0,4,11060,0
1637,3537.96,176.0,86.0,0.0,4,11178,0
1638,3540.05,177.6,87.5,0.0,4,11280,0
1639,3542.21,179.4,88.8,0.0,4,11352,0
1640,3544.37,181.2,90.1,0.0,4,11424,0
1641,3546.55,183.0,91.5,0.0,4,11496,0
1642,3548.76,184.7,92.8,0.0,4,11568,0
1643,3550.97,186.5,94.1,0.0,4,11640,0
1644,3553.18,188.3,95.5,0.0,4,11712,0
1645,3555.37,189.0,96.3,0.0,4,11744,0
1646,3557.55,189.0,96.8,0.0,4,11750,0
1647,3559.74,189.0,97.4,0.0,4,11756,0
1648,3561.94,189.0,97.9,0.0,4,11762,0
1649,3564.21,190.2,98.3,0.0,4,11650,0
1650,3566.5,191.8,98.6,0.0,4,11504,0
1651,3568.79,193.3,99.0,0.0,4,11358,0
1652,3571.08,194.9,99.3,0.0,4,11212,0
1653,3573.37,196.5,99.7,0.0,4,11067,0
1654,3575.67,198.0,100.0,0.0,4,10920,0
1655,3578.01,199.3,100.0,0.0,4,10770,0
1656,3580.35,200.6,100.0,0.0,4,10620,0
1657,3582.71,201.9,100.0,0.0,5,10470,0
1658,3585.07,203.1,100.0,0.0,5,10357,0
1659,3587.44,203.7,100.0,0.0,5,10417,0
1660,3589.81,204.3,100.0,0.0,5,10476,0
1661,3592.22,204.9,100.0,0.0,5,10536,0
1662,3594.63,205.5,100.0,0.0,5,10596,0
1663,3597.03,206.1,100.0,0.0,5,10656,0
1664,3599.44,206.7,100.0,0.0,5,10716,0
1665,3601.9,207.7,100.0,0.0,5,10762,0
1666,3604.42,209.4,100.0,0.0,5,10791,0
1667,3606.93,211.0,100.0,0.0,5,10820,0
1668,3609.45,212.7,100.0,0.0,5,10849,0
1669,3611.97,214.3,100.0,0.0,5,10878,0
1670,3614.5,216.0,100.0,0.0,5,10907,0
1671,3617.04,217.6,100.0,0.0,5,10936,0
1672,3619.57,218.2,100.0,0.0,5,10981,0
1673,3622.1,218.4,100.0,0.0,5,11031,0
1674,3624.64,218.6,100.0,0.0,5,11081,0
1675,3627.17,218.8,100.0,0.0,5,11131,0
1676,3629.72,219.0,100.0,0.0,5,11181,0
1677,3632.32,219.9,100.0,0.0,5,11207,0
1678,3634.94,220.8,100.0,0.0,5,11233,0
1679,3637.56,221.7,100.0,0.0,5,11258,0
1680,3640.17,222.6,100.0,0.0,5,11283,0
1681,3642.79,223.5,100.0,0.0,5,11308,0
1682,3645.4,224.4,100.0,0.0,5,11334,0
1683,3648.02,225.3,100.0,0.0,5,11359,0
1684,3650.64,226.3,100.0,0.0,5,11384,0
1685,3653.3,227.3,100.0,0.0,5,11408,0
1686,3655.97,228.4,100.0,0.0,5,11432,0
1687,3658.63,229.4,100.0,0.0,5,11456,0
1688,3661.31,230.3,100.0,0.0,5,11485,0
1689,3664.02,230.9,100.0,0.0,5,11522,0
1690,3666.72,231.5,100.0,0.0,5,11559,0
1691,3669.42,232.0,100.0,0.0,5,11595,0
1692,3672.13,232.6,100.0,0.0,5,11632,0
1693,3674.85,233.2,100.0,0.0,5,11669,0
1694,3677.56,233.8,100.0,0.0,5,11706,0
1695,3680.27,234.0,100.0,0.0,5,11732,0
1696,3682.98,234.0,100.0,0.0,5,11755,0
1697,3685.69,234.0,100.0,0.0,5,11777,0
1698,3688.4,234.0,100.0,0.0,5,11799,0
1699,3691.12,234.5,100.0,0.0,5,11783,0
1700,3693.85,235.0,100.0,0.0,5,11762,0
1701,3696.59,235.5,100.0,0.0,5,11741,0
1702,3699.32,236.0,100.0,0.0,5,11712,0
1703,3702.07,236.3,100.0,0.0,5,11486,0
1704,3704.82,236.6,100.0,0.0,5,11260,0
1705,3707.57,236.9,100.0,0.0,5,11034,0
1706,3710.33,237.2,100.0,0.0,5,10808,0
1707,3713.09,237.5,100.0,0.0,5,10582,0
1708,3715.85,237.8,100.0,0.0,5,10357,0
1709,3718.61,238.0,100.0,0.0,6,10207,0
1710,3721.38,238.2,100.0,0.0,6,10220,0
1711,3724.14,238.3,100.0,0.0,6,10233,0
1712,3726.91,238.5,100.0,0.0,6,10245,0
1713,3729.67,238.6,100.0,0.0,6,10258,0
1714,3732.44,238.8,100.0,0.0,6,10271,0
1715,3735.21,238.9,100.0,0.0,6,10284,0
1716,3737.97,239.0,100.0,0.0,6,10283,0
1717,3740.74,239.0,100.0,0.0,6,10274,0
1718,3743.51,239.0,100.0,0.0,6,10265,0
1719,3746.27,239.0,100.0,0.0,6,10256,0
1720,3749.04,239.0,100.0,0.0,6,10247,0
1721,3751.8,239.0,100.0,0.0,6,10237,0
1722,3754.57,239.0,99.8,0.0,6,10242,0
1723,3757.34,239.0,99.6,0.0,6,10249,0
1724,3760.11,239.0,99.4,0.0,6,10257,0
1725,3762.87,239.0,99.2,0.0,6,10264,0
1726,3765.63,239.0,98.9,0.0,6,10270,0
1727,3768.38,238.7,96.8,0.0,6,10256,0
1728,3771.12,238.5,94.7,0.0,6,10242,0
1729,3773.87,238.2,92.7,0.0,6,10228,0
1730,3776.61,237.9,90.6,0.0,6,10214,0
1731,3779.36,237.7,88.5,0.0,6,10200,0
1732,3782.1,237.4,86.4,0.0,6,10186,0
1733,3784.84,237.2,84.3,0.0,6,10172,0
1734,3787.58,237.0,83.1,0.0,6,10160,0
1735,3790.32,237.0,83.2,0.0,6,10151,0
1736,3793.07,237.0,83.4,0.0,6,10142,0
1737,3795.81,237.0,83.6,0.0,6,10133,0
1738,3798.55,237.0,83.8,0.0,6,10124,0
1739,3801.29,237.0,83.9,0.0,6,10115,0
1740,3804.02,236.8,85.4,0.0,6,10112,0
1741,3806.75,236.5,87.8,0.0,6,10115,0
1742,3809.47,236.2,90.2,0.0,6,10117,0
1743,3812.19,235.9,92.6,0.0,6,10119,0
1744,3814.91,235.6,95.0,0.0,6,10121,0
1745,3817.63,235.3,97.3,0.0,6,10123,0
1746,3820.34,235.0,99.7,0.0,6,10126,0
1747,3823.06,235.0,100.0,0.0,6,10124,0
1748,3825.78,235.0,100.0,0.0,6,10122,0
1749,3828.49,235.0,100.0,0.0,6,10120,0
1750,3831.21,235.0,100.0,0.0,6,10118,0
1751,3833.93,235.0,100.0,0.0,6,10116,0
1752,3836.66,235.0,100.0,0.0,6,10114,0
1753,3839.38,235.0,100.0,0.0,6,10112,0
1754,3842.1,235.0,100.0,0.0,6,10110,0
1755,3844.82,235.0,100.0,0.0,6,10107,0
1756,3847.54,235.0,100.0,0.0,6,10107,0
1757,3850.27,235.1,100.0,0.0,6,10113,0
1758,3853.0,235.2,100.0,0.0,6,10118,0
1759,3855.73,235.3,100.0,0.0,6,10123,0
1760,3858.46,235.4,100.0,0.0,6,10128,0
1761,3861.2,235.6,100.0,0.0,6,10133,0
1762,3863.93,235.7,100.0,0.0,6,10138,0
1763,3866.66,235.8,100.0,0.0,6,10143,0
1764,3869.4,235.9,100.0,0.0,6,10148,0
1765,3872.13,236.0,100.0,0.0,6,10153,0
1766,3874.86,236.0,100.0,0.0,6,10151,0
1767,3877.59,236.0,100.0,0.0,6,10144,0
1768,3880.32,236.0,100.0,0.0,6,10138,0
1769,3883.05,236.0,100.0,0.0,6,10131,0
1770,3885.79,236.0,100.0,0.0,6,10125,0
1771,3888.52,236.0,100.0,0.0,6,10125,0
1772,3891.25,236.0,100.0,0.0,6,10127,0
1773,3893.98,236.0,100.0,0.0,6,10129,0
1774,3896.71,236.0,100.0,0.0,6,10130,0
1775,3899.44,236.0,100.0,0.0,6,10132,0
1776,3902.17,236.0,100.0,0.0,6,10134,0
1777,3904.91,236.0,100.0,0.0,6,10134,0
1778,3907.64,236.0,100.0,0.0,6,10130,0
1779,3910.37,236.0,100.0,0.0,6,10125,0
1780,3913.1,236.0,100.0,0.0,6,10121,0
1781,3915.83,236.0,100.0,0.0,6,10116,0
1782,3918.56,236.0,100.0,0.0,6,10112,0
1783,3921.29,236.0,100.0,0.0,6,10111,0
1784,3924.02,236.0,100.0,0.0,6,10116,0
1785,3926.75,236.0,100.0,0.0,6,10121,0
1786,3929.48,236.0,100.0,0.0,6,10126,0
1787,3932.22,236.0,100.0,0.0,6,10131,0
1788,3934.95,236.0,100.0,0.0,6,10136,0
1789,3937.69,236.3,100.0,0.0,6,10140,0
1790,3940.45,236.7,100.0,0.0,6,10143,0
1791,3943.2,237.1,100.0,0.0,6,10146,0
1792,3945.96,237.5,100.0,0.0,6,10149,0
1793,3948.71,237.9,100.0,0.0,6,10152,0
1794,3951.47,238.0,100.0,0.0,6,10157,0
1795,3954.23,238.0,100.0,0.0,6,10162,0
1796,3956.98,238.0,100.0,0.0,6,10167,0
1797,3959.74,238.0,100.0,0.0,6,10172,0
1798,3962.49,238.0,100.0,0.0,6,10177,0
1799,3965.24,238.0,100.0,0.0,6,10183,0
1800,3968.0,238.0,100.0,0.0,6,10188,0
1801,3970.73,237.7,98.6,0.0,6,10194,0
1802,3973.35,235.8,88.2,0.0,6,10206,0
1803,3975.97,233.8,77.7,0.0,6,10218,0
1804,3978.58,231.8,67.3,0.0,6,10231,0
1805,3981.14,229.8,56.9,0.1,6,10243,0
1806,3983.63,227.8,46.5,0.2,6,10255,0
1807,3986.11,225.9,36.1,0.4,6,10267,0
1808,3988.59,223.9,25.7,0.6,6,10280,0
1809,3991.08,221.9,15.2,0.8,6,10292,0
1810,3993.56,219.9,4.8,0.9,6,10304,0
1811,3995.98,216.8,0.0,1.0,6,10362,0
1812,3998.34,212.6,0.0,1.0,6,10460,0
1813,4000.7,208.4,0.0,1.0,6,10558,0
1814,4003.04,204.3,0.0,1.0,6,10656,0
1815,4005.21,200.1,0.0,1.0,6,10671,0
1816,4007.33,195.9,0.0,1.0,6,10650,0
1817,4009.44,191.8,0.0,1.0,5,10628,0
1818,4011.56,187.6,0.0,1.0,5,10607,0
1819,4013.68,183.4,0.0,1.0,5,10585,0
1820,4015.71,181.4,0.0,1.0,5,10589,0
1821,4017.64,179.6,0.0,1.0,5,10597,0
1822,4019.55,177.9,0.0,1.0,5,10604,0
1823,4021.46,176.1,0.0,1.0,5,10611,0
1824,4023.37,174.3,0.0,1.0,5,10618,0
1825,4025.28,172.5,0.0,1.0,4,10625,0
1826,4027.19,170.8,0.0,1.0,4,10633,0
1827,4029.09,169.0,0.0,1.0,4,10640,0
1828,4031.0,167.2,0.0,1.0,4,10647,0
1829,4032.87,164.8,0.0,1.0,4,10669,0
1830,4034.64,160.8,0.0,1.0,4,10721,0
1831,4036.39,156.9,0.0,1.0,4,10773,0
1832,4038.12,153.0,0.0,1.0,4,10825,0
1833,4039.81,150.4,0.0,1.0,4,10794,0
1834,4041.48,149.0,0.0,1.0,4,10674,0
1835,4043.14,147.7,0.0,1.0,4,10553,0
1836,4044.8,146.3,0.0,1.0,4,10433,0
1837,4046.42,145.0,0.0,1.0,4,10312,0
1838,4048.04,143.7,0.0,1.0,3,10191,0
1839,4049.67,142.3,0.0,1.0,3,10071,0
1840,4051.28,141.4,0.0,1.0,3,9986,0
1841,4052.9,140.6,0.0,1.0,3,9913,0
1842,4054.5,139.8,0.0,1.0,3,9840,0
1843,4056.1,139.1,0.0,1.0,3,9767,0
1844,4057.68,138.2,0.0,1.0,3,9720,0
1845,4059.25,137.3,0.0,1.0,3,9675,0
1846,4060.82,136.5,0.0,1.0,3,9631,0
1847,4062.36,135.6,0.0,1.0,3,9586,0
1848,4063.89,134.7,0.0,1.0,3,9541,0
1849,4065.39,133.8,0.1,1.0,3,9498,0
1850,4066.84,132.8,0.5,1.0,3,9461,0
1851,4068.28,131.7,1.0,1.0,3,9424,0
1852,4069.71,130.7,1.5,1.0,3,9386,0
1853,4071.15,129.7,2.0,1.0,3,9349,0
1854,4072.59,128.6,2.4,1.0,3,9312,0
1855,4074.03,127.6,2.9,1.0,3,9275,0
1856,4075.45,126.5,3.4,0.9,3,9238,0
1857,4076.85,125.5,3.9,0.6,3,9200,0
1858,4078.24,124.5,4.3,0.4,3,9163,0
1859,4079.64,123.4,4.8,0.1,3,9126,0
1860,4081.04,122.7,6.7,0.0,3,9109,0
1861,4082.44,122.2,9.6,0.0,3,9106,0
1862,4083.84,121.6,12.4,0.0,3,9102,0
1863,4085.24,121.1,15.3,0.0,3,9099,0
1864,4086.66,121.3,18.3,0.0,3,9123,0
1865,4088.08,121.6,21.3,0.0,3,9156,0
1866,4089.5,122.0,24.3,0.0,3,9188,0
1867,4090.93,122.3,27.3,0.0,3,9221,0
1868,4092.37,122.7,30.3,0.0,3,9254,0
1869,4093.81,123.0,33.3,0.0,3,9287,0
1870,4095.26,123.3,36.3,0.0,3,9319,0
1871,4096.71,123.7,39.4,0.0,3,9352,0
1872,4098.15,124.0,42.0,0.0,3,9386,0
1873,4099.61,124.5,42.0,0.0,3,9427,0
1874,4101.07,124.9,42.0,0.0,3,9467,0
1875,4102.53,125.3,42.0,0.0,3,9508,0
1876,4103.99,125.7,42.0,0.0,3,9548,0
1877,4105.44,126.0,42.4,0.0,3,9583,0
1878,4106.9,126.0,43.6,0.0,3,9607,0
1879,4108.36,126.0,44.9,0.0,3,9630,0
1880,4109.82,126.0,46.1,0.0,3,9653,0
1881,4111.28,126.0,47.4,0.0,3,9676,0
1882,4112.77,126.8,50.4,0.0,3,9740,0
1883,4114.31,128.2,55.0,0.0,3,9842,0
1884,4115.84,129.7,59.5,0.0,3,9943,0
1885,4117.37,131.1,64.1,0.0,3,10045,0
1886,4118.93,132.6,68.7,0.0,3,10147,0
1887,4120.52,133.8,70.0,0.0,3,10253,0
1888,4122.12,134.8,70.0,0.0,3,10362,0
1889,4123.73,135.8,70.0,0.0,3,10470,0
1890,4125.33,136.9,70.0,0.0,3,10579,0
1891,4126.95,137.9,70.0,0.0,3,10687,0
1892,4128.57,139.0,70.0,0.0,3,10796,0
1893,4130.21,139.5,72.2,0.0,3,10947,0
1894,4131.85,140.0,74.4,0.0,3,11101,0
1895,4133.5,140.5,76.7,0.0,3,11255,0
1896,4135.14,141.1,78.9,0.0,3,11408,0
1897,4136.78,141.6,81.2,0.0,3,11562,0
1898,4138.44,142.4,83.0,0.0,3,11710,0
1899,4140.16,144.5,83.0,0.0,3,11832,0
1900,4141.91,146.6,83.0,0.0,3,11954,0
1901,4143.65,148.7,83.0,0.0,3,12077,0
1902,4145.45,150.8,83.3,0.0,3,12078,0
1903,4147.32,152.8,84.0,0.0,3,11863,0
1904,4149.2,154.9,84.8,0.0,3,11649,0
1905,4151.09,157.0,85.5,0.0,3,11434,0
1906,4152.99,159.1,86.2,0.0,3,11219,0
1907,4154.92,161.2,87.0,0.0,3,11005,0
1908,4156.84,163.3,87.7,0.0,4,10790,0
1909,4158.74,164.0,88.7,0.0,4,10659,0
1910,4160.63,164.0,89.7,0.0,4,10574,0
1911,4162.53,164.0,90.8,0.0,4,10490,0
1912,4164.43,164.0,91.8,0.0,4,10405,0
1913,4166.41,165.5,93.3,0.0,4,10621,0
1914,4168.42,167.4,95.0,0.0,4,10913,0
1915,4170.42,169.3,96.7,0.0,4,11205,0
1916,4172.42,171.1,98.3,0.0,4,11496,0
1917,4174.43,173.0,100.0,0.0,4,11788,0
1918,4176.47,174.2,95.8,0.0,4,11731,0
1919,4178.51,175.5,91.7,0.0,4,11673,0
1920,4180.59,176.7,87.5,0.0,4,11616,0
1921,4182.69,178.0,83.3,0.0,4,11559,0
1922,4184.81,179.5,80.7,0.0,4,11528,0
1923,4187.02,181.7,84.2,0.0,4,11604,0
1924,4189.24,184.0,87.6,0.0,4,11681,0
1925,4191.45,186.2,91.1,0.0,4,11757,0
1926,4193.66,188.5,94.6,0.0,4,11833,0
1927,4195.9,190.7,98.1,0.0,4,11909,0
1928,4198.17,192.6,100.0,0.0,4,11824,0
1929,4200.44,193.8,100.0,0.0,4,11532,0
1930,4202.72,195.1,100.0,0.0,4,11240,0
1931,4205.0,196.3,100.0,0.0,4,10949,0
1932,4207.33,197.6,100.0,0.0,4,10657,0
1933,4209.72,199.1,100.0,0.0,4,10564,0
1934,4212.16,200.8,100.0,0.0,4,10584,0
1935,4214.59,202.5,100.0,0.0,4,10603,0
1936,4217.03,204.1,100.0,0.0,4,10623,0
1937,4219.46,205.8,100.0,0.0,4,10642,0
1938,4221.9,207.5,100.0,0.0,4,10662,0
1939,4224.34,209.2,100.0,0.0,4,10681,0
1940,4226.82,210.9,100.0,0.0,5,10701,0
1941,4229.35,212.1,100.0,0.0,5,10760,0
1942,4231.88,213.2,100.0,0.0,5,10823,0
1943,4234.4,214.4,100.0,0.0,5,10885,0
1944,4236.94,215.5,100.0,0.0,5,10947,0
1945,4239.53,216.7,100.0,0.0,5,11009,0
1946,4242.13,217.8,100.0,0.0,5,11072,0
1947,4244.73,218.9,100.0,0.0,5,11134,0
1948,4247.32,220.1,100.0,0.0,5,11196,0
1949,4249.92,221.2,100.0,0.0,5,11259,0
1950,4252.55,222.5,100.0,0.0,5,11293,0
1951,4255.23,224.0,100.0,0.0,5,11273,0
1952,4257.92,225.5,100.0,0.0,5,11253,0
1953,4260.61,227.0,100.0,0.0,5,11233,0
1954,4263.3,228.5,100.0,0.0,5,11213,0
1955,4266.05,230.0,100.0,0.0,5,11193,0
1956,4268.8,231.5,100.0,0.0,5,11172,0
1957,4271.56,233.0,100.0,0.0,5,11152,0
1958,4274.31,234.5,100.0,0.0,5,11132,0
1959,4277.1,236.0,100.0,0.0,5,11055,0
1960,4279.92,237.4,100.0,0.0,5,10954,0
1961,4282.73,238.7,100.0,0.0,5,10853,0
1962,4285.54,240.1,100.0,0.0,5,10751,0
1963,4288.35,241.5,100.0,0.0,5,10650,0
1964,4291.17,242.9,100.0,0.0,5,10548,0
1965,4294.02,243.7,100.0,0.0,5,10586,0
1966,4296.88,244.3,100.0,0.0,5,10634,0
1967,4299.74,245.0,100.0,0.0,6,10681,0
1968,4302.6,245.7,100.0,0.0,6,10729,0
1969,4305.46,246.4,100.0,0.0,6,10776,0
1970,4308.33,247.2,100.0,0.0,6,10823,0
1971,4311.27,248.5,100.0,0.0,6,10871,0
1972,4314.23,249.7,100.0,0.0,6,10919,0
1973,4317.24,251.0,100.0,0.0,6,10968,0
1974,4320.25,252.2,100.0,0.0,6,11016,0
1975,4323.27,253.5,100.0,0.0,6,11064,0
1976,4326.28,254.7,100.0,0.0,6,11112,0
1977,4329.29,256.0,100.0,0.0,6,11160,0
1978,4332.3,257.2,100.0,0.0,6,11208,0
1979,4335.31,258.5,100.0,0.0,6,11256,0
1980,4338.33,259.4,100.0,0.0,6,11290,0
1981,4341.36,260.0,100.0,0.0,6,11314,0
1982,4344.38,260.6,100.0,0.0,6,11338,0
1983,4347.41,261.2,100.0,0.0,6,11362,0
1984,4350.46,261.9,100.0,0.0,6,11387,0
1985,4353.56,262.9,100.0,0.0,6,11288,0
1986,4356.67,264.0,100.0,0.0,6,11153,0
1987,4359.78,265.2,100.0,0.0,6,11018,0
1988,4362.92,266.3,100.0,0.0,6,10884,0
1989,4366.1,267.5,100.0,0.0,6,10749,0
1990,4369.28,268.6,100.0,0.0,6,10615,0
1991,4372.45,269.8,100.0,0.0,6,10480,0
1992,4375.64,270.9,100.0,0.0,6,10345,0
1993,4378.84,272.1,100.0,0.0,6,10211,0
1994,4382.05,273.2,100.0,0.0,6,10110,0
1995,4385.26,274.1,100.0,0.0,6,10142,0
1996,4388.48,275.0,100.0,0.0,6,10175,0
1997,4391.7,275.9,100.0,0.0,6,10208,0
1998,4394.93,276.7,100.0,0.0,6,10240,0
1999,4398.18,277.6,100.0,0.0,7,10273,0
2000,4401.42,278.5,100.0,0.0,7,10306,0
2001,4404.68,279.3,100.0,0.0,7,10337,0
2002,4407.95,280.0,100.0,0.0,7,10366,0
2003,4411.22,280.7,100.0,0.0,7,10396,0
2004,4414.51,281.4,100.0,0.0,7,10425,0
2005,4417.81,282.1,100.0,0.0,7,10454,0
2006,4421.11,282.8,100.0,0.0,7,10483,0
2007,4424.42,283.5,100.0,0.0,7,10513,0
2008,4427.75,284.2,100.0,0.0,7,10542,0
2009,4431.07,284.9,100.0,0.0,7,10571,0
2010,4434.42,285.7,100.0,0.0,7,10594,0
2011,4437.77,286.6,100.0,0.0,7,10615,0
2012,4441.12,287.5,100.0,0.0,7,10636,0
2013,4444.48,288.3,100.0,0.0,7,10657,0
2014,4447.84,289.2,100.0,0.0,7,10678,0
2015,4451.21,290.0,100.0,0.0,7,10699,0
2016,4454.58,290.4,100.0,0.0,7,10719,0
2017,4457.96,290.7,100.0,0.0,7,10740,0
2018,4461.33,291.1,100.0,0.0,7,10761,0
2019,4464.71,291.4,100.0,0.0,7,10781,0
2020,4468.1,291.8,100.0,0.0,7,10802,0
2021,4471.5,292.2,100.0,0.0,7,10821,0
2022,4474.93,292.8,100.0,0.0,7,10835,0
2023,4478.35,293.4,100.0,0.0,7,10849,0
2024,4481.78,294.0,100.0,0.0,7,10863,0
2025,4485.2,294.6,100.0,0.0,7,10878,0
2026,4488.63,295.2,100.0,0.0,7,10892,0
2027,4492.06,295.8,100.0,0.0,7,10906,0
2028,4495.5,296.4,100.0,0.0,7,10925,0
2029,4498.98,297.0,100.0,0.0,7,10947,0
2030,4502.45,297.5,100.0,0.0,7,10968,0
2031,4505.92,298.1,100.0,0.0,7,10990,0
2032,4509.4,298.7,100.0,0.0,7,11012,0
2033,4512.87,299.3,100.0,0.0,7,11034,0
2034,4516.34,299.9,100.0,0.0,7,11055,0
2035,4519.83,300.2,100.0,0.0,7,11061,0
2036,4523.31,300.4,100.0,0.0,7,11065,0
2037,4526.8,300.6,100.0,0.0,7,11069,0
2038,4530.3,300.8,100.0,0.0,7,11073,0
2039,4533.79,301.0,100.0,0.0,7,11077,0
2040,4537.28,301.2,100.0,0.0,7,11081,0
2041,4540.78,301.4,100.0,0.0,7,11085,0
2042,4544.29,301.6,100.0,0.0,7,11089,0
2043,4547.79,301.8,100.0,0.0,7,11093,0
2044,4551.3,302.1,100.0,0.0,7,11101,0
2045,4554.82,302.7,100.0,0.0,7,11118,0
2046,4558.34,303.2,100.0,0.0,7,11136,0
2047,4561.86,303.7,100.0,0.0,7,11153,0
2048,4565.37,304.0,100.0,0.0,7,11166,0
2049,4568.89,304.0,100.0,0.0,7,11172,0
2050,4572.41,304.0,100.0,0.0,7,11179,0
2051,4575.92,304.0,100.0,0.0,7,11185,0
2052,4579.44,304.0,100.0,0.0,7,11191,0
2053,4582.96,304.0,100.0,0.0,7,11198,0
2054,4586.49,304.0,100.0,0.0,7,11204,0
2055,4590.02,304.2,100.0,0.0,7,11212,0
2056,4593.55,304.4,100.0,0.0,7,11219,0
2057,4597.09,304.7,100.0,0.0,7,11227,0
2058,4600.64,305.0,100.0,0.0,7,11235,0
2059,4604.18,305.2,100.0,0.0,7,11242,0
2060,4607.72,305.5,100.0,0.0,7,11250,0
2061,4611.27,305.7,100.0,0.0,7,11258,0
2062,4614.81,306.0,100.0,0.0,7,11265,0
2063,4618.35,306.0,100.0,0.0,7,11266,0
2064,4621.89,306.0,100.0,0.0,7,11267,0
2065,4625.44,306.0,100.0,0.0,7,11267,0
2066,4628.98,306.0,100.0,0.0,7,11267,0
2067,4632.54,306.2,100.0,0.0,7,11264,0
2068,4636.09,306.5,100.0,0.0,7,11260,0
2069,4639.64,306.7,100.0,0.0,7,11257,0
2070,4643.19,306.9,100.0,0.0,7,11253,0
2071,4646.74,306.9,100.0,0.0,7,11251,0
2072,4650.29,306.8,100.0,0.0,7,11251,0
2073,4653.83,306.6,100.0,0.0,7,11250,0
2074,4657.37,306.5,100.0,0.0,7,11250,0
2075,4660.91,306.3,100.0,0.0,7,11250,0
2076,4664.45,306.2,100.0,0.0,7,11249,0
2077,4667.99,306.0,100.0,0.0,7,11249,0
2078,4671.54,306.1,100.0,0.0,7,11248,0
2079,4675.1,306.3,100.0,0.0,7,11248,0
2080,4678.65,306.6,100.0,0.0,7,11247,0
2081,4682.2,306.8,100.0,0.0,7,11246,0
2082,4685.76,307.0,100.0,0.0,7,11245,0
2083,4689.31,307.0,100.0,0.0,7,11238,0
2084,4692.86,307.0,100.0,0.0,7,11230,0
2085,4696.42,307.0,100.0,0.0,7,11222,0
2086,4699.97,307.0,100.0,0.0,7,11214,0
2087,4703.52,307.0,100.0,0.0,7,11207,0
2088,4707.06,306.8,100.0,0.0,7,11208,0
2089,4710.6,306.7,100.0,0.0,7,11209,0
2090,4714.15,306.5,100.0,0.0,7,11210,0
2091,4717.69,306.4,100.0,0.0,7,11211,0
2092,4721.23,306.2,100.0,0.0,7,11212,0
2093,4724.77,306.1,100.0,0.0,7,11213,0
2094,4728.31,306.0,100.0,0.0,7,11194,0
2095,4731.86,306.0,100.0,0.0,7,11136,0
2096,4735.4,306.0,100.0,0.0,7,11078,0
2097,4738.94,306.0,100.0,0.0,7,11019,0
2098,4742.48,306.0,100.0,0.0,7,10961,0
2099,4745.99,305.3,93.3,0.1,7,10894,0
2100,4749.47,304.0,80.8,0.4,7,10820,0
2101,4752.96,302.7,68.3,0.7,7,10746,0
2102,4756.44,301.4,55.8,0.9,7,10672,0
2103,4759.81,296.7,42.6,1.0,7,10573,0
2104,4763.03,290.4,29.0,1.0,7,10464,0
2105,4766.19,284.2,15.5,1.0,7,10354,0
2106,4769.36,277.9,2.0,1.0,7,10245,0
2107,4772.27,273.1,0.0,1.0,7,10250,0
2108,4775.14,268.4,0.0,1.0,7,10275,0
2109,4778.01,263.8,0.0,1.0,7,10300,0
2110,4780.88,259.2,0.0,1.0,7,10324,0
2111,4783.75,254.6,0.0,1.0,7,10349,0
2112,4786.62,250.0,0.0,1.0,7,10374,0
2113,4789.28,244.9,0.0,1.0,7,10406,0
2114,4791.76,236.5,0.0,1.0,7,10491,0
2115,4794.24,228.2,0.0,1.0,7,10575,0
2116,4796.71,219.9,0.0,1.0,7,10659,0
2117,4799.18,213.6,0.0,1.0,7,10743,0
2118,4801.62,212.5,0.0,1.0,7,10826,0
2119,4804.01,211.3,0.0,1.0,7,10909,0
2120,4806.38,210.1,0.0,1.0,7,10993,0
2121,4808.74,208.9,0.0,1.0,5,11076,0
2122,4811.11,207.7,0.0,1.0,5,11159,0
2123,4813.48,206.5,0.0,1.0,5,11243,0
2124,4815.67,201.9,0.0,1.0,5,11178,0
2125,4817.74,194.9,0.0,1.0,5,11003,0
2126,4819.82,187.9,0.0,1.0,4,10829,0
2127,4821.89,180.9,0.0,1.0,4,10655,0
2128,4823.89,177.3,0.0,1.0,4,10529,0
2129,4825.86,175.0,0.0,1.0,4,10420,0
2130,4827.79,172.7,0.0,1.0,4,10311,0
2131,4829.72,170.4,0.0,1.0,4,10203,0
2132,4831.64,168.2,0.0,1.0,4,10094,0
2133,4833.52,166.5,0.0,1.0,4,10360,0
2134,4835.4,165.0,0.0,1.0,4,10652,0
2135,4837.27,163.4,0.0,1.0,4,10943,0
2136,4839.13,161.8,0.0,1.0,4,11203,0
2137,4840.92,159.0,0.0,1.0,4,11160,0
2138,4842.66,156.3,0.0,1.0,4,11117,0
2139,4844.35,153.6,0.0,1.0,4,11073,0
2140,4846.05,150.9,0.0,1.0,3,11030,0
2141,4847.72,148.4,0.0,1.0,3,10938,0
2142,4849.35,146.3,0.0,1.0,3,10726,0
2143,4850.94,144.2,0.0,1.0,3,10515,0
2144,4852.48,142.1,0.0,1.0,3,10303,0
2145,4854.02,140.1,0.0,1.0,3,10092,0
2146,4855.56,138.0,0.0,1.0,3,9880,0
2147,4857.09,135.9,0.0,1.0,3,9669,0
2148,4858.59,134.2,0.0,1.0,3,9536,0
2149,4860.05,132.9,0.0,1.0,3,9462,0
2150,4861.52,131.6,0.0,1.0,3,9388,0
2151,4862.98,130.3,0.0,1.0,3,9313,0
2152,4864.41,129.0,0.0,1.0,3,9239,0
2153,4865.84,127.7,0.0,1.0,3,9165,0
2154,4867.28,126.4,0.0,1.0,3,9090,0
2155,4868.71,125.1,0.0,1.0,3,9016,0
2156,4870.14,124.6,0.0,1.0,3,8934,0
2157,4871.57,124.2,0.0,1.0,3,8852,0
2158,4872.99,123.8,0.0,1.0,3,8770,0
2159,4874.41,123.4,0.0,1.0,3,8688,0
2160,4875.81,122.8,0.0,1.0,3,8611,0
2161,4877.16,121.4,0.0,1.0,3,8566,0
2162,4878.5,119.9,0.0,1.0,3,8521,0
2163,4879.84,118.4,0.0,1.0,3,8477,0
2164,4881.19,117.0,0.0,1.0,3,8432,0
2165,4882.51,115.8,0.0,1.0,3,8392,0
2166,4883.8,115.0,0.0,1.0,3,8361,0
2167,4885.09,114.3,0.0,1.0,3,8330,0
2168,4886.38,113.5,0.0,1.0,3,8299,0
2169,4887.66,112.8,0.0,1.0,3,8268,0
2170,4888.94,112.0,0.0,1.0,3,8237,0
2171,4890.22,111.3,0.0,1.0,3,8205,0
2172,4891.5,110.9,0.0,1.0,3,8189,0
2173,4892.77,110.8,0.0,1.0,3,8181,0
2174,4894.05,110.7,0.0,1.0,3,8174,0
2175,4895.32,110.5,0.0,1.0,3,8166,0
2176,4896.6,110.4,0.0,1.0,3,8159,0
2177,4897.87,110.3,0.0,1.0,3,8151,0
2178,4899.14,110.1,0.0,1.0,3,8144,0
2179,4900.41,110.0,0.0,0.1,3,8137,0
2180,4901.66,109.6,5.6,0.0,3,8182,0
2181,4902.91,109.2,11.6,0.0,3,8231,0
2182,4904.16,108.8,17.6,0.0,3,8281,0
2183,4905.41,108.4,23.7,0.0,3,8330,0
2184,4906.67,108.0,29.0,0.0,3,8375,0
2185,4907.94,108.3,28.7,0.0,3,8383,0
2186,4909.21,108.6,28.4,0.0,3,8390,0
2187,4910.48,108.9,28.1,0.0,3,8398,0
2188,4911.76,109.2,27.8,0.0,3,8405,0
2189,4913.03,109.5,27.5,0.0,3,8413,0
2190,4914.3,109.8,27.2,0.0,3,8420,0
2191,4915.58,110.1,27.8,0.0,3,8445,0
2192,4916.86,110.4,29.9,0.0,3,8494,0
2193,4918.15,110.6,32.0,0.0,3,8544,0
2194,4919.43,110.9,34.1,0.0,3,8593,0
2195,4920.72,111.2,36.7,0.0,3,8656,0
2196,4922.02,111.5,39.9,0.0,3,8728,0
2197,4923.33,111.9,43.0,0.0,3,8800,0
2198,4924.64,112.2,46.1,0.0,3,8873,0
2199,4925.96,112.6,49.2,0.0,3,8945,0
2200,4927.28,112.9,52.4,0.0,3,9018,0
2201,4928.65,114.4,54.1,0.0,3,9118,0
2202,4930.05,116.1,55.5,0.0,3,9225,0
2203,4931.46,117.9,56.9,0.0,3,9333,0
2204,4932.9,119.6,58.3,0.0,3,9440,0
2205,4934.34,121.3,59.7,0.0,3,9547,0
2206,4935.79,123.0,61.0,0.0,3,9653,0
2207,4937.25,123.8,61.9,0.0,3,9733,0
2208,4938.72,124.5,62.8,0.0,3,9813,0
2209,4940.2,125.3,63.7,0.0,3,9893,0
2210,4941.69,126.0,64.6,0.0,3,9973,0
2211,4943.18,126.7,65.5,0.0,3,10053,0
2212,4944.67,127.5,66.4,0.0,3,10134,0
2213,4946.18,128.4,67.2,0.0,3,10208,0
2214,4947.7,129.7,67.8,0.0,3,10269,0
2215,4949.23,130.9,68.5,0.0,3,10330,0
2216,4950.79,132.2,69.1,0.0,3,10391,0
2217,4952.37,133.4,69.7,0.0,3,10453,0
2218,4953.98,134.9,70.7,0.0,3,10564,0
2219,4955.65,136.6,72.1,0.0,3,10722,0
2220,4957.38,138.4,73.5,0.0,3,10879,0
2221,4959.12,140.1,74.9,0.0,3,11037,0
2222,4960.85,141.8,76.3,0.0,3,11195,0
2223,4962.59,143.6,77.7,0.0,3,11352,0
2224,4964.33,145.3,79.1,0.0,3,11510,0
2225,4966.07,147.1,80.4,0.0,3,11667,0
2226,4967.82,148.8,81.8,0.0,3,11825,0
2227,4969.62,150.1,82.0,0.0,3,11760,0
2228,4971.43,151.3,82.0,0.0,3,11665,0
2229,4973.23,152.5,82.0,0.0,3,11569,0
2230,4975.04,153.7,82.0,0.0,3,11474,0
2231,4976.84,154.9,82.0,0.0,3,11379,0
2232,4978.66,156.2,82.2,0.0,3,11296,0
2233,4980.58,158.1,83.9,0.0,3,11308,0
2234,4982.57,160.0,85.6,0.0,3,11319,0
2235,4984.62,161.9,87.3,0.0,3,11331,0
2236,4986.67,163.8,89.0,0.0,3,11342,0
2237,4988.71,165.7,90.7,0.0,3,11354,0
2238,4990.76,167.6,92.4,0.0,3,11365,0
2239,4992.81,169.5,94.1,0.0,3,11377,0
2240,4994.86,171.4,95.8,0.0,3,11388,0
2241,4996.94,173.3,97.5,0.0,3,11399,0
2242,4999.03,175.2,99.2,0.0,4,11411,0
2243,5001.11,176.7,99.7,0.0,4,11472,0
2244,5003.19,178.0,99.2,0.0,4,11571,0
2245,5005.29,179.3,98.7,0.0,4,11671,0
2246,5007.4,180.6,98.1,0.0,4,11770,0
2247,5009.57,182.1,98.1,0.0,4,11634,0
2248,5011.77,183.6,98.3,0.0,4,11405,0
2249,5013.97,185.0,98.4,0.0,4,11177,0
2250,5016.17,186.5,98.6,0.0,4,10949,0
2251,5018.37,188.0,98.7,0.0,4,10720,0
2252,5020.59,189.5,98.8,0.0,4,10492,0
2253,5022.84,191.0,99.0,0.0,4,10263,0
2254,5025.12,192.1,99.1,0.0,4,10262,0
2255,5027.4,193.3,99.3,0.0,4,10266,0
2256,5029.69,194.5,99.4,0.0,4,10270,0
2257,5032.02,195.7,99.5,0.0,4,10274,0
2258,5034.34,196.8,99.6,0.0,4,10278,0
2259,5036.67,198.0,99.8,0.0,4,10282,0
2260,5039.0,199.2,99.9,0.0,4,10286,0
2261,5041.39,200.8,100.0,0.0,5,10318,0
2262,5043.82,203.4,100.0,0.0,5,10415,0
2263,5046.26,206.0,100.0,0.0,5,10513,0
2264,5048.69,208.6,100.0,0.0,5,10610,0
2265,5051.15,210.6,100.0,0.0,5,10706,0
2266,5053.64,212.0,100.0,0.0,5,10801,0
2267,5056.19,213.4,100.0,0.0,5,10896,0
2268,5058.75,214.8,100.0,0.0,5,10990,0
2269,5061.31,216.2,100.0,0.0,5,11085,0
2270,5063.88,217.6,100.0,0.0,5,11180,0
2271,5066.49,219.0,100.0,0.0,5,11274,0
2272,5069.11,220.4,100.0,0.0,5,11369,0
2273,5071.73,221.7,100.0,0.0,5,11464,0
2274,5074.39,223.1,100.0,0.0,5,11459,0
2275,5077.06,224.4,100.0,0.0,5,11432,0
2276,5079.73,225.7,100.0,0.0,5,11405,0
2277,5082.41,227.0,100.0,0.0,5,11378,0
2278,5085.08,228.3,100.0,0.0,5,11351,0
2279,5087.79,229.6,100.0,0.0,5,11323,0
2280,5090.49,230.9,100.0,0.0,5,11296,0
2281,5093.2,232.1,100.0,0.0,5,11235,0
2282,5095.93,233.2,100.0,0.0,5,10953,0
2283,5098.66,234.2,100.0,0.0,5,10672,0
2284,5101.4,235.3,100.0,0.0,5,10390,0
2285,5104.15,236.5,100.0,0.0,5,10213,0
2286,5106.94,238.0,100.0,0.0,5,10282,0
2287,5109.77,239.6,100.0,0.0,5,10352,0
2288,5112.62,241.2,100.0,0.0,5,10422,0
2289,5115.47,242.7,100.0,0.0,6,10492,0
2290,5118.33,244.3,100.0,0.0,6,10562,0
2291,5121.22,245.6,100.0,0.0,6,10631,0
2292,5124.13,246.6,100.0,0.0,6,10699,0
2293,5127.05,247.6,100.0,0.0,6,10768,0
2294,5129.97,248.7,100.0,0.0,6,10837,0
2295,5132.89,249.7,100.0,0.0,6,10905,0
2296,5135.81,250.8,100.0,0.0,6,10974,0
2297,5138.74,251.8,100.0,0.0,6,11043,0
2298,5141.71,252.9,100.0,0.0,6,11111,0
2299,5144.72,254.0,100.0,0.0,6,11142,0
2300,5147.74,255.1,100.0,0.0,6,11167,0
2301,5150.75,256.3,100.0,0.0,6,11192,0
2302,5153.79,257.4,100.0,0.0,6,11217,0
2303,5156.87,258.6,100.0,0.0,6,11241,0
2304,5159.95,259.7,100.0,0.0,6,11266,0
2305,5163.03,260.9,100.0,0.0,6,11291,0
2306,5166.11,262.0,100.0,0.0,6,11316,0
2307,5169.18,263.1,100.0,0.0,6,11341,0
2308,5172.27,264.2,100.0,0.0,6,11368,0
2309,5175.4,265.0,100.0,0.0,6,11403,0
2310,5178.52,265.8,100.0,0.0,6,11438,0
2311,5181.65,266.6,100.0,0.0,6,11472,0
2312,5184.77,267.5,100.0,0.0,6,11507,0
2313,5187.9,268.3,100.0,0.0,6,11542,0
2314,5191.05,269.1,100.0,0.0,6,11577,0
2315,5194.21,269.9,100.0,0.0,6,11612,0
2316,5197.36,270.7,100.0,0.0,6,11646,0
2317,5200.53,271.5,100.0,0.0,6,11547,0
2318,5203.7,272.4,100.0,0.0,6,11372,0
2319,5206.89,273.2,100.0,0.0,6,11197,0
2320,5210.08,274.0,100.0,0.0,7,11022,0
2321,5213.27,274.9,100.0,0.0,7,10847,0
2322,5216.47,275.4,100.0,0.0,7,10742,0
2323,5219.68,276.0,100.0,0.0,7,10650,0
2324,5222.9,276.5,100.0,0.0,7,10558,0
2325,5226.12,277.0,100.0,0.0,7,10466,0
2326,5229.34,277.5,100.0,0.0,7,10374,0
2327,5232.57,278.1,100.0,0.0,7,10292,0
2328,5235.82,278.8,100.0,0.0,7,10325,0
2329,5239.08,279.6,100.0,0.0,7,10358,0
2330,5242.33,280.4,100.0,0.0,7,10391,0
2331,5245.58,281.1,100.0,0.0,7,10420,0
2332,5248.85,281.6,100.0,0.0,7,10438,0
2333,5252.13,282.2,100.0,0.0,7,10456,0
2334,5255.41,282.7,100.0,0.0,7,10473,0
2335,5258.7,283.2,100.0,0.0,7,10490,0
2336,5262.0,283.6,100.0,0.0,7,10503,0
2337,5265.3,284.1,100.0,0.0,7,10517,0
2338,5268.62,284.6,100.0,0.0,7,10531,0
2339,5271.94,285.0,100.0,0.0,7,10545,0
2340,5275.27,285.5,100.0,0.0,7,10558,0
2341,5278.61,286.0,100.0,0.0,7,10572,0
2342,5281.94,286.4,100.0,0.0,7,10586,0
2343,5285.28,286.9,100.0,0.0,7,10600,0
2344,5288.62,287.4,100.0,0.0,7,10610,0
2345,5291.96,287.9,100.0,0.0,7,10618,0
2346,5295.31,288.4,100.0,0.0,7,10627,0
2347,5298.65,289.0,100.0,0.0,7,10635,0
2348,5302.0,289.0,100.0,0.0,7,10655,0
2349,5305.34,289.0,100.0,0.0,7,10677,0
2350,5308.69,289.0,100.0,0.0,7,10698,0
2351,5312.04,289.1,100.0,0.0,7,10718,0
2352,5315.44,289.8,100.0,0.0,7,10733,0
2353,5318.83,290.5,100.0,0.0,7,10748,0
2354,5322.23,291.3,100.0,0.0,7,10763,0
2355,5325.63,292.0,100.0,0.0,7,10778,0
2356,5329.03,292.8,100.0,0.0,7,10793,0
2357,5332.45,293.5,100.0,0.0,7,10808,0
2358,5335.87,294.1,100.0,0.0,7,10820,0
2359,5339.29,294.3,100.0,0.0,7,10824,0
2360,5342.72,294.4,100.0,0.0,7,10829,0
2361,5346.14,294.6,100.0,0.0,7,10833,0
2362,5349.57,294.8,100.0,0.0,7,10837,0
2363,5352.99,295.0,100.0,0.0,7,10842,0
2364,5356.42,295.2,100.0,0.0,7,10846,0
2365,5359.84,295.4,100.0,0.0,7,10851,0
2366,5363.27,295.6,100.0,0.0,7,10855,0
2367,5366.7,295.8,100.0,0.0,7,10860,0
2368,5370.13,296.0,100.0,0.0,7,10864,0
2369,5373.55,296.0,100.0,0.0,7,10869,0
2370,5376.98,296.0,100.0,0.0,7,10874,0
2371,5380.4,296.0,100.0,0.0,7,10879,0
2372,5383.83,296.0,100.0,0.0,7,10883,0
