frame,distance,PIA_delta,VER_delta
0,0.008,0.0,0.0
1,3.628,0.0,-0.0005
2,7.249,0.0,-0.001
3,10.87,0.0,-0.0014
4,14.491,0.0,-0.0019
5,18.112,0.0,-0.0024
6,21.733,0.0,-0.0029
7,25.358,0.0,-0.0034
8,28.985,0.0,-0.0038
9,32.611,0.0,-0.0043
10,36.238,0.0,-0.0048
11,39.868,0.0,-0.0055
12,43.502,0.0,-0.0062
13,47.135,0.0,-0.0068
14,50.768,0.0,-0.0075
15,54.402,0.0,-0.0082
16,58.036,0.0,-0.0089
17,61.68,0.0,-0.0096
18,65.331,0.0,-0.0102
19,68.982,0.0,-0.0108
20,72.633,0.0,-0.0114
21,76.284,0.0,-0.012
22,79.946,0.0,-0.0126
23,83.61,0.0,-0.0132
24,87.274,0.0,-0.0139
25,90.938,0.0,-0.0145
26,94.611,0.0,-0.0151
27,98.291,0.0,-0.0157
28,101.972,0.0,-0.0162
29,105.653,0.0,-0.0168
30,109.333,0.0,-0.0174
31,113.014,0.0,-0.018
32,116.694,0.0,-0.0185
33,120.375,0.0,-0.0191
34,124.068,0.0,-0.0196
35,127.773,0.0,-0.0201
36,131.478,0.0,-0.0206
37,135.183,0.0,-0.021
38,138.888,0.0,-0.0215
39,142.593,0.0,-0.0219
40,146.3,0.0,-0.0224
41,150.015,0.0,-0.0229
42,153.73,0.0,-0.0233
43,157.446,0.0,-0.0237
44,161.161,0.0,-0.0242
45,164.876,0.0,-0.0246
46,168.596,0.0,-0.025
47,172.323,0.0,-0.0254
48,176.05,0.0,-0.0258
49,179.777,0.0,-0.0262
50,183.503,0.0,-0.0267
51,187.229,0.0,-0.0272
52,190.955,0.0,-0.0278
53,194.681,0.0,-0.0283
54,198.407,0.0,-0.0288
55,202.136,0.0,-0.0294
56,205.884,0.0,-0.0298
57,209.633,0.0,-0.0302
58,213.383,0.0,-0.0306
59,217.102,0.0,-0.0312
60,220.817,0.0,-0.0319
61,224.532,0.0,-0.0325
62,228.247,0.0,-0.0332
63,231.962,0.0,-0.0339
64,235.652,0.0,-0.0348
65,239.211,0.0,-0.0372
66,242.769,0.0,-0.0395
67,246.328,0.0,-0.0419
68,249.886,0.0,-0.0443
69,253.209,0.0,-0.0486
70,256.479,0.0,-0.0533
71,259.749,0.0,-0.058
72,263.019,0.0,-0.0627
73,266.289,0.0,-0.0674
74,269.559,0.0,-0.0721
75,272.829,0.0,-0.0769
76,275.826,0.0,-0.0817
77,278.675,0.0,-0.0866
78,281.524,0.0,-0.0915
79,284.373,0.0,-0.0964
80,287.022,0.0,-0.1015
81,289.614,0.0,-0.1067
82,292.206,0.0,-0.1119
83,294.798,0.0,-0.1171
84,297.386,0.0,-0.1222
85,299.844,0.0,-0.1247
86,302.297,0.0,-0.1272
87,304.618,0.0,-0.1311
88,306.938,0.0,-0.135
89,309.258,0.0,-0.139
90,311.578,0.0,-0.1429
91,313.898,0.0,-0.1468
92,316.196,0.0,-0.1506
93,318.443,0.0,-0.1538
94,320.69,0.0,-0.1571
95,322.917,0.0,-0.1603
96,325.122,0.0,-0.1634
97,327.327,0.0,-0.1664
98,329.532,0.0,-0.1695
99,331.737,0.0,-0.1726
100,333.924,0.0,-0.1751
101,336.096,0.0,-0.1772
102,338.255,0.0,-0.1786
103,340.414,0.0,-0.1801
104,342.55,0.0,-0.1817
105,344.682,0.0,-0.1833
106,346.813,0.0,-0.1849
107,348.945,0.0,-0.1866
108,351.076,0.0,-0.1882
109,353.203,0.0,-0.1898
110,355.329,0.0,-0.1914
111,357.457,0.0,-0.193
112,359.591,0.0,-0.1943
113,361.725,0.0,-0.1957
114,363.867,0.0,-0.1964
115,366.012,0.0,-0.1968
116,368.157,0.0,-0.1972
117,370.303,0.0,-0.1976
118,372.452,0.0,-0.1979
119,374.608,0.0,-0.198
120,376.791,0.0,-0.1982
121,378.976,0.0,-0.1984
122,381.161,0.0,-0.1987
123,383.406,0.0,-0.1989
124,385.686,0.0,-0.199
125,387.966,0.0,-0.1992
126,390.246,0.0,-0.1994
127,392.602,0.0,-0.1997
128,394.988,0.0,-0.2
129,397.374,0.0,-0.2003
130,399.761,0.0,-0.2006
131,402.147,0.0,-0.2008
132,404.546,0.0,-0.201
133,406.963,0.0,-0.2011
134,409.38,0.0,-0.2011
135,411.799,0.0,-0.2015
136,414.226,0.0,-0.2036
137,416.658,0.0,-0.2037
138,419.09,0.0,-0.2038
139,421.523,0.0,-0.2041
140,423.959,0.0,-0.2046
141,426.394,0.0,-0.2051
142,428.84,0.0,-0.2059
143,431.326,0.0,-0.2071
144,433.838,0.0,-0.2078
145,436.349,0.0,-0.2086
146,438.861,0.0,-0.2094
147,441.398,0.0,-0.2099
148,443.952,0.0,-0.2102
149,446.511,0.0,-0.2105
150,449.097,0.0,-0.2106
151,451.683,0.0,-0.2107
152,454.297,0.0,-0.2113
153,456.918,0.0,-0.2121
154,459.556,0.0,-0.2127
155,462.219,0.0,-0.213
156,464.883,0.0,-0.2134
157,467.547,0.0,-0.2137
158,470.211,0.0,-0.2141
159,472.878,0.0,-0.2145
160,475.569,0.0,-0.2156
161,478.259,0.0,-0.2167
162,480.949,0.0,-0.2178
163,483.64,0.0,-0.2189
164,486.337,0.0,-0.22
165,489.05,0.0,-0.2212
166,491.772,0.0,-0.2223
167,494.507,0.0,-0.2234
168,497.243,0.0,-0.2244
169,499.978,0.0,-0.2255
170,502.726,0.0,-0.2264
171,505.485,0.0,-0.2271
172,508.263,0.0,-0.2277
173,511.052,0.0,-0.2282
174,513.842,0.0,-0.2287
175,516.631,0.0,-0.2292
176,519.42,0.0,-0.2297
177,522.244,0.0,-0.2302
178,525.073,0.0,-0.2308
179,527.927,0.0,-0.2312
180,530.783,0.0,-0.2316
181,533.639,0.0,-0.2319
182,536.496,0.0,-0.2323
183,539.366,0.0,-0.2327
184,542.24,0.0,-0.2332
185,545.115,0.0,-0.2337
186,547.989,0.0,-0.2342
187,550.889,0.0,-0.2345
188,553.809,0.0,-0.2346
189,556.753,0.0,-0.2346
190,559.697,0.0,-0.2347
191,562.649,0.0,-0.2348
192,565.611,0.0,-0.2351
193,568.58,0.0,-0.2354
194,571.555,0.0,-0.2359
195,574.529,0.0,-0.2363
196,577.504,0.0,-0.2368
197,580.513,0.0,-0.2369
198,583.539,0.0,-0.2369
199,586.587,0.0,-0.2369
200,589.643,0.0,-0.2369
201,592.7,0.0,-0.237
202,595.766,0.0,-0.237
203,598.833,0.0,-0.237
204,601.9,0.0,-0.237
205,604.969,0.0,-0.237
206,608.079,0.0,-0.237
207,611.193,0.0,-0.237
208,614.354,0.0,-0.237
209,617.516,0.0,-0.237
210,620.677,0.0,-0.237
211,623.838,0.0,-0.237
212,626.999,0.0,-0.237
213,630.172,0.0,-0.2369
214,633.366,0.0,-0.2368
215,636.561,0.0,-0.2367
216,639.755,0.0,-0.2366
217,642.95,0.0,-0.2365
218,646.16,0.0,-0.2365
219,649.384,0.0,-0.2364
220,652.63,0.0,-0.2362
221,655.876,0.0,-0.2361
222,659.122,0.0,-0.2359
223,662.374,0.0,-0.2358
224,665.642,0.0,-0.2358
225,668.91,0.0,-0.2357
226,672.178,0.0,-0.2357
227,675.449,0.0,-0.2357
228,678.733,0.0,-0.2357
229,682.017,0.0,-0.2357
230,685.301,0.0,-0.2357
231,688.587,0.0,-0.2357
232,691.89,0.0,-0.2357
233,695.212,0.0,-0.2357
234,698.534,0.0,-0.2357
235,701.855,0.0,-0.2357
236,705.177,0.0,-0.2357
237,708.499,0.0,-0.2357
238,711.826,0.0,-0.2357
239,715.171,0.0,-0.2357
240,718.517,0.0,-0.2357
241,721.864,0.0,-0.2357
242,725.21,0.0,-0.2357
243,728.573,0.0,-0.2357
244,731.946,0.0,-0.2357
245,735.319,0.0,-0.2357
246,738.696,0.0,-0.2357
247,742.085,0.0,-0.2358
248,745.474,0.0,-0.2358
249,748.873,0.0,-0.2358
250,752.273,0.0,-0.2358
251,755.674,0.0,-0.2359
252,759.075,0.0,-0.2359
253,762.487,0.0,-0.2361
254,765.911,0.0,-0.2363
255,769.335,0.0,-0.2364
256,772.76,0.0,-0.2365
257,776.2,0.0,-0.2366
258,779.668,0.0,-0.2366
259,783.135,0.0,-0.2366
260,786.603,0.0,-0.2366
261,790.07,0.0,-0.2366
262,793.538,0.0,-0.2366
263,797.011,0.0,-0.2367
264,800.493,0.0,-0.2369
265,803.975,0.0,-0.2371
266,807.458,0.0,-0.2372
267,810.942,0.0,-0.2372
268,814.425,0.0,-0.2372
269,817.909,0.0,-0.2372
270,821.393,0.0,-0.2372
271,824.888,0.0,-0.2373
272,828.386,0.0,-0.2375
273,831.884,0.0,-0.2376
274,835.389,0.0,-0.2378
275,838.905,0.0,-0.2382
276,842.421,0.0,-0.2386
277,845.938,0.0,-0.2389
278,849.469,0.0,-0.2391
279,853.025,0.0,-0.2394
280,856.581,0.0,-0.2396
281,860.137,0.0,-0.2399
282,863.693,0.0,-0.2402
283,867.249,0.0,-0.2404
284,870.805,0.0,-0.2407
285,874.361,0.0,-0.241
286,877.917,0.0,-0.2412
287,881.481,0.0,-0.2415
288,885.053,0.0,-0.2417
289,888.628,0.0,-0.2419
290,892.207,0.0,-0.242
291,895.785,0.0,-0.2422
292,899.364,0.0,-0.2423
293,902.949,0.0,-0.2423
294,906.537,0.0,-0.2424
295,910.125,0.0,-0.2424
296,913.713,0.0,-0.2425
297,917.301,0.0,-0.2425
298,920.894,0.0,-0.2427
299,924.495,0.0,-0.2428
300,928.097,0.0,-0.2429
301,931.7,0.0,-0.243
302,935.326,0.0,-0.2432
303,938.951,0.0,-0.2434
304,942.549,0.0,-0.2441
305,946.129,0.0,-0.2451
306,949.709,0.0,-0.2462
307,953.233,0.0,-0.2474
308,956.627,0.0,-0.2488
309,960.02,0.0,-0.2503
310,963.414,0.0,-0.2517
311,966.728,0.0,-0.2527
312,969.826,0.0,-0.253
313,972.812,0.0,-0.2531
314,975.798,0.0,-0.2532
315,978.784,0.0,-0.2533
316,981.771,0.0,-0.2535
317,984.696,0.0,-0.2538
318,987.531,0.0,-0.2542
319,990.367,0.0,-0.2546
320,993.202,0.0,-0.255
321,996.038,0.0,-0.2553
322,998.785,0.0,-0.2563
323,1001.176,0.0,-0.2609
324,1003.548,0.0,-0.2659
325,1005.921,0.0,-0.2708
326,1008.279,0.0,-0.2758
327,1010.059,0.0,-0.284
328,1011.566,0.0,-0.2936
329,1013.074,0.0,-0.3032
330,1014.582,0.0,-0.3128
331,1016.09,0.0,-0.3223
332,1017.598,0.0,-0.3319
333,1019.106,0.0,-0.3415
334,1020.614,0.0,-0.3511
335,1022.122,0.0,-0.3607
336,1023.63,0.0,-0.3703
337,1025.138,0.0,-0.3799
338,1026.646,0.0,-0.3895
339,1028.154,0.0,-0.3991
340,1029.662,0.0,-0.4087
341,1031.17,0.0,-0.4183
342,1032.678,0.0,-0.4279
343,1034.186,0.0,-0.4375
344,1035.694,0.0,-0.447
345,1037.202,0.0,-0.4566
346,1038.71,0.0,-0.4662
347,1040.218,0.0,-0.4758
348,1041.726,0.0,-0.4854
349,1043.149,0.0,-0.4944
350,1044.484,0.0,-0.5028
351,1045.823,0.0,-0.5108
352,1047.189,0.0,-0.5162
353,1048.555,0.0,-0.5216
354,1049.922,0.0,-0.527
355,1051.288,0.0,-0.5324
356,1052.653,0.0,-0.5351
357,1054.019,0.0,-0.5371
358,1055.384,0.0,-0.539
359,1056.75,0.0,-0.541
360,1058.115,0.0,-0.5429
361,1059.461,0.0,-0.5448
362,1060.789,0.0,-0.5465
363,1062.103,0.0,-0.5465
364,1063.417,0.0,-0.5465
365,1064.722,0.0,-0.5465
366,1066.023,0.0,-0.5465
367,1067.324,0.0,-0.5465
368,1068.625,0.0,-0.5465
369,1069.906,0.0,-0.5465
370,1071.149,0.0,-0.5465
371,1072.388,0.0,-0.5465
372,1073.626,0.0,-0.5465
373,1074.865,0.0,-0.5465
374,1076.103,0.0,-0.5465
375,1077.339,0.0,-0.5465
376,1078.555,0.0,-0.5465
377,1079.77,0.0,-0.5465
378,1080.985,0.0,-0.5465
379,1082.2,0.0,-0.5465
380,1083.415,0.0,-0.5465
381,1084.63,0.0,-0.5465
382,1085.856,0.0,-0.5465
383,1087.139,0.0,-0.5446
384,1088.426,0.0,-0.5425
385,1089.714,0.0,-0.5403
386,1091.002,0.0,-0.5382
387,1092.289,0.0,-0.536
388,1093.577,0.0,-0.5339
389,1094.864,0.0,-0.5317
390,1096.152,0.0,-0.5296
391,1097.506,0.0,-0.5267
392,1098.881,0.0,-0.5236
393,1100.255,0.0,-0.5205
394,1101.63,0.0,-0.5174
395,1103.004,0.0,-0.5143
396,1104.441,0.0,-0.51
397,1105.881,0.0,-0.5057
398,1107.343,0.0,-0.5015
399,1108.857,0.0,-0.4967
400,1110.371,0.0,-0.492
401,1111.885,0.0,-0.4873
402,1113.434,0.0,-0.4823
403,1115.0,0.0,-0.4772
404,1116.566,0.0,-0.4721
405,1118.141,0.0,-0.4674
406,1119.731,0.0,-0.4632
407,1121.342,0.0,-0.4595
408,1122.985,0.0,-0.4566
409,1124.628,0.0,-0.4537
410,1126.271,0.0,-0.4508
411,1127.921,0.0,-0.448
412,1129.689,0.0,-0.4463
413,1131.483,0.0,-0.4442
414,1133.278,0.0,-0.4422
415,1135.072,0.0,-0.4401
416,1136.867,0.0,-0.4381
417,1138.694,0.0,-0.4363
418,1140.528,0.0,-0.4347
419,1142.363,0.0,-0.4339
420,1144.198,0.0,-0.4333
421,1146.061,0.0,-0.4322
422,1147.954,0.0,-0.4306
423,1149.866,0.0,-0.4293
424,1151.892,0.0,-0.4293
425,1153.917,0.0,-0.4293
426,1155.943,0.0,-0.4293
427,1157.968,0.0,-0.4293
428,1159.995,0.0,-0.4293
429,1162.024,0.0,-0.4293
430,1164.023,0.0,-0.4293
431,1166.017,0.0,-0.4293
432,1168.011,0.0,-0.4293
433,1170.005,0.0,-0.4293
434,1171.999,0.0,-0.4293
435,1173.969,0.0,-0.429
436,1175.92,0.0,-0.4284
437,1177.848,0.0,-0.4279
438,1179.768,0.0,-0.4273
439,1181.688,0.0,-0.4268
440,1183.592,0.0,-0.426
441,1185.49,0.0,-0.4252
442,1187.394,0.0,-0.4244
443,1189.3,0.0,-0.4236
444,1191.214,0.0,-0.4217
445,1193.128,0.0,-0.4199
446,1195.051,0.0,-0.4189
447,1196.983,0.0,-0.4189
448,1198.915,0.0,-0.4189
449,1200.847,0.0,-0.4189
450,1202.779,0.0,-0.4189
451,1204.711,0.0,-0.4189
452,1206.66,0.0,-0.4189
453,1208.615,0.0,-0.4189
454,1210.576,0.0,-0.419
455,1212.546,0.0,-0.419
456,1214.515,0.0,-0.419
457,1216.504,0.0,-0.419
458,1218.493,0.0,-0.419
459,1220.498,0.0,-0.4176
460,1222.512,0.0,-0.4155
461,1224.526,0.0,-0.4134
462,1226.54,0.0,-0.4114
463,1228.554,0.0,-0.4101
464,1230.567,0.0,-0.4087
465,1232.581,0.0,-0.4073
466,1234.595,0.0,-0.406
467,1236.653,0.0,-0.4045
468,1238.714,0.0,-0.403
469,1240.808,0.0,-0.4021
470,1242.935,0.0,-0.4019
471,1245.063,0.0,-0.4017
472,1247.19,0.0,-0.4015
473,1249.317,0.0,-0.4013
474,1251.462,0.0,-0.4011
475,1253.662,0.0,-0.4011
476,1255.861,0.0,-0.4011
477,1258.061,0.0,-0.4011
478,1260.26,0.0,-0.4011
479,1262.53,0.0,-0.4004
480,1264.809,0.0,-0.3997
481,1267.087,0.0,-0.399
482,1269.396,0.0,-0.3976
483,1271.762,0.0,-0.3952
484,1274.153,0.0,-0.3922
485,1276.544,0.0,-0.3893
486,1278.935,0.0,-0.3863
487,1281.326,0.0,-0.3837
488,1283.72,0.0,-0.382
489,1286.114,0.0,-0.3803
490,1288.492,0.0,-0.3798
491,1290.869,0.0,-0.3795
492,1293.246,0.0,-0.3792
493,1295.655,0.0,-0.379
494,1298.13,0.0,-0.3788
495,1300.605,0.0,-0.3786
496,1303.079,0.0,-0.3784
497,1305.575,0.0,-0.378
498,1308.157,0.0,-0.3771
499,1310.739,0.0,-0.3761
500,1313.32,0.0,-0.3752
501,1315.902,0.0,-0.3742
502,1318.484,0.0,-0.3733
503,1321.082,0.0,-0.3723
504,1323.72,0.0,-0.3715
505,1326.375,0.0,-0.3706
506,1329.03,0.0,-0.3697
507,1331.686,0.0,-0.3688
508,1334.341,0.0,-0.3679
509,1337.005,0.0,-0.367
510,1339.707,0.0,-0.366
511,1342.41,0.0,-0.365
512,1345.113,0.0,-0.364
513,1347.84,0.0,-0.3632
514,1350.582,0.0,-0.3622
515,1353.325,0.0,-0.3612
516,1356.083,0.0,-0.3602
517,1358.858,0.0,-0.3593
518,1361.637,0.0,-0.3584
519,1364.451,0.0,-0.3573
520,1367.266,0.0,-0.3561
521,1370.08,0.0,-0.355
522,1372.932,0.0,-0.3536
523,1375.801,0.0,-0.3521
524,1378.67,0.0,-0.3505
525,1381.539,0.0,-0.349
526,1384.407,0.0,-0.3475
527,1387.276,0.0,-0.3459
528,1390.172,0.0,-0.345
529,1393.07,0.0,-0.3441
530,1395.982,0.0,-0.3431
531,1398.904,0.0,-0.3422
532,1401.826,0.0,-0.3412
533,1404.748,0.0,-0.3403
534,1407.67,0.0,-0.3393
535,1410.595,0.0,-0.3383
536,1413.531,0.0,-0.3374
537,1416.467,0.0,-0.3364
538,1419.403,0.0,-0.3355
539,1422.339,0.0,-0.3346
540,1425.277,0.0,-0.334
541,1428.214,0.0,-0.3334
542,1431.153,0.0,-0.3329
543,1434.102,0.0,-0.3324
544,1437.065,0.0,-0.3317
545,1440.028,0.0,-0.3311
546,1442.991,0.0,-0.3304
547,1445.954,0.0,-0.3297
548,1448.919,0.0,-0.3291
549,1451.893,0.0,-0.3282
550,1454.868,0.0,-0.3274
551,1457.844,0.0,-0.3265
552,1460.827,0.0,-0.3257
553,1463.819,0.0,-0.3249
554,1466.817,0.0,-0.324
555,1469.818,0.0,-0.3231
556,1472.82,0.0,-0.3221
557,1475.821,0.0,-0.3215
558,1478.823,0.0,-0.3211
559,1481.834,0.0,-0.3208
560,1484.849,0.0,-0.3206
561,1487.863,0.0,-0.3204
562,1490.912,0.0,-0.3203
563,1493.965,0.0,-0.3202
564,1497.018,0.0,-0.3201
565,1500.075,0.0,-0.32
566,1503.138,0.0,-0.3199
567,1506.202,0.0,-0.3198
568,1509.266,0.0,-0.3197
569,1512.33,0.0,-0.3196
570,1515.394,0.0,-0.3195
571,1518.467,0.0,-0.3193
572,1521.55,0.0,-0.3192
573,1524.642,0.0,-0.319
574,1527.735,0.0,-0.3189
575,1530.837,0.0,-0.3187
576,1533.954,0.0,-0.3183
577,1537.088,0.0,-0.318
578,1540.236,0.0,-0.3178
579,1543.384,0.0,-0.3175
580,1546.532,0.0,-0.3173
581,1549.694,0.0,-0.3172
582,1552.862,0.0,-0.3171
583,1556.041,0.0,-0.3169
584,1559.225,0.0,-0.3167
585,1562.408,0.0,-0.3165
586,1565.592,0.0,-0.3163
587,1568.788,0.0,-0.316
588,1571.985,0.0,-0.3157
589,1575.198,0.0,-0.3153
590,1578.411,0.0,-0.3148
591,1581.623,0.0,-0.3143
592,1584.836,0.0,-0.3138
593,1588.052,0.0,-0.3133
594,1591.282,0.0,-0.3128
595,1594.517,0.0,-0.3123
596,1597.763,0.0,-0.3118
597,1601.009,0.0,-0.3114
598,1604.255,0.0,-0.311
599,1607.512,0.0,-0.3105
600,1610.771,0.0,-0.3101
601,1614.03,0.0,-0.3096
602,1617.292,0.0,-0.3093
603,1620.558,0.0,-0.309
604,1623.836,0.0,-0.3086
605,1627.114,0.0,-0.3082
606,1630.392,0.0,-0.3078
607,1633.671,0.0,-0.3075
608,1636.949,0.0,-0.3071
609,1640.227,0.0,-0.3067
610,1643.525,0.0,-0.3062
611,1646.845,0.0,-0.306
612,1650.168,0.0,-0.3058
613,1653.49,0.0,-0.3055
614,1656.813,0.0,-0.3053
615,1660.135,0.0,-0.3051
616,1663.458,0.0,-0.3049
617,1666.782,0.0,-0.3047
618,1670.112,0.0,-0.3047
619,1673.444,0.0,-0.3046
620,1676.777,0.0,-0.3044
621,1680.109,0.0,-0.3041
622,1683.442,0.0,-0.3039
623,1686.775,0.0,-0.3037
624,1690.116,0.0,-0.3035
625,1693.459,0.0,-0.3035
626,1696.803,0.0,-0.3035
627,1700.146,0.0,-0.3034
628,1703.494,0.0,-0.3025
629,1706.849,0.0,-0.3005
630,1710.205,0.0,-0.2982
631,1713.561,0.0,-0.296
632,1716.918,0.0,-0.2937
633,1720.274,0.0,-0.2915
634,1723.631,0.0,-0.2892
635,1726.987,0.0,-0.287
636,1730.344,0.0,-0.2847
637,1733.7,0.0,-0.2825
638,1737.048,0.0,-0.2805
639,1740.393,0.0,-0.2785
640,1743.737,0.0,-0.2759
641,1747.081,0.0,-0.2728
642,1750.425,0.0,-0.2697
643,1753.77,0.0,-0.2663
644,1757.122,0.0,-0.2619
645,1760.481,0.0,-0.2573
646,1763.84,0.0,-0.2528
647,1767.214,0.0,-0.2503
648,1770.604,0.0,-0.2503
649,1773.994,0.0,-0.2503
650,1777.313,0.0,-0.2503
651,1780.632,0.0,-0.2503
652,1783.951,0.0,-0.2503
653,1787.27,0.0,-0.2503
654,1790.379,0.0,-0.2503
655,1793.405,0.0,-0.2503
656,1796.432,0.0,-0.2503
657,1799.459,0.0,-0.2503
658,1802.356,0.0,-0.2503
659,1805.231,0.0,-0.2503
660,1808.106,0.0,-0.2503
661,1810.98,0.0,-0.2503
662,1813.828,0.0,-0.2503
663,1816.675,0.0,-0.2503
664,1819.522,0.0,-0.2504
665,1822.362,0.0,-0.2504
666,1825.143,0.0,-0.2508
667,1827.911,0.0,-0.2515
668,1830.678,0.0,-0.2521
669,1833.445,0.0,-0.2528
670,1836.197,0.0,-0.2538
671,1838.922,0.0,-0.2552
672,1841.647,0.0,-0.2566
673,1844.36,0.0,-0.2587
674,1847.061,0.0,-0.2615
675,1849.762,0.0,-0.2642
676,1852.461,0.0,-0.2671
677,1855.147,0.0,-0.2708
678,1857.825,0.0,-0.2747
679,1860.499,0.0,-0.2786
680,1863.173,0.0,-0.2825
681,1865.847,0.0,-0.2864
682,1868.52,0.0,-0.2904
683,1871.193,0.0,-0.2944
684,1873.866,0.0,-0.2984
685,1876.559,0.0,-0.3026
686,1879.252,0.0,-0.3067
687,1881.945,0.0,-0.3109
688,1884.637,0.0,-0.315
689,1887.33,0.0,-0.3192
690,1890.036,0.0,-0.3233
691,1892.752,0.0,-0.3273
692,1895.478,0.0,-0.3309
693,1898.204,0.0,-0.3345
694,1900.938,0.0,-0.3377
695,1903.705,0.0,-0.3402
696,1906.494,0.0,-0.3424
697,1909.283,0.0,-0.3445
698,1912.073,0.0,-0.3467
699,1914.862,0.0,-0.3489
700,1917.675,0.0,-0.3512
701,1920.524,0.0,-0.3535
702,1923.374,0.0,-0.3558
703,1926.223,0.0,-0.3581
704,1929.073,0.0,-0.3604
705,1931.922,0.0,-0.3628
706,1934.772,0.0,-0.3651
707,1937.634,0.0,-0.3673
708,1940.504,0.0,-0.3692
709,1943.375,0.0,-0.3711
710,1946.257,0.0,-0.3727
711,1949.18,0.0,-0.3727
712,1952.102,0.0,-0.3727
713,1955.024,0.0,-0.3727
714,1957.946,0.0,-0.3728
715,1960.869,0.0,-0.3728
716,1963.791,0.0,-0.3728
717,1966.74,0.0,-0.3728
718,1969.701,0.0,-0.3728
719,1972.671,0.0,-0.3728
720,1975.64,0.0,-0.3728
721,1978.631,0.0,-0.3728
722,1981.624,0.0,-0.3728
723,1984.617,0.0,-0.3728
724,1987.614,0.0,-0.3728
725,1990.639,0.0,-0.3728
726,1993.663,0.0,-0.3728
727,1996.688,0.0,-0.3728
728,1999.738,0.0,-0.3728
729,2002.794,0.0,-0.3728
730,2005.85,0.0,-0.3728
731,2008.92,0.0,-0.3728
732,2012.011,0.0,-0.3729
733,2015.103,0.0,-0.3729
734,2018.194,0.0,-0.373
735,2021.285,0.0,-0.373
736,2024.377,0.0,-0.373
737,2027.471,0.0,-0.3734
738,2030.586,0.0,-0.3738
739,2033.705,0.0,-0.3738
740,2036.824,0.0,-0.3738
741,2039.942,0.0,-0.3738
742,2043.061,0.0,-0.3738
743,2046.193,0.0,-0.3738
744,2049.328,0.0,-0.3737
745,2052.462,0.0,-0.3736
746,2055.597,0.0,-0.3735
747,2058.74,0.0,-0.3734
748,2061.888,0.0,-0.3734
749,2065.036,0.0,-0.3734
750,2068.184,0.0,-0.3734
751,2071.346,0.0,-0.3734
752,2074.512,0.0,-0.3734
753,2077.685,0.0,-0.3734
754,2080.861,0.0,-0.3734
755,2084.036,0.0,-0.3734
756,2087.217,0.0,-0.3734
757,2090.399,0.0,-0.3734
758,2093.581,0.0,-0.3734
759,2096.763,0.0,-0.3734
760,2099.944,0.0,-0.3734
761,2103.141,0.0,-0.3736
762,2106.362,0.0,-0.3736
763,2109.582,0.0,-0.3737
764,2112.802,0.0,-0.3737
765,2116.023,0.0,-0.3738
766,2119.243,0.0,-0.3739
767,2122.479,0.0,-0.3739
768,2125.717,0.0,-0.3739
769,2128.955,0.0,-0.3739
770,2132.193,0.0,-0.3739
771,2135.431,0.0,-0.374
772,2138.664,0.0,-0.374
773,2141.892,0.0,-0.3741
774,2145.119,0.0,-0.3743
775,2148.346,0.0,-0.3745
776,2151.58,0.0,-0.3746
777,2154.83,0.0,-0.3746
778,2158.082,0.0,-0.3746
779,2161.335,0.0,-0.3746
780,2164.587,0.0,-0.3746
781,2167.847,0.0,-0.3747
782,2171.107,0.0,-0.3747
783,2174.37,0.0,-0.3748
784,2177.637,0.0,-0.3748
785,2180.904,0.0,-0.3748
786,2184.173,0.0,-0.3748
787,2187.449,0.0,-0.3748
788,2190.724,0.0,-0.3748
789,2194.0,0.0,-0.3748
790,2197.275,0.0,-0.3748
791,2200.551,0.0,-0.3748
792,2203.826,0.0,-0.3749
793,2207.102,0.0,-0.3749
794,2210.38,0.0,-0.3749
795,2213.665,0.0,-0.375
796,2216.953,0.0,-0.3751
797,2220.241,0.0,-0.3752
798,2223.529,0.0,-0.3752
799,2226.818,0.0,-0.3753
800,2230.115,0.0,-0.3754
801,2233.414,0.0,-0.3754
802,2236.712,0.0,-0.3755
803,2240.011,0.0,-0.3755
804,2243.309,0.0,-0.3755
805,2246.608,0.0,-0.3756
806,2249.908,0.0,-0.3756
807,2253.217,0.0,-0.3757
808,2256.532,0.0,-0.3759
809,2259.847,0.0,-0.3761
810,2263.171,0.0,-0.3761
811,2266.498,0.0,-0.3761
812,2269.825,0.0,-0.3761
813,2273.152,0.0,-0.3761
814,2276.48,0.0,-0.3761
815,2279.814,0.0,-0.3762
816,2283.158,0.0,-0.3762
817,2286.502,0.0,-0.3762
818,2289.847,0.0,-0.3762
819,2293.191,0.0,-0.3763
820,2296.535,0.0,-0.3763
821,2299.883,0.0,-0.3764
822,2303.236,0.0,-0.3765
823,2306.591,0.0,-0.3765
824,2309.946,0.0,-0.3765
825,2313.301,0.0,-0.3765
826,2316.656,0.0,-0.3765
827,2320.011,0.0,-0.3765
828,2323.367,0.0,-0.3765
829,2326.722,0.0,-0.3765
830,2330.091,0.0,-0.3765
831,2333.471,0.0,-0.3765
832,2336.85,0.0,-0.3765
833,2340.23,0.0,-0.3765
834,2343.609,0.0,-0.3765
835,2346.989,0.0,-0.3765
836,2350.372,0.0,-0.3764
837,2353.764,0.0,-0.3764
838,2357.155,0.0,-0.3764
839,2360.546,0.0,-0.3765
840,2363.937,0.0,-0.3765
841,2367.328,0.0,-0.3765
842,2370.725,0.0,-0.3765
843,2374.127,0.0,-0.3765
844,2377.53,0.0,-0.3765
845,2380.934,0.0,-0.3765
846,2384.336,0.0,-0.3765
847,2387.737,0.0,-0.3765
848,2391.138,0.0,-0.3765
849,2394.539,0.0,-0.3765
850,2397.943,0.0,-0.3765
851,2401.351,0.0,-0.3764
852,2404.776,0.0,-0.3763
853,2408.202,0.0,-0.3761
854,2411.628,0.0,-0.3759
855,2415.054,0.0,-0.3758
856,2418.48,0.0,-0.3756
857,2421.906,0.0,-0.3754
858,2425.331,0.0,-0.3753
859,2428.757,0.0,-0.3751
860,2432.183,0.0,-0.375
861,2435.609,0.0,-0.3749
862,2439.035,0.0,-0.3749
863,2442.461,0.0,-0.3749
864,2445.887,0.0,-0.3749
865,2449.316,0.0,-0.3749
866,2452.752,0.0,-0.3749
867,2456.191,0.0,-0.3749
868,2459.629,0.0,-0.3749
869,2463.068,0.0,-0.3749
870,2466.507,0.0,-0.3749
871,2469.945,0.0,-0.3749
872,2473.382,0.0,-0.3748
873,2476.82,0.0,-0.3748
874,2480.258,0.0,-0.3748
875,2483.695,0.0,-0.3748
876,2487.133,0.0,-0.3748
877,2490.57,0.0,-0.3748
878,2494.007,0.0,-0.3747
879,2497.444,0.0,-0.3747
880,2500.882,0.0,-0.3746
881,2504.319,0.0,-0.3745
882,2507.757,0.0,-0.3744
883,2511.194,0.0,-0.3743
884,2514.631,0.0,-0.3743
885,2518.067,0.0,-0.3743
886,2521.505,0.0,-0.3743
887,2524.943,0.0,-0.3743
888,2528.382,0.0,-0.3743
889,2531.839,0.0,-0.3743
890,2535.312,0.0,-0.3743
891,2538.785,0.0,-0.3742
892,2542.258,0.0,-0.3742
893,2545.731,0.0,-0.3742
894,2549.204,0.0,-0.3742
895,2552.697,0.0,-0.3742
896,2556.197,0.0,-0.3742
897,2559.698,0.0,-0.3742
898,2563.198,0.0,-0.3742
899,2566.715,0.0,-0.3742
900,2570.233,0.0,-0.3742
901,2573.751,0.0,-0.3742
902,2577.269,0.0,-0.3742
903,2580.789,0.0,-0.3742
904,2584.328,0.0,-0.3742
905,2587.867,0.0,-0.3742
906,2591.405,0.0,-0.3742
907,2594.944,0.0,-0.3742
908,2598.483,0.0,-0.3743
909,2602.022,0.0,-0.3743
910,2605.567,0.0,-0.3743
911,2609.12,0.0,-0.3745
912,2612.674,0.0,-0.3746
913,2616.227,0.0,-0.3747
914,2619.78,0.0,-0.3748
915,2623.333,0.0,-0.3748
916,2626.885,0.0,-0.3748
917,2630.438,0.0,-0.3748
918,2633.992,0.0,-0.3748
919,2637.564,0.0,-0.3748
920,2641.141,0.0,-0.3748
921,2644.717,0.0,-0.3748
922,2648.294,0.0,-0.3748
923,2651.87,0.0,-0.3748
924,2655.446,0.0,-0.3748
925,2659.024,0.0,-0.3749
926,2662.611,0.0,-0.375
927,2666.199,0.0,-0.3751
928,2669.787,0.0,-0.3753
929,2673.375,0.0,-0.3754
930,2676.966,0.0,-0.3756
931,2680.563,0.0,-0.3757
932,2684.162,0.0,-0.3758
933,2687.763,0.0,-0.3759
934,2691.364,0.0,-0.376
935,2694.964,0.0,-0.3761
936,2698.564,0.0,-0.3763
937,2702.163,0.0,-0.3765
938,2705.763,0.0,-0.3767
939,2709.368,0.0,-0.3769
940,2712.977,0.0,-0.3772
941,2716.586,0.0,-0.3774
942,2720.197,0.0,-0.3776
943,2723.813,0.0,-0.3779
944,2727.433,0.0,-0.3781
945,2731.054,0.0,-0.3782
946,2734.676,0.0,-0.3784
947,2738.3,0.0,-0.3786
948,2741.924,0.0,-0.3789
949,2745.548,0.0,-0.3791
950,2749.17,0.0,-0.3794
951,2752.793,0.0,-0.3796
952,2756.416,0.0,-0.3799
953,2760.04,0.0,-0.3802
954,2763.672,0.0,-0.3803
955,2767.307,0.0,-0.3805
956,2770.941,0.0,-0.3806
957,2774.576,0.0,-0.3808
958,2778.211,0.0,-0.381
959,2781.846,0.0,-0.3813
960,2785.479,0.0,-0.3816
961,2789.113,0.0,-0.3819
962,2792.748,0.0,-0.3822
963,2796.39,0.0,-0.3825
964,2800.036,0.0,-0.3827
965,2803.682,0.0,-0.383
966,2807.328,0.0,-0.3833
967,2810.981,0.0,-0.3835
968,2814.639,0.0,-0.3837
969,2818.297,0.0,-0.3839
970,2821.955,0.0,-0.3841
971,2825.603,0.0,-0.3845
972,2829.25,0.0,-0.3849
973,2832.898,0.0,-0.3852
974,2836.543,0.0,-0.3856
975,2840.187,0.0,-0.3861
976,2843.83,0.0,-0.3865
977,2847.474,0.0,-0.3869
978,2851.119,0.0,-0.3873
979,2854.764,0.0,-0.3877
980,2858.41,0.0,-0.3881
981,2862.058,0.0,-0.3885
982,2865.708,0.0,-0.3888
983,2869.36,0.0,-0.3892
984,2873.012,0.0,-0.3896
985,2876.665,0.0,-0.39
986,2880.323,0.0,-0.3904
987,2883.981,0.0,-0.3908
988,2887.639,0.0,-0.3912
989,2891.297,0.0,-0.3916
990,2894.958,0.0,-0.3919
991,2898.621,0.0,-0.3922
992,2902.283,0.0,-0.3926
993,2905.951,0.0,-0.3926
994,2909.619,0.0,-0.3926
995,2913.287,0.0,-0.3926
996,2916.955,0.0,-0.3926
997,2920.623,0.0,-0.3926
998,2924.292,0.0,-0.3926
999,2927.961,0.0,-0.3926
1000,2931.631,0.0,-0.3926
1001,2935.301,0.0,-0.3926
1002,2938.971,0.0,-0.3926
1003,2942.641,0.0,-0.3926
1004,2946.31,0.0,-0.3926
1005,2949.979,0.0,-0.3926
1006,2953.648,0.0,-0.3926
1007,2957.317,0.0,-0.3926
1008,2960.986,0.0,-0.3926
1009,2964.655,0.0,-0.3926
1010,2968.324,0.0,-0.3927
1011,2971.993,0.0,-0.3927
1012,2975.662,0.0,-0.3927
1013,2979.331,0.0,-0.3927
1014,2983.0,0.0,-0.3927
1015,2986.669,0.0,-0.3927
1016,2990.339,0.0,-0.3907
1017,2994.007,0.0,-0.3841
1018,2997.676,0.0,-0.3775
1019,3001.345,0.0,-0.3709
1020,3005.011,0.0,-0.3706
1021,3008.676,0.0,-0.3706
1022,3012.347,0.0,-0.3706
1023,3016.017,0.0,-0.3706
1024,3019.687,0.0,-0.3706
1025,3023.358,0.0,-0.3706
1026,3027.033,0.0,-0.3706
1027,3030.721,0.0,-0.3706
1028,3034.414,0.0,-0.3706
1029,3038.109,0.0,-0.3706
1030,3041.803,0.0,-0.3706
1031,3045.496,0.0,-0.3706
1032,3049.189,0.0,-0.3706
1033,3052.881,0.0,-0.3706
1034,3056.573,0.0,-0.3706
1035,3060.264,0.0,-0.3706
1036,3063.956,0.0,-0.3706
1037,3067.647,0.0,-0.3706
1038,3071.339,0.0,-0.3706
1039,3075.031,0.0,-0.3706
1040,3078.722,0.0,-0.3736
1041,3082.414,0.0,-0.3775
1042,3086.106,0.0,-0.3814
1043,3089.798,0.0,-0.3853
1044,3093.49,0.0,-0.3904
1045,3097.183,0.0,-0.3972
1046,3100.875,0.0,-0.404
1047,3104.568,0.0,-0.4108
1048,3108.261,0.0,-0.4164
1049,3111.955,0.0,-0.4169
1050,3115.649,0.0,-0.4174
1051,3119.343,0.0,-0.4179
1052,3123.037,0.0,-0.4184
1053,3126.728,0.0,-0.4189
1054,3130.418,0.0,-0.4195
1055,3134.109,0.0,-0.42
1056,3137.799,0.0,-0.4206
1057,3141.484,0.0,-0.4212
1058,3145.164,0.0,-0.4218
1059,3148.845,0.0,-0.4225
1060,3152.525,0.0,-0.4231
1061,3156.199,0.0,-0.4239
1062,3159.866,0.0,-0.4247
1063,3163.533,0.0,-0.4255
1064,3167.2,0.0,-0.4263
1065,3170.867,0.0,-0.4271
1066,3174.534,0.0,-0.428
1067,3178.211,0.0,-0.4286
1068,3181.881,0.0,-0.4293
1069,3185.55,0.0,-0.4299
1070,3189.219,0.0,-0.4306
1071,3192.871,0.0,-0.4314
1072,3196.427,0.0,-0.4334
1073,3199.957,0.0,-0.4354
1074,3203.343,0.0,-0.4383
1075,3206.728,0.0,-0.4412
1076,3210.114,0.0,-0.4441
1077,3213.5,0.0,-0.447
1078,3216.886,0.0,-0.4499
1079,3220.272,0.0,-0.4528
1080,3223.626,0.0,-0.455
1081,3226.919,0.0,-0.4557
1082,3230.194,0.0,-0.4558
1083,3233.47,0.0,-0.456
1084,3236.745,0.0,-0.4562
1085,3239.98,0.0,-0.4563
1086,3243.188,0.0,-0.4563
1087,3246.355,0.0,-0.4563
1088,3249.522,0.0,-0.4563
1089,3252.688,0.0,-0.4563
1090,3255.819,0.0,-0.4563
1091,3258.894,0.0,-0.4563
1092,3261.964,0.0,-0.4563
1093,3265.035,0.0,-0.4563
1094,3268.105,0.0,-0.4563
1095,3271.176,0.0,-0.4563
1096,3274.237,0.0,-0.4563
1097,3277.25,0.0,-0.4563
1098,3280.262,0.0,-0.4563
1099,3283.275,0.0,-0.4563
1100,3286.281,0.0,-0.4563
1101,3289.285,0.0,-0.4563
1102,3292.291,0.0,-0.4563
1103,3295.301,0.0,-0.4562
1104,3298.311,0.0,-0.4561
1105,3301.321,0.0,-0.456
1106,3304.32,0.0,-0.456
1107,3307.317,0.0,-0.456
1108,3310.313,0.0,-0.456
1109,3313.309,0.0,-0.456
1110,3316.306,0.0,-0.456
1111,3319.307,0.0,-0.456
1112,3322.335,0.0,-0.456
1113,3325.368,0.0,-0.456
1114,3328.401,0.0,-0.456
1115,3331.434,0.0,-0.456
1116,3334.466,0.0,-0.456
1117,3337.497,0.0,-0.456
1118,3340.513,0.0,-0.456
1119,3343.53,0.0,-0.456
1120,3346.531,0.0,-0.456
1121,3349.522,0.0,-0.456
1122,3352.514,0.0,-0.456
1123,3355.505,0.0,-0.456
1124,3358.496,0.0,-0.456
1125,3361.487,0.0,-0.456
1126,3364.479,0.0,-0.456
1127,3367.465,0.0,-0.456
1128,3370.441,0.0,-0.4562
1129,3373.415,0.0,-0.4564
1130,3376.388,0.0,-0.4566
1131,3379.362,0.0,-0.4567
1132,3382.335,0.0,-0.4569
1133,3385.305,0.0,-0.4573
1134,3388.272,0.0,-0.4577
1135,3391.239,0.0,-0.4582
1136,3394.207,0.0,-0.4586
1137,3397.168,0.0,-0.4593
1138,3400.127,0.0,-0.46
1139,3403.086,0.0,-0.4607
1140,3406.046,0.0,-0.4613
1141,3409.005,0.0,-0.462
1142,3411.957,0.0,-0.4626
1143,3414.908,0.0,-0.4631
1144,3417.859,0.0,-0.4637
1145,3420.811,0.0,-0.4642
1146,3423.767,0.0,-0.4646
1147,3426.74,0.0,-0.4646
1148,3429.712,0.0,-0.4646
1149,3432.685,0.0,-0.4646
1150,3435.658,0.0,-0.4646
1151,3438.63,0.0,-0.4646
1152,3441.603,0.0,-0.4646
1153,3444.619,0.0,-0.4646
1154,3447.652,0.0,-0.4646
1155,3450.684,0.0,-0.4646
1156,3453.717,0.0,-0.4646
1157,3456.749,0.0,-0.4646
1158,3459.781,0.0,-0.4646
1159,3462.814,0.0,-0.4646
1160,3465.87,0.0,-0.4646
1161,3468.933,0.0,-0.4646
1162,3471.995,0.0,-0.4646
1163,3475.063,0.0,-0.4646
1164,3478.136,0.0,-0.4646
1165,3481.21,0.0,-0.4646
1166,3484.294,0.0,-0.4646
1167,3487.377,0.0,-0.4646
1168,3490.461,0.0,-0.4647
1169,3493.559,0.0,-0.4647
1170,3496.673,0.0,-0.4645
1171,3499.812,0.0,-0.4639
1172,3502.95,0.0,-0.4633
1173,3506.088,0.0,-0.4627
1174,3509.277,0.0,-0.462
1175,3512.474,0.0,-0.4613
1176,3515.672,0.0,-0.4607
1177,3518.869,0.0,-0.46
1178,3522.066,0.0,-0.4594
1179,3525.264,0.0,-0.4587
1180,3528.461,0.0,-0.458
1181,3531.659,0.0,-0.4574
1182,3534.87,0.0,-0.457
1183,3538.097,0.0,-0.4568
1184,3541.326,0.0,-0.4565
1185,3544.555,0.0,-0.4562
1186,3547.784,0.0,-0.4559
1187,3551.013,0.0,-0.4556
1188,3554.263,0.0,-0.4555
1189,3557.513,0.0,-0.4553
1190,3560.774,0.0,-0.4552
1191,3564.045,0.0,-0.455
1192,3567.315,0.0,-0.4549
1193,3570.585,0.0,-0.4548
1194,3573.856,0.0,-0.4547
1195,3577.129,0.0,-0.4546
1196,3580.413,0.0,-0.4545
1197,3583.701,0.0,-0.4545
1198,3586.99,0.0,-0.4545
1199,3590.278,0.0,-0.4545
1200,3593.572,0.0,-0.4544
1201,3596.87,0.0,-0.4544
1202,3600.169,0.0,-0.4544
1203,3603.468,0.0,-0.4544
1204,3606.782,0.0,-0.4544
1205,3610.109,0.0,-0.4544
1206,3613.46,0.0,-0.4544
1207,3616.812,0.0,-0.4544
1208,3620.163,0.0,-0.4544
1209,3623.515,0.0,-0.4544
1210,3626.866,0.0,-0.4544
1211,3630.236,0.0,-0.4544
1212,3633.612,0.0,-0.4544
1213,3636.996,0.0,-0.4545
1214,3640.38,0.0,-0.4545
1215,3643.764,0.0,-0.4545
1216,3647.161,0.0,-0.4545
1217,3650.566,0.0,-0.4545
1218,3653.971,0.0,-0.4545
1219,3657.376,0.0,-0.4546
1220,3660.788,0.0,-0.4546
1221,3664.213,0.0,-0.4546
1222,3667.639,0.0,-0.4546
1223,3671.064,0.0,-0.4546
1224,3674.49,0.0,-0.4546
1225,3677.917,0.0,-0.4547
1226,3681.344,0.0,-0.4548
1227,3684.769,0.0,-0.4551
1228,3688.195,0.0,-0.4553
1229,3691.621,0.0,-0.4555
1230,3695.056,0.0,-0.4558
1231,3698.493,0.0,-0.456
1232,3701.931,0.0,-0.4562
1233,3705.368,0.0,-0.4564
1234,3708.82,0.0,-0.4567
1235,3712.273,0.0,-0.4569
1236,3715.731,0.0,-0.457
1237,3719.198,0.0,-0.457
1238,3722.664,0.0,-0.457
1239,3726.133,0.0,-0.457
1240,3729.617,0.0,-0.457
1241,3733.101,0.0,-0.457
1242,3736.585,0.0,-0.457
1243,3740.069,0.0,-0.457
1244,3743.552,0.0,-0.457
1245,3747.04,0.0,-0.4571
1246,3750.536,0.0,-0.4571
1247,3754.031,0.0,-0.4571
1248,3757.527,0.0,-0.4571
1249,3761.022,0.0,-0.4571
1250,3764.524,0.0,-0.4571
1251,3768.042,0.0,-0.4571
1252,3771.559,0.0,-0.4571
1253,3775.077,0.0,-0.4571
1254,3778.595,0.0,-0.4571
1255,3782.113,0.0,-0.4571
1256,3785.64,0.0,-0.4571
1257,3789.179,0.0,-0.4555
1258,3792.719,0.0,-0.4536
1259,3796.258,0.0,-0.4517
1260,3799.798,0.0,-0.4498
1261,3803.342,0.0,-0.4489
1262,3806.889,0.0,-0.4489
1263,3810.442,0.0,-0.4489
1264,3813.996,0.0,-0.4489
1265,3817.549,0.0,-0.449
1266,3821.102,0.0,-0.449
1267,3824.655,0.0,-0.449
1268,3828.209,0.0,-0.449
1269,3831.764,0.0,-0.449
1270,3835.323,0.0,-0.449
1271,3838.889,0.0,-0.449
1272,3842.456,0.0,-0.449
1273,3846.023,0.0,-0.449
1274,3849.589,0.0,-0.449
1275,3853.164,0.0,-0.449
1276,3856.753,0.0,-0.449
1277,3860.342,0.0,-0.449
1278,3863.931,0.0,-0.449
1279,3867.52,0.0,-0.449
1280,3871.109,0.0,-0.449
1281,3874.695,0.0,-0.449
1282,3878.282,0.0,-0.449
1283,3881.868,0.0,-0.449
1284,3885.458,0.0,-0.4502
1285,3889.049,0.0,-0.4516
1286,3892.648,0.0,-0.457
1287,3896.246,0.0,-0.4623
1288,3899.845,0.0,-0.4672
1289,3903.448,0.0,-0.4695
1290,3907.054,0.0,-0.471
1291,3910.659,0.0,-0.4725
1292,3914.264,0.0,-0.474
1293,3917.875,0.0,-0.4747
1294,3921.487,0.0,-0.4753
1295,3925.1,0.0,-0.4758
1296,3928.712,0.0,-0.4764
1297,3932.324,0.0,-0.477
1298,3935.937,0.0,-0.4775
1299,3939.557,0.0,-0.4781
1300,3943.179,0.0,-0.4786
1301,3946.802,0.0,-0.4792
1302,3950.424,0.0,-0.4797
1303,3954.047,0.0,-0.4802
1304,3957.66,0.0,-0.4808
1305,3961.27,0.0,-0.4814
1306,3964.881,0.0,-0.482
1307,3968.493,0.0,-0.4826
1308,3972.105,0.0,-0.4832
1309,3975.693,0.0,-0.4843
1310,3979.281,0.0,-0.4853
1311,3982.869,0.0,-0.4863
1312,3986.434,0.0,-0.4875
1313,3989.686,0.0,-0.4917
1314,3992.835,0.0,-0.497
1315,3995.984,0.0,-0.5023
1316,3999.133,0.0,-0.5076
1317,4002.281,0.0,-0.5129
1318,4005.43,0.0,-0.5182
1319,4008.419,0.0,-0.5228
1320,4011.203,0.0,-0.5263
1321,4013.777,0.0,-0.5284
1322,4016.346,0.0,-0.5304
1323,4018.915,0.0,-0.5325
1324,4021.484,0.0,-0.5346
1325,4024.052,0.0,-0.5366
1326,4026.614,0.0,-0.5374
1327,4029.173,0.0,-0.5377
1328,4031.732,0.0,-0.538
1329,4034.228,0.0,-0.5385
1330,4036.598,0.0,-0.5393
1331,4038.968,0.0,-0.5401
1332,4041.338,0.0,-0.5409
1333,4043.449,0.0,-0.542
1334,4045.24,0.0,-0.5494
1335,4047.03,0.0,-0.5568
1336,4048.821,0.0,-0.5642
1337,4050.612,0.0,-0.5716
1338,4052.402,0.0,-0.579
1339,4054.103,0.0,-0.5874
1340,4055.771,0.0,-0.596
1341,4057.439,0.0,-0.6044
1342,4059.109,0.0,-0.6124
1343,4060.778,0.0,-0.6203
1344,4062.445,0.0,-0.6276
1345,4064.109,0.0,-0.6343
1346,4065.773,0.0,-0.6409
1347,4067.43,0.0,-0.6451
1348,4069.082,0.0,-0.6479
1349,4070.715,0.0,-0.6507
1350,4072.336,0.0,-0.6535
1351,4073.957,0.0,-0.6564
1352,4075.578,0.0,-0.6592
1353,4077.115,0.0,-0.6611
1354,4078.64,0.0,-0.6628
1355,4080.164,0.0,-0.6646
1356,4081.689,0.0,-0.6663
1357,4083.213,0.0,-0.6681
1358,4084.716,0.0,-0.6689
1359,4086.201,0.0,-0.6689
1360,4087.685,0.0,-0.6689
1361,4089.17,0.0,-0.6689
1362,4090.654,0.0,-0.6689
1363,4092.145,0.0,-0.6689
1364,4093.652,0.0,-0.6689
1365,4095.159,0.0,-0.6689
1366,4096.662,0.0,-0.6689
1367,4098.147,0.0,-0.6689
1368,4099.617,0.0,-0.6689
1369,4101.087,0.0,-0.6689
1370,4102.557,0.0,-0.6689
1371,4104.027,0.0,-0.6689
1372,4105.497,0.0,-0.6689
1373,4106.966,0.0,-0.6689
1374,4108.454,0.0,-0.6689
1375,4109.947,0.0,-0.6689
1376,4111.44,0.0,-0.6689
1377,4112.933,0.0,-0.6689
1378,4114.426,0.0,-0.6689
1379,4116.064,0.0,-0.6662
1380,4117.716,0.0,-0.6632
1381,4119.369,0.0,-0.6602
1382,4121.021,0.0,-0.6572
1383,4122.674,0.0,-0.6541
1384,4124.326,0.0,-0.6511
1385,4125.978,0.0,-0.6481
1386,4127.631,0.0,-0.6451
1387,4129.283,0.0,-0.642
1388,4130.999,0.0,-0.6389
1389,4132.746,0.0,-0.6362
1390,4134.493,0.0,-0.6334
1391,4136.284,0.0,-0.632
1392,4138.08,0.0,-0.6308
1393,4139.926,0.0,-0.629
1394,4141.815,0.0,-0.6268
1395,4143.704,0.0,-0.6245
1396,4145.594,0.0,-0.6223
1397,4147.501,0.0,-0.6199
1398,4149.491,0.0,-0.6168
1399,4151.482,0.0,-0.6136
1400,4153.472,0.0,-0.6104
1401,4155.553,0.0,-0.6058
1402,4157.647,0.0,-0.601
1403,4159.742,0.0,-0.5962
1404,4161.836,0.0,-0.5915
1405,4163.931,0.0,-0.5867
1406,4166.046,0.0,-0.5821
1407,4168.18,0.0,-0.5776
1408,4170.315,0.0,-0.5732
1409,4172.457,0.0,-0.5691
1410,4174.6,0.0,-0.565
1411,4176.754,0.0,-0.5608
1412,4178.955,0.0,-0.5578
1413,4181.186,0.0,-0.5578
1414,4183.445,0.0,-0.5578
1415,4185.75,0.0,-0.5578
1416,4188.056,0.0,-0.5578
1417,4190.361,0.0,-0.5578
1418,4192.688,0.0,-0.5578
1419,4195.058,0.0,-0.5576
1420,4197.447,0.0,-0.5573
1421,4199.835,0.0,-0.5569
1422,4202.224,0.0,-0.5565
1423,4204.613,0.0,-0.5562
1424,4207.042,0.0,-0.5558
1425,4209.482,0.0,-0.5554
1426,4211.981,0.0,-0.5552
1427,4214.487,0.0,-0.5551
1428,4216.993,0.0,-0.5549
1429,4219.5,0.0,-0.5548
1430,4222.006,0.0,-0.5546
1431,4224.512,0.0,-0.5545
1432,4227.026,0.0,-0.5544
1433,4229.589,0.0,-0.5544
1434,4232.152,0.0,-0.5544
1435,4234.727,0.0,-0.5544
1436,4237.333,0.0,-0.5544
1437,4239.938,0.0,-0.5544
1438,4242.544,0.0,-0.5544
1439,4245.149,0.0,-0.5544
1440,4247.754,0.0,-0.5544
1441,4250.381,0.0,-0.5544
1442,4253.028,0.0,-0.5544
1443,4255.689,0.0,-0.5544
1444,4258.361,0.0,-0.5544
1445,4261.038,0.0,-0.5544
1446,4263.741,0.0,-0.5544
1447,4266.445,0.0,-0.5544
1448,4269.148,0.0,-0.5544
1449,4271.858,0.0,-0.5544
1450,4274.58,0.0,-0.5544
1451,4277.321,0.0,-0.5544
1452,4280.064,0.0,-0.5544
1453,4282.807,0.0,-0.5544
1454,4285.55,0.0,-0.5544
1455,4288.296,0.0,-0.5544
1456,4291.068,0.0,-0.5544
1457,4293.846,0.0,-0.5544
1458,4296.625,0.0,-0.5544
1459,4299.403,0.0,-0.5544
1460,4302.184,0.0,-0.5544
1461,4304.964,0.0,-0.5544
1462,4307.742,0.0,-0.5544
1463,4310.52,0.0,-0.5544
1464,4313.298,0.0,-0.5544
1465,4316.076,0.0,-0.5544
1466,4318.854,0.0,-0.5544
1467,4321.632,0.0,-0.5543
1468,4324.409,0.0,-0.5541
1469,4327.186,0.0,-0.5536
1470,4329.964,0.0,-0.5529
1471,4332.742,0.0,-0.5523
1472,4335.519,0.0,-0.5516
1473,4338.297,0.0,-0.5508
1474,4341.075,0.0,-0.5497
1475,4343.853,0.0,-0.5486
1476,4346.631,0.0,-0.5475
1477,4349.409,0.0,-0.5464
1478,4352.186,0.0,-0.5453
1479,4354.954,0.0,-0.5444
1480,4357.72,0.0,-0.544
1481,4360.486,0.0,-0.5435
1482,4363.251,0.0,-0.543
1483,4366.017,0.0,-0.5426
1484,4368.789,0.0,-0.5422
1485,4371.577,0.0,-0.5421
1486,4374.366,0.0,-0.5419
1487,4377.154,0.0,-0.5418
1488,4379.942,0.0,-0.5416
1489,4382.731,0.0,-0.5415
1490,4385.523,0.0,-0.5414
1491,4388.322,0.0,-0.5414
1492,4391.123,0.0,-0.5414
1493,4393.923,0.0,-0.5414
1494,4396.723,0.0,-0.5414
1495,4399.524,0.0,-0.5414
1496,4402.327,0.0,-0.5414
1497,4405.138,0.0,-0.5414
1498,4407.95,0.0,-0.5414
1499,4410.763,0.0,-0.5414
1500,4413.575,0.0,-0.5414
1501,4416.389,0.0,-0.5414
1502,4419.236,0.0,-0.5414
1503,4422.084,0.0,-0.5414
1504,4424.931,0.0,-0.5414
1505,4427.777,0.0,-0.5414
1506,4430.617,0.0,-0.5414
1507,4433.455,0.0,-0.5414
1508,4436.287,0.0,-0.5414
1509,4439.12,0.0,-0.5414
1510,4441.952,0.0,-0.5417
1511,4444.784,0.0,-0.5424
1512,4447.621,0.0,-0.5433
1513,4450.458,0.0,-0.5441
1514,4453.295,0.0,-0.545
1515,4456.132,0.0,-0.5458
1516,4458.981,0.0,-0.5467
1517,4461.855,0.0,-0.5474
1518,4464.73,0.0,-0.5482
1519,4467.605,0.0,-0.549
1520,4470.48,0.0,-0.5498
1521,4473.354,0.0,-0.5505
1522,4476.229,0.0,-0.5513
1523,4479.13,0.0,-0.5518
1524,4482.069,0.0,-0.552
1525,4485.008,0.0,-0.5522
1526,4487.951,0.0,-0.5523
1527,4490.94,0.0,-0.5523
1528,4493.929,0.0,-0.5523
1529,4496.911,0.0,-0.5523
1530,4499.861,0.0,-0.5523
1531,4502.81,0.0,-0.5523
1532,4505.759,0.0,-0.5523
1533,4508.708,0.0,-0.5523
1534,4511.474,0.0,-0.5523
1535,4514.107,0.0,-0.5523
1536,4516.621,0.0,-0.5523
1537,4519.134,0.0,-0.5523
1538,4521.648,0.0,-0.5523
1539,4524.154,0.0,-0.5524
1540,4526.561,0.0,-0.5538
1541,4528.946,0.0,-0.5545
1542,4531.322,0.0,-0.555
1543,4533.673,0.0,-0.5555
1544,4535.943,0.0,-0.5563
1545,4538.075,0.0,-0.5569
1546,4540.185,0.0,-0.5574
1547,4542.295,0.0,-0.5579
1548,4544.344,0.0,-0.5615
1549,4546.323,0.0,-0.5616
1550,4548.302,0.0,-0.5616
1551,4550.281,0.0,-0.5616
1552,4552.26,0.0,-0.5616
1553,4554.181,0.0,-0.562
1554,4555.899,0.0,-0.5636
1555,4557.616,0.0,-0.5652
1556,4559.334,0.0,-0.5668
1557,4560.974,0.0,-0.5671
1558,4562.565,0.0,-0.5683
1559,4564.116,0.0,-0.571
1560,4565.667,0.0,-0.5738
1561,4567.218,0.0,-0.5765
1562,4568.769,0.0,-0.5792
1563,4570.269,0.0,-0.5829
1564,4571.74,0.0,-0.5871
1565,4573.199,0.0,-0.5912
1566,4574.609,0.0,-0.5955
1567,4576.018,0.0,-0.5998
1568,4577.427,0.0,-0.6041
1569,4578.768,0.0,-0.6078
1570,4580.099,0.0,-0.6114
1571,4581.43,0.0,-0.615
1572,4582.761,0.0,-0.6186
1573,4584.092,0.0,-0.6222
1574,4585.422,0.0,-0.6255
1575,4586.725,0.0,-0.626
1576,4588.019,0.0,-0.6267
1577,4589.314,0.0,-0.6275
1578,4590.609,0.0,-0.6282
1579,4591.903,0.0,-0.629
1580,4593.18,0.0,-0.6303
1581,4594.385,0.0,-0.6327
1582,4595.584,0.0,-0.6352
1583,4596.782,0.0,-0.6376
1584,4597.96,0.0,-0.6389
1585,4599.114,0.0,-0.6389
1586,4600.268,0.0,-0.6389
1587,4601.422,0.0,-0.6389
1588,4602.564,0.0,-0.6389
1589,4603.698,0.0,-0.6389
1590,4604.833,0.0,-0.6389
1591,4605.966,0.0,-0.6389
1592,4607.097,0.0,-0.6389
1593,4608.228,0.0,-0.6389
1594,4609.36,0.0,-0.6389
1595,4610.495,0.0,-0.6389
1596,4611.634,0.0,-0.6389
1597,4612.774,0.0,-0.6389
1598,4613.927,0.0,-0.6389
1599,4615.08,0.0,-0.6389
1600,4616.233,0.0,-0.6389
1601,4617.393,0.0,-0.6389
1602,4618.557,0.0,-0.6389
1603,4619.725,0.0,-0.6389
1604,4620.906,0.0,-0.6389
1605,4622.086,0.0,-0.6389
1606,4623.267,0.0,-0.6389
1607,4624.469,0.0,-0.6386
1608,4625.697,0.0,-0.638
1609,4626.926,0.0,-0.6373
1610,4628.192,0.0,-0.6354
1611,4629.457,0.0,-0.6334
1612,4630.723,0.0,-0.6315
1613,4632.004,0.0,-0.6304
1614,4633.314,0.0,-0.6303
1615,4634.625,0.0,-0.6303
1616,4635.935,0.0,-0.6302
1617,4637.246,0.0,-0.6302
1618,4638.557,0.0,-0.6301
1619,4639.933,0.0,-0.6294
1620,4641.339,0.0,-0.6285
1621,4642.745,0.0,-0.6276
1622,4644.159,0.0,-0.6267
1623,4645.662,0.0,-0.6267
1624,4647.165,0.0,-0.6267
1625,4648.683,0.0,-0.6267
1626,4650.27,0.0,-0.6267
1627,4651.858,0.0,-0.6267
1628,4653.445,0.0,-0.6267
1629,4655.058,0.0,-0.6267
1630,4656.717,0.0,-0.6267
1631,4658.376,0.0,-0.6267
1632,4660.036,0.0,-0.6267
1633,4661.695,0.0,-0.6267
1634,4663.379,0.0,-0.6267
1635,4665.119,0.0,-0.627
1636,4666.881,0.0,-0.6276
1637,4668.643,0.0,-0.6281
1638,4670.405,0.0,-0.6287
1639,4672.167,0.0,-0.6292
1640,4673.929,0.0,-0.6298
1641,4675.742,0.0,-0.6301
1642,4677.614,0.0,-0.6303
1643,4679.492,0.0,-0.6305
1644,4681.369,0.0,-0.6306
1645,4683.247,0.0,-0.6308
1646,4685.15,0.0,-0.6316
1647,4687.075,0.0,-0.6331
1648,4688.999,0.0,-0.6345
1649,4690.928,0.0,-0.636
1650,4692.873,0.0,-0.6376
1651,4694.817,0.0,-0.6393
1652,4696.762,0.0,-0.6409
1653,4698.706,0.0,-0.6425
1654,4700.65,0.0,-0.6449
1655,4702.595,0.0,-0.6477
1656,4704.539,0.0,-0.6505
1657,4706.484,0.0,-0.6533
1658,4708.441,0.0,-0.6558
1659,4710.408,0.0,-0.6581
1660,4712.385,0.0,-0.6604
1661,4714.37,0.0,-0.6626
1662,4716.361,0.0,-0.665
1663,4718.367,0.0,-0.6674
1664,4720.378,0.0,-0.6697
1665,4722.388,0.0,-0.6721
1666,4724.398,0.0,-0.6744
1667,4726.425,0.0,-0.6767
1668,4728.486,0.0,-0.6788
1669,4730.548,0.0,-0.681
1670,4732.61,0.0,-0.6831
1671,4734.672,0.0,-0.6852
1672,4736.734,0.0,-0.6874
1673,4738.796,0.0,-0.6895
1674,4740.895,0.0,-0.6902
1675,4743.027,0.0,-0.6902
1676,4745.193,0.0,-0.6902
1677,4747.359,0.0,-0.6902
1678,4749.526,0.0,-0.6902
1679,4751.692,0.0,-0.6902
1680,4753.917,0.0,-0.6902
1681,4756.147,0.0,-0.6902
1682,4758.377,0.0,-0.6902
1683,4760.61,0.0,-0.6902
1684,4762.877,0.0,-0.6902
1685,4765.159,0.0,-0.6902
1686,4767.482,0.0,-0.6902
1687,4769.806,0.0,-0.6902
1688,4772.13,0.0,-0.6902
1689,4774.453,0.0,-0.6902
1690,4776.777,0.0,-0.6902
1691,4779.101,0.0,-0.6902
1692,4781.425,0.0,-0.6902
1693,4783.785,0.0,-0.6902
1694,4786.16,0.0,-0.6901
1695,4788.549,0.0,-0.6899
1696,4790.938,0.0,-0.6897
1697,4793.327,0.0,-0.6896
1698,4795.759,0.0,-0.6889
1699,4798.247,0.0,-0.688
1700,4800.735,0.0,-0.687
1701,4803.223,0.0,-0.6861
1702,4805.711,0.0,-0.6852
1703,4808.199,0.0,-0.6842
1704,4810.687,0.0,-0.6833
1705,4813.209,0.0,-0.6828
1706,4815.732,0.0,-0.6823
1707,4818.254,0.0,-0.6818
1708,4820.777,0.0,-0.6816
1709,4823.299,0.0,-0.6814
1710,4825.839,0.0,-0.6813
1711,4828.387,0.0,-0.6812
1712,4830.991,0.0,-0.6805
1713,4833.606,0.0,-0.6797
1714,4836.222,0.0,-0.6789
1715,4838.838,0.0,-0.6781
1716,4841.488,0.0,-0.6772
1717,4844.178,0.0,-0.6764
1718,4846.869,0.0,-0.6757
1719,4849.56,0.0,-0.675
1720,4852.252,0.0,-0.6743
1721,4854.943,0.0,-0.6736
1722,4857.654,0.0,-0.673
1723,4860.421,0.0,-0.6726
1724,4863.187,0.0,-0.6723
1725,4865.953,0.0,-0.6719
1726,4868.72,0.0,-0.6716
1727,4871.486,0.0,-0.6712
1728,4874.317,0.0,-0.6702
1729,4877.152,0.0,-0.6692
1730,4879.987,0.0,-0.6682
1731,4882.846,0.0,-0.667
1732,4885.742,0.0,-0.6658
1733,4888.651,0.0,-0.6645
1734,4891.559,0.0,-0.6633
1735,4894.493,0.0,-0.6622
1736,4897.437,0.0,-0.6611
1737,4900.38,0.0,-0.6599
1738,4903.323,0.0,-0.6588
1739,4906.267,0.0,-0.6584
1740,4909.211,0.0,-0.658
1741,4912.156,0.0,-0.6577
1742,4915.114,0.0,-0.6576
1743,4918.073,0.0,-0.6575
1744,4921.035,0.0,-0.6574
1745,4924.017,0.0,-0.6573
1746,4927.004,0.0,-0.6572
1747,4930.013,0.0,-0.6571
1748,4933.021,0.0,-0.6571
1749,4936.043,0.0,-0.657
1750,4939.086,0.0,-0.6568
1751,4942.13,0.0,-0.6566
1752,4945.2,0.0,-0.6566
1753,4948.272,0.0,-0.6566
1754,4951.353,0.0,-0.6565
1755,4954.435,0.0,-0.6565
1756,4957.516,0.0,-0.6564
1757,4960.604,0.0,-0.6563
1758,4963.694,0.0,-0.6563
1759,4966.784,0.0,-0.6562
1760,4969.875,0.0,-0.6562
1761,4972.985,0.0,-0.6562
1762,4976.099,0.0,-0.6562
1763,4979.233,0.0,-0.6562
1764,4982.369,0.0,-0.6561
1765,4985.537,0.0,-0.6561
1766,4988.704,0.0,-0.6561
1767,4991.873,0.0,-0.6561
1768,4995.06,0.0,-0.6561
1769,4998.266,0.0,-0.6561
1770,5001.472,0.0,-0.6561
1771,5004.678,0.0,-0.6561
1772,5007.884,0.0,-0.6561
1773,5011.09,0.0,-0.6561
1774,5014.312,0.0,-0.6561
1775,5017.558,0.0,-0.6561
1776,5020.805,0.0,-0.6561
1777,5024.051,0.0,-0.6561
1778,5027.319,0.0,-0.6562
1779,5030.596,0.0,-0.6562
1780,5033.878,0.0,-0.6562
1781,5037.161,0.0,-0.6562
1782,5040.461,0.0,-0.6563
1783,5043.768,0.0,-0.6563
1784,5047.075,0.0,-0.6564
1785,5050.382,0.0,-0.6564
1786,5053.699,0.0,-0.6565
1787,5057.033,0.0,-0.6565
1788,5060.367,0.0,-0.6565
1789,5063.701,0.0,-0.6566
1790,5067.035,0.0,-0.6566
1791,5070.371,0.0,-0.6567
1792,5073.719,0.0,-0.6567
1793,5077.075,0.0,-0.6567
1794,5080.435,0.0,-0.6567
1795,5083.795,0.0,-0.6567
1796,5087.165,0.0,-0.6567
1797,5090.555,0.0,-0.6567
1798,5093.944,0.0,-0.6567
1799,5097.334,0.0,-0.6567
1800,5100.724,0.0,-0.6567
1801,5104.113,0.0,-0.6568
1802,5107.504,0.0,-0.6568
1803,5110.924,0.0,-0.657
1804,5114.348,0.0,-0.657
1805,5117.772,0.0,-0.657
1806,5121.211,0.0,-0.657
1807,5124.656,0.0,-0.6571
1808,5128.102,0.0,-0.6571
1809,5131.548,0.0,-0.6571
1810,5134.994,0.0,-0.6571
1811,5138.45,0.0,-0.6572
1812,5141.916,0.0,-0.6572
1813,5145.391,0.0,-0.6572
1814,5148.867,0.0,-0.6572
1815,5152.343,0.0,-0.6572
1816,5155.819,0.0,-0.6572
1817,5159.294,0.0,-0.6572
1818,5162.776,0.0,-0.6572
1819,5166.279,0.0,-0.6572
1820,5169.787,0.0,-0.6572
1821,5173.308,0.0,-0.6572
1822,5176.829,0.0,-0.6572
1823,5180.351,0.0,-0.6572
1824,5183.872,0.0,-0.6572
1825,5187.404,0.0,-0.6572
1826,5190.941,0.0,-0.6572
1827,5194.483,0.0,-0.6572
1828,5198.025,0.0,-0.6572
1829,5201.566,0.0,-0.6572
1830,5205.108,0.0,-0.6572
1831,5208.658,0.0,-0.657
1832,5212.212,0.0,-0.657
1833,5215.765,0.0,-0.657
1834,5219.319,0.0,-0.657
1835,5222.894,0.0,-0.657
1836,5226.472,0.0,-0.657
1837,5230.049,0.0,-0.657
