frame,time_s,distance,speed,throttle,brake,gear,rpm,ers_deploy,compound
0,0.0,0.02,311.1,99.0,0.0,8,10953,2,SOFT
1,0.0414,3.62,311.3,99.0,0.0,8,10966,2,SOFT
2,0.0829,7.22,311.5,99.0,0.0,8,10980,2,SOFT
3,0.1243,10.83,311.7,99.0,0.0,8,10993,2,SOFT
4,0.1658,14.43,311.8,99.0,0.0,8,11006,2,SOFT
5,0.2073,18.04,312.0,99.0,0.0,8,11019,2,SOFT
6,0.2488,21.65,312.2,99.0,0.0,8,11032,2,SOFT
7,0.2904,25.26,312.4,99.0,0.0,8,11045,2,SOFT
8,0.332,28.88,312.6,99.0,0.0,8,11058,2,SOFT
9,0.3737,32.51,312.8,99.0,0.0,8,11071,2,SOFT
10,0.4155,36.15,313.0,99.0,0.0,8,11085,2,SOFT
11,0.4572,39.78,313.1,99.0,0.0,8,11089,2,SOFT
12,0.4989,43.42,313.3,99.0,0.0,8,11092,2,SOFT
13,0.5406,47.05,313.4,99.0,0.0,8,11095,2,SOFT
14,0.5823,50.69,313.6,99.0,0.0,8,11098,2,SOFT
15,0.6241,54.34,313.7,99.0,0.0,8,11101,2,SOFT
16,0.6659,57.99,313.9,99.0,0.0,8,11104,2,SOFT
17,0.7076,61.63,314.0,99.0,0.0,8,11108,2,SOFT
18,0.7492,65.28,314.3,99.0,0.0,8,11113,2,SOFT
19,0.7908,68.93,314.5,99.0,0.0,8,11118,2,SOFT
20,0.8325,72.57,314.7,99.0,0.0,8,11122,2,SOFT
21,0.8741,76.22,315.0,99.0,0.0,8,11127,2,SOFT
22,0.9158,79.88,315.2,99.0,0.0,8,11132,2,SOFT
23,0.9574,83.55,315.4,99.0,0.0,8,11137,2,SOFT
24,0.9992,87.22,315.7,99.0,0.0,8,11142,2,SOFT
25,1.041,90.89,315.9,99.0,0.0,8,11147,2,SOFT
26,1.0826,94.56,316.1,99.0,0.0,8,11153,2,SOFT
27,1.1242,98.24,316.4,99.0,0.0,8,11161,2,SOFT
28,1.1658,101.91,316.7,99.0,0.0,8,11169,2,SOFT
29,1.2074,105.59,316.9,99.0,0.0,8,11177,2,SOFT
30,1.2491,109.27,317.2,99.0,0.0,8,11184,2,SOFT
31,1.2908,112.95,317.4,99.0,0.0,8,11192,2,SOFT
32,1.3324,116.63,317.7,99.0,0.0,8,11200,2,SOFT
33,1.3741,120.31,318.0,99.0,0.0,8,11208,2,SOFT
34,1.4157,124.0,318.3,99.0,0.0,8,11215,2,SOFT
35,1.4572,127.69,318.6,99.0,0.0,8,11221,2,SOFT
36,1.4987,131.38,318.8,99.0,0.0,8,11227,2,SOFT
37,1.5403,135.07,319.1,99.0,0.0,8,11234,2,SOFT
38,1.5818,138.77,319.4,99.0,0.0,8,11240,2,SOFT
39,1.6235,142.47,319.7,99.0,0.0,8,11246,2,SOFT
40,1.6652,146.18,320.0,99.0,0.0,8,11253,2,SOFT
41,1.7067,149.89,320.2,99.0,0.0,8,11265,2,SOFT
42,1.7483,153.6,320.4,99.0,0.0,8,11276,2,SOFT
43,1.7899,157.3,320.5,99.0,0.0,8,11287,2,SOFT
44,1.8314,161.01,320.7,99.0,0.0,8,11298,2,SOFT
45,1.8729,164.71,320.9,99.0,0.0,8,11310,2,SOFT
46,1.9144,168.41,321.1,99.1,0.0,8,11317,2,SOFT
47,1.9558,172.12,321.4,99.4,0.0,8,11317,2,SOFT
48,1.9974,175.83,321.6,99.6,0.0,8,11318,2,SOFT
49,2.0389,179.54,321.9,99.9,0.0,8,11318,2,SOFT
50,2.0804,183.26,322.0,99.9,0.0,8,11313,2,SOFT
51,2.122,186.97,322.0,99.7,0.0,8,11302,2,SOFT
52,2.1635,190.69,322.0,99.6,0.0,8,11292,2,SOFT
53,2.2051,194.4,322.0,99.4,0.0,8,11282,2,SOFT
54,2.2466,198.12,322.0,99.2,0.0,8,11271,2,SOFT
55,2.2881,201.83,322.0,99.0,0.0,8,11261,2,SOFT
56,2.3295,205.55,322.0,99.0,0.0,8,11264,2,SOFT
57,2.3707,209.26,322.0,99.0,0.0,8,11272,2,SOFT
58,2.412,212.98,322.0,99.0,0.0,8,11280,2,SOFT
59,2.4536,216.7,322.0,99.0,0.0,8,11288,2,SOFT
60,2.4953,220.42,322.0,99.0,0.0,8,11296,2,SOFT
61,2.5371,224.14,322.0,99.0,0.0,8,11304,2,SOFT
62,2.5787,227.85,322.0,99.0,0.0,8,11312,2,SOFT
63,2.6203,231.56,322.0,99.0,0.0,8,11320,2,SOFT
64,2.6616,235.23,321.8,98.4,0.0,8,11323,2,SOFT
65,2.7039,238.85,319.2,89.7,0.0,8,11254,2,SOFT
66,2.7462,242.46,316.5,81.0,0.0,8,11186,2,SOFT
67,2.7886,246.08,313.9,72.2,0.0,8,11117,2,SOFT
68,2.8301,249.62,311.3,63.7,0.0,8,11050,2,SOFT
69,2.872,252.99,308.7,55.0,0.1,8,10982,2,SOFT
70,2.9137,256.26,306.1,46.4,0.2,8,10915,2,SOFT
71,2.9553,259.52,303.5,37.9,0.4,8,10847,2,SOFT
72,2.9969,262.79,300.9,29.3,0.5,8,10780,1,SOFT
73,3.0382,266.03,298.3,20.8,0.7,8,10713,1,SOFT
74,3.0768,269.06,295.9,12.8,0.8,8,10650,1,SOFT
75,3.1153,272.08,293.5,4.9,0.9,8,10588,1,SOFT
76,3.1559,275.1,289.3,0.0,1.0,8,10552,1,SOFT
77,3.2,278.12,282.1,0.0,1.0,8,10557,1,SOFT
78,3.2442,281.14,275.0,0.0,1.0,8,10561,1,SOFT
79,3.2872,284.08,268.1,0.0,1.0,8,10566,1,SOFT
80,3.3282,286.71,261.5,0.0,1.0,8,10571,1,SOFT
81,3.3704,289.34,254.7,0.0,1.0,8,10575,1,SOFT
82,3.4121,291.93,248.0,0.0,1.0,8,10580,1,SOFT
83,3.4521,294.42,241.5,0.0,1.0,8,10584,1,SOFT
84,3.4921,296.91,235.1,0.0,1.0,8,10588,1,SOFT
85,3.5339,299.4,231.4,0.0,1.0,8,10669,1,SOFT
86,3.5761,301.89,228.2,0.0,1.0,8,10765,1,SOFT
87,3.6201,304.36,224.9,0.0,1.0,8,10866,1,SOFT
88,3.6618,306.67,221.8,0.0,1.0,8,10961,1,SOFT
89,3.7034,308.99,218.7,0.0,1.0,8,11056,1,SOFT
90,3.745,311.31,215.5,0.0,1.0,8,11151,1,SOFT
91,3.7863,313.61,212.4,0.0,1.0,8,11245,1,SOFT
92,3.8272,315.88,209.4,0.0,1.0,8,11338,1,SOFT
93,3.8693,318.14,206.2,0.0,1.0,8,11434,1,SOFT
94,3.9113,320.41,203.1,0.0,1.0,5,11530,1,SOFT
95,3.9529,322.64,200.5,0.1,1.0,5,11583,1,SOFT
96,3.9942,324.82,199.2,0.5,1.0,5,11554,1,SOFT
97,4.0354,327.0,197.8,0.8,1.0,5,11524,1,SOFT
98,4.0765,329.18,196.4,1.1,1.0,5,11495,1,SOFT
99,4.1177,331.36,195.0,1.5,1.0,5,11466,1,SOFT
100,4.1591,333.54,193.7,1.8,1.0,5,11436,1,SOFT
101,4.2009,335.72,192.3,2.2,1.0,5,11407,1,SOFT
102,4.2429,337.9,190.9,2.5,0.6,5,11377,1,SOFT
103,4.2849,340.07,189.5,2.9,0.1,4,11347,1,SOFT
104,4.3273,342.25,188.6,7.0,0.0,4,11335,1,SOFT
105,4.3691,344.39,187.9,12.9,0.0,4,11332,1,SOFT
106,4.4107,346.52,187.3,18.7,0.0,4,11330,1,SOFT
107,4.4524,348.65,186.6,24.6,0.0,4,11327,1,SOFT
108,4.4942,350.79,185.9,30.5,0.0,4,11324,1,SOFT
109,4.536,352.92,185.3,36.3,0.0,4,11321,1,SOFT
110,4.5778,355.06,184.6,42.2,0.0,4,11319,1,SOFT
111,4.6195,357.18,184.0,48.1,0.0,4,11317,1,SOFT
112,4.6611,359.31,184.2,51.3,0.0,4,11381,1,SOFT
113,4.7026,361.44,184.3,54.6,0.0,4,11445,1,SOFT
114,4.744,363.57,184.4,57.8,0.0,4,11509,1,SOFT
115,4.7853,365.69,184.6,61.1,0.0,4,11573,1,SOFT
116,4.8265,367.81,184.7,64.3,0.0,4,11636,1,SOFT
117,4.8684,369.97,184.9,67.6,0.0,4,11701,1,SOFT
118,4.9103,372.13,185.2,70.5,0.0,4,11749,1,SOFT
119,4.9521,374.3,185.8,72.4,0.0,4,11754,1,SOFT
120,4.9938,376.47,186.4,74.3,0.0,4,11758,1,SOFT
121,5.0353,378.65,187.0,76.1,0.0,4,11763,1,SOFT
122,5.0783,380.91,187.7,78.1,0.0,4,11768,1,SOFT
123,5.1206,383.18,188.7,79.8,0.0,4,11736,1,SOFT
124,5.1621,385.45,189.9,81.4,0.0,4,11671,1,SOFT
125,5.204,387.74,191.2,83.0,0.0,4,11605,1,SOFT
126,5.2463,390.05,192.5,84.7,0.0,4,11538,1,SOFT
127,5.2873,392.36,193.8,86.2,0.0,4,11474,1,SOFT
128,5.3277,394.68,195.0,87.8,0.0,4,11410,1,SOFT
129,5.3685,397.01,196.3,89.4,0.0,4,11346,1,SOFT
130,5.4102,399.4,197.6,91.0,0.0,4,11281,1,SOFT
131,5.4521,401.8,198.9,92.6,0.0,4,11215,1,SOFT
132,5.494,404.21,200.2,94.2,0.0,4,11149,1,SOFT
133,5.5354,406.61,201.4,95.8,0.0,4,11084,1,SOFT
134,5.5769,409.01,202.7,97.4,0.0,5,11019,1,SOFT
135,5.6181,411.4,204.0,99.0,0.0,5,10954,1,SOFT
136,5.6599,413.84,205.5,99.0,0.0,5,11041,1,SOFT
137,5.7017,416.28,207.1,99.0,0.0,5,11131,1,SOFT
138,5.7435,418.72,208.7,99.0,0.0,5,11221,1,SOFT
139,5.7852,421.16,210.0,99.0,0.0,5,11300,1,SOFT
140,5.8269,423.59,210.3,99.0,0.0,5,11319,1,SOFT
141,5.8691,426.06,210.6,99.0,0.0,5,11339,1,SOFT
142,5.9112,428.53,210.8,99.0,0.0,5,11358,1,SOFT
143,5.9526,430.99,211.5,99.0,0.0,5,11390,1,SOFT
144,5.9936,433.46,213.1,99.0,0.0,5,11446,1,SOFT
145,6.0366,436.06,214.7,99.0,0.0,5,11504,1,SOFT
146,6.0804,438.7,216.3,99.0,0.0,5,11564,1,SOFT
147,6.1238,441.34,217.6,99.0,0.0,5,11502,1,SOFT
148,6.1669,443.97,218.7,99.0,0.0,5,11352,1,SOFT
149,6.2098,446.61,219.8,99.0,0.0,5,11202,1,SOFT
150,6.2524,449.25,220.8,99.0,0.0,5,11054,1,SOFT
151,6.2949,451.89,221.9,99.0,0.0,5,10906,1,SOFT
152,6.3369,454.53,222.8,99.0,0.0,5,10860,1,SOFT
153,6.3789,457.17,223.7,99.0,0.0,5,10828,1,SOFT
154,6.4205,459.81,224.6,99.0,0.0,5,10796,1,SOFT
155,6.4618,462.45,225.5,99.0,0.0,5,10764,1,SOFT
156,6.5031,465.09,226.4,99.0,0.0,5,10732,1,SOFT
157,6.5444,467.73,227.3,99.0,0.0,6,10700,1,SOFT
158,6.5857,470.37,228.3,99.0,0.0,6,10668,1,SOFT
159,6.6269,473.01,229.1,99.0,0.0,6,10646,1,SOFT
160,6.6677,475.65,229.7,99.0,0.0,6,10668,1,SOFT
161,6.7086,478.29,230.3,99.0,0.0,6,10691,1,SOFT
162,6.7495,480.93,230.9,99.0,0.0,6,10713,1,SOFT
163,6.7904,483.57,231.4,99.0,0.0,6,10735,1,SOFT
164,6.8312,486.21,232.0,99.0,0.0,6,10757,1,SOFT
165,6.8717,488.85,232.6,99.0,0.0,6,10780,1,SOFT
166,6.9121,491.49,233.2,99.0,0.0,6,10809,1,SOFT
167,6.9524,494.13,233.9,99.0,0.0,6,10853,1,SOFT
168,6.9933,496.82,234.6,99.0,0.0,6,10899,1,SOFT
169,7.035,499.55,235.3,99.0,0.0,6,10945,1,SOFT
170,7.0766,502.29,235.9,99.0,0.0,6,10992,1,SOFT
171,7.1186,505.07,236.6,99.0,0.0,6,11038,1,SOFT
172,7.1603,507.85,237.4,99.0,0.0,6,11073,1,SOFT
173,7.2018,510.62,238.2,99.0,0.0,6,11097,1,SOFT
174,7.2433,513.4,239.1,99.0,0.0,6,11120,1,SOFT
175,7.2851,516.21,239.9,99.0,0.0,6,11143,1,SOFT
176,7.3273,519.03,240.7,99.0,0.0,6,11167,1,SOFT
177,7.369,521.85,241.6,99.0,0.0,6,11191,1,SOFT
178,7.4106,524.67,242.5,99.0,0.0,6,11215,1,SOFT
179,7.4518,527.49,243.3,99.0,0.0,6,11239,1,SOFT
180,7.4931,530.32,244.2,99.0,0.0,6,11263,1,SOFT
181,7.5348,533.18,245.1,99.0,0.0,6,11287,1,SOFT
182,7.5765,536.04,245.9,99.0,0.0,6,11311,1,SOFT
183,7.6181,538.9,246.5,99.0,0.0,6,11355,1,SOFT
184,7.6598,541.78,247.0,99.0,0.0,6,11400,1,SOFT
185,7.7016,544.66,247.5,99.0,0.0,6,11446,1,SOFT
186,7.7433,547.54,248.0,99.0,0.0,6,11491,1,SOFT
187,7.7848,550.42,248.6,99.0,0.0,6,11537,1,SOFT
188,7.8264,553.33,249.2,99.0,0.0,6,11550,1,SOFT
189,7.8681,556.28,250.4,99.0,0.0,6,11389,1,SOFT
190,7.91,559.23,251.7,99.0,0.0,6,11228,1,SOFT
191,7.9517,562.19,253.0,99.0,0.0,6,11067,1,SOFT
192,7.9933,565.15,254.2,99.0,0.0,6,10906,1,SOFT
193,8.0348,568.11,255.2,99.0,0.0,6,10765,1,SOFT
194,8.0763,571.06,255.7,99.0,0.0,6,10659,1,SOFT
195,8.1179,574.03,256.2,99.0,0.0,7,10552,2,SOFT
196,8.1601,577.05,256.8,99.0,0.0,7,10443,2,SOFT
197,8.2021,580.08,257.7,99.0,0.0,7,10406,2,SOFT
198,8.2438,583.1,258.9,99.0,0.0,7,10432,2,SOFT
199,8.2853,586.13,260.2,99.0,0.0,7,10458,2,SOFT
200,8.3265,589.16,261.4,99.0,0.0,7,10484,2,SOFT
201,8.3679,592.19,262.6,99.0,0.0,7,10510,2,SOFT
202,8.41,595.28,263.4,99.0,0.0,7,10552,2,SOFT
203,8.4523,598.4,263.9,99.0,0.0,7,10599,2,SOFT
204,8.4946,601.52,264.4,99.0,0.0,7,10646,2,SOFT
205,8.537,604.63,265.0,99.0,0.0,7,10694,2,SOFT
206,8.5787,607.75,265.9,99.0,0.0,7,10724,2,SOFT
207,8.6205,610.86,266.8,99.0,0.0,7,10752,2,SOFT
208,8.6616,613.98,267.7,99.0,0.0,7,10781,2,SOFT
209,8.7026,617.1,268.6,99.0,0.0,7,10809,2,SOFT
210,8.744,620.23,269.5,99.0,0.0,7,10837,2,SOFT
211,8.7856,623.39,270.4,99.0,0.0,7,10866,2,SOFT
212,8.8273,626.55,271.3,99.0,0.0,7,10895,2,SOFT
213,8.8688,629.71,272.2,99.0,0.0,7,10921,2,SOFT
214,8.91,632.87,273.0,99.0,0.0,7,10939,2,SOFT
215,8.9515,636.05,273.8,99.0,0.0,7,10958,2,SOFT
216,8.9931,639.24,274.7,99.0,0.0,7,10977,2,SOFT
217,9.0347,642.43,275.5,99.0,0.0,7,10995,2,SOFT
218,9.0765,645.64,276.2,99.0,0.0,7,11017,2,SOFT
219,9.1181,648.86,276.7,99.0,0.0,7,11043,2,SOFT
220,9.1594,652.08,277.3,99.0,0.0,7,11069,2,SOFT
221,9.2009,655.31,277.8,99.0,0.0,7,11095,2,SOFT
222,9.2426,658.56,278.3,99.0,0.0,7,11121,2,SOFT
223,9.2843,661.81,278.8,99.0,0.0,7,11147,2,SOFT
224,9.3258,665.06,279.3,99.0,0.0,7,11173,2,SOFT
225,9.3674,668.33,279.9,99.0,0.0,7,11199,2,SOFT
226,9.409,671.59,280.4,99.0,0.0,7,11225,2,SOFT
227,9.4508,674.87,280.9,99.0,0.0,7,11251,2,SOFT
228,9.4924,678.15,281.5,99.0,0.0,7,11273,2,SOFT
229,9.534,681.43,282.1,99.0,0.0,7,11294,2,SOFT
230,9.5756,684.7,282.8,99.0,0.0,7,11316,2,SOFT
231,9.6173,687.99,283.4,99.0,0.0,7,11337,2,SOFT
232,9.6591,691.3,284.0,99.0,0.0,7,11358,2,SOFT
233,9.7006,694.61,284.5,99.0,0.0,7,11386,2,SOFT
234,9.742,697.91,285.0,99.0,0.0,7,11414,2,SOFT
235,9.7835,701.22,285.6,99.0,0.0,7,11442,2,SOFT
236,9.8251,704.53,286.1,99.0,0.0,7,11470,2,SOFT
237,9.8667,707.85,286.6,99.0,0.0,7,11497,2,SOFT
238,9.9084,711.18,287.1,99.0,0.0,7,11522,2,SOFT
239,9.9499,714.5,287.5,99.0,0.0,7,11537,2,SOFT
240,9.9913,717.83,287.9,99.0,0.0,7,11552,2,SOFT
241,10.0329,721.17,288.3,99.0,0.0,7,11567,2,SOFT
242,10.0745,724.51,288.8,99.0,0.0,7,11582,2,SOFT
243,10.1162,727.88,289.2,99.0,0.0,7,11577,2,SOFT
244,10.1578,731.24,289.7,99.0,0.0,7,11543,2,SOFT
245,10.1994,734.61,290.3,99.0,0.0,7,11509,2,SOFT
246,10.241,737.98,290.8,99.0,0.0,7,11475,2,SOFT
247,10.2825,741.35,291.3,99.0,0.0,7,11442,2,SOFT
248,10.3242,744.75,291.8,99.0,0.0,7,11408,2,SOFT
249,10.366,748.15,292.3,99.0,0.0,7,11264,2,SOFT
250,10.4079,751.57,292.7,99.0,0.0,7,11060,2,SOFT
251,10.4498,754.99,293.1,99.0,0.0,7,10856,2,SOFT
252,10.4916,758.41,293.5,99.0,0.0,7,10653,2,SOFT
253,10.5334,761.82,293.9,99.0,0.0,7,10449,2,SOFT
254,10.575,765.24,294.5,99.0,0.0,7,10435,2,SOFT
255,10.6167,768.66,295.0,99.0,0.0,7,10449,2,SOFT
256,10.6584,772.1,295.5,99.0,0.0,7,10463,2,SOFT
257,10.7003,775.55,296.0,99.0,0.0,8,10477,2,SOFT
258,10.7418,779.0,296.5,99.0,0.0,8,10491,2,SOFT
259,10.7833,782.45,296.9,99.0,0.0,8,10506,2,SOFT
260,10.8249,785.91,297.4,99.0,0.0,8,10521,2,SOFT
261,10.8665,789.38,297.9,99.0,0.0,8,10536,2,SOFT
262,10.9082,792.84,298.3,99.0,0.0,8,10550,2,SOFT
263,10.9499,796.32,298.8,99.0,0.0,8,10565,2,SOFT
264,10.9916,799.8,299.3,99.0,0.0,8,10580,2,SOFT
265,11.0333,803.29,299.7,99.0,0.0,8,10595,2,SOFT
266,11.0751,806.78,300.1,99.0,0.0,8,10607,2,SOFT
267,11.1169,810.28,300.3,99.0,0.0,8,10615,2,SOFT
268,11.1588,813.78,300.5,99.0,0.0,8,10623,2,SOFT
269,11.2006,817.28,300.7,99.0,0.0,8,10632,2,SOFT
270,11.2425,820.78,300.9,99.0,0.0,8,10640,2,SOFT
271,11.2842,824.28,301.2,99.0,0.0,8,10649,2,SOFT
272,11.3259,827.78,301.5,99.0,0.0,8,10660,2,SOFT
273,11.3676,831.28,301.8,99.0,0.0,8,10670,2,SOFT
274,11.4093,834.78,302.1,99.0,0.0,8,10681,2,SOFT
275,11.4508,838.29,302.4,99.0,0.0,8,10691,2,SOFT
276,11.4924,841.79,302.7,99.0,0.0,8,10701,2,SOFT
277,11.534,845.31,303.0,99.0,0.0,8,10712,2,SOFT
278,11.5755,848.82,303.4,99.1,0.0,8,10725,2,SOFT
279,11.6169,852.35,303.8,99.2,0.0,8,10738,2,SOFT
280,11.6583,855.88,304.2,99.3,0.0,8,10751,2,SOFT
281,11.6996,859.41,304.6,99.4,0.0,8,10764,2,SOFT
282,11.7411,862.95,305.0,99.5,0.0,8,10777,2,SOFT
283,11.7827,866.5,305.4,99.6,0.0,8,10790,2,SOFT
284,11.8243,870.05,305.9,99.7,0.0,8,10803,2,SOFT
285,11.8659,873.6,306.3,99.8,0.0,8,10816,2,SOFT
286,11.9075,877.15,306.7,99.9,0.0,8,10829,2,SOFT
287,11.9492,880.71,307.1,100.0,0.0,8,10841,2,SOFT
288,11.9907,884.27,307.4,99.8,0.0,8,10847,2,SOFT
289,12.0323,887.84,307.8,99.6,0.0,8,10854,2,SOFT
290,12.0738,891.4,308.1,99.4,0.0,8,10860,2,SOFT
291,12.1154,894.97,308.5,99.3,0.0,8,10867,2,SOFT
292,12.1569,898.54,308.8,99.1,0.0,8,10874,2,SOFT
293,12.1984,902.11,309.1,99.0,0.0,8,10884,2,SOFT
294,12.2398,905.67,309.3,99.0,0.0,8,10899,2,SOFT
295,12.2812,909.24,309.5,99.0,0.0,8,10914,2,SOFT
296,12.3226,912.8,309.7,99.0,0.0,8,10929,2,SOFT
297,12.3639,916.36,309.9,99.0,0.0,8,10944,2,SOFT
298,12.4053,919.93,310.2,99.0,0.0,8,10949,2,SOFT
299,12.4467,923.5,310.4,99.0,0.0,8,10949,2,SOFT
300,12.4879,927.07,310.7,99.0,0.0,8,10949,2,SOFT
301,12.5293,930.65,310.9,99.0,0.0,8,10949,2,SOFT
302,12.5708,934.25,311.0,98.7,0.0,8,10947,2,SOFT
303,12.6119,937.82,311.0,98.4,0.0,8,10945,2,SOFT
304,12.6531,941.4,311.0,98.0,0.0,8,10943,2,SOFT
305,12.6947,944.98,311.0,97.7,0.0,8,10941,2,SOFT
306,12.7364,948.55,311.0,97.4,0.0,8,10939,2,SOFT
307,12.778,952.13,311.0,97.0,0.0,8,10937,2,SOFT
308,12.8219,955.71,306.5,76.2,0.0,8,10817,2,SOFT
309,12.8657,959.28,301.9,55.1,0.0,8,10695,2,SOFT
310,12.9094,962.84,297.4,34.0,0.0,8,10573,2,SOFT
311,12.9538,966.39,292.7,12.6,0.3,8,10450,2,SOFT
312,12.9997,969.82,286.8,0.0,1.0,8,10271,1,SOFT
313,13.0426,972.89,280.0,0.0,1.0,8,10043,1,SOFT
314,13.0841,975.86,273.3,0.0,1.0,8,9823,1,SOFT
315,13.1255,978.83,266.7,0.0,1.0,8,9603,1,SOFT
316,13.167,981.8,260.1,0.0,1.0,8,9382,1,SOFT
317,13.2013,984.23,256.7,0.0,1.0,8,9300,1,SOFT
318,13.2358,986.58,254.7,0.0,1.0,8,9277,1,SOFT
319,13.2703,988.92,252.7,0.0,1.0,8,9254,1,SOFT
320,13.3048,991.27,250.7,0.0,1.0,8,9231,1,SOFT
321,13.3392,993.62,248.7,0.0,1.0,8,9208,1,SOFT
322,13.3735,995.95,246.7,0.0,1.0,8,9186,1,SOFT
323,13.4055,998.1,244.8,0.0,1.0,8,9165,1,SOFT
324,13.443,1000.31,238.3,0.0,1.0,8,9224,1,SOFT
325,13.4825,1002.56,228.7,0.0,1.0,8,9340,1,SOFT
326,13.522,1004.81,219.1,0.0,1.0,8,9457,1,SOFT
327,13.5614,1007.06,209.5,0.0,1.0,8,9574,1,SOFT
328,13.604,1009.3,203.3,0.0,1.0,8,9610,1,SOFT
329,13.6591,1011.3,199.3,0.0,1.0,8,9568,1,SOFT
330,13.7083,1013.08,195.7,0.0,1.0,8,9532,1,SOFT
331,13.7574,1014.86,192.2,0.0,1.0,8,9495,1,SOFT
332,13.8065,1016.63,188.7,0.0,1.0,8,9458,1,SOFT
333,13.851,1018.24,185.4,0.0,1.0,8,9424,1,SOFT
334,13.8926,1019.75,182.4,0.0,1.0,8,9393,1,SOFT
335,13.9342,1021.26,179.4,0.0,1.0,8,9362,1,SOFT
336,13.9759,1022.76,176.4,0.0,1.0,8,9331,1,SOFT
337,14.0175,1024.27,173.4,0.0,1.0,8,9299,1,SOFT
338,14.0591,1025.78,170.4,0.0,1.0,8,9268,1,SOFT
339,14.1008,1027.28,167.4,0.0,1.0,8,9237,1,SOFT
340,14.1433,1028.82,164.4,0.0,1.0,8,9205,1,SOFT
341,14.1865,1030.39,161.2,0.0,1.0,8,9172,1,SOFT
342,14.2298,1031.95,158.1,0.0,1.0,8,9140,1,SOFT
343,14.2726,1033.5,155.0,0.0,1.0,8,9108,1,SOFT
344,14.3125,1034.95,152.2,0.0,1.0,8,9078,1,SOFT
345,14.352,1036.38,149.3,0.0,1.0,8,9048,1,SOFT
346,14.3915,1037.81,146.5,0.0,1.0,8,9018,1,SOFT
347,14.4311,1039.24,143.6,0.0,1.0,8,8989,1,SOFT
348,14.4706,1040.67,140.8,0.0,1.0,8,8959,1,SOFT
349,14.51,1042.09,137.9,0.0,1.0,8,8929,1,SOFT
350,14.5528,1043.51,134.8,0.0,1.0,8,8897,1,SOFT
351,14.5968,1044.92,131.7,0.0,1.0,3,8864,1,SOFT
352,14.6394,1046.3,129.4,0.0,1.0,3,8818,1,SOFT
353,14.681,1047.67,128.2,0.0,1.0,3,8756,1,SOFT
354,14.7227,1049.03,126.9,0.0,1.0,3,8694,1,SOFT
355,14.7643,1050.4,125.7,0.0,1.0,3,8632,1,SOFT
356,14.806,1051.76,124.4,0.0,1.0,3,8571,1,SOFT
357,14.8476,1053.13,123.2,0.0,1.0,3,8509,1,SOFT
358,14.8891,1054.49,121.9,0.0,1.0,3,8447,1,SOFT
359,14.9306,1055.85,120.7,0.0,1.0,3,8385,1,SOFT
360,14.9721,1057.21,119.4,0.0,1.0,3,8324,1,SOFT
361,15.0135,1058.56,118.2,0.0,1.0,3,8262,1,SOFT
362,15.0547,1059.88,117.1,0.0,1.0,3,8172,1,SOFT
363,15.0962,1061.2,116.1,0.0,1.0,3,8075,1,SOFT
364,15.1379,1062.52,115.0,0.0,1.0,3,7978,1,SOFT
365,15.1793,1063.82,114.0,0.0,1.0,3,7881,1,SOFT
366,15.2205,1065.11,113.6,0.0,1.0,3,7843,1,SOFT
367,15.2618,1066.4,113.2,0.0,1.0,3,7805,1,SOFT
368,15.303,1067.68,112.8,0.0,1.0,3,7767,1,SOFT
369,15.3443,1068.97,112.4,0.0,0.9,3,7729,1,SOFT
370,15.3862,1070.25,111.9,0.6,0.0,3,7703,1,SOFT
371,15.4287,1071.51,111.0,4.7,0.0,3,7749,1,SOFT
372,15.4715,1072.78,110.1,8.8,0.0,3,7796,1,SOFT
373,15.5143,1074.06,109.2,12.9,0.0,3,7842,1,SOFT
374,15.5567,1075.32,108.3,17.0,0.0,3,7888,1,SOFT
375,15.5987,1076.57,107.4,21.0,0.0,3,7934,1,SOFT
376,15.6408,1077.81,106.8,23.9,0.0,3,7956,1,SOFT
377,15.683,1079.04,106.5,25.7,0.0,3,7955,1,SOFT
378,15.7253,1080.27,106.2,27.5,0.0,3,7954,1,SOFT
379,15.7674,1081.5,105.9,29.3,0.0,3,7953,1,SOFT
380,15.8094,1082.72,105.6,31.2,0.0,3,7952,1,SOFT
381,15.8515,1083.95,105.3,33.0,0.0,3,7951,1,SOFT
382,15.8936,1085.18,105.0,34.8,0.0,3,7950,1,SOFT
383,15.9344,1086.41,105.6,37.3,0.0,3,7990,1,SOFT
384,15.9746,1087.65,106.3,39.8,0.0,3,8036,1,SOFT
385,16.015,1088.89,106.9,42.4,0.0,3,8081,1,SOFT
386,16.0553,1090.14,107.6,45.0,0.0,3,8127,1,SOFT
387,16.0958,1091.39,108.3,47.6,0.0,3,8173,1,SOFT
388,16.1369,1092.66,109.0,50.2,0.0,3,8219,1,SOFT
389,16.1795,1093.98,109.7,52.9,0.0,3,8267,1,SOFT
390,16.2224,1095.31,110.4,55.7,0.0,3,8316,1,SOFT
391,16.265,1096.63,111.2,58.3,0.0,3,8366,1,SOFT
392,16.3052,1097.96,112.4,60.2,0.0,3,8422,1,SOFT
393,16.3466,1099.32,113.7,62.1,0.0,3,8480,1,SOFT
394,16.3886,1100.71,115.1,64.1,0.0,3,8539,1,SOFT
395,16.4311,1102.11,116.4,66.1,0.0,3,8599,1,SOFT
396,16.4731,1103.52,117.7,68.0,0.0,3,8658,1,SOFT
397,16.5146,1104.95,119.0,70.0,0.0,3,8716,1,SOFT
398,16.5567,1106.41,120.3,72.0,0.0,3,8775,1,SOFT
399,16.599,1107.92,121.9,73.6,0.0,3,8862,1,SOFT
400,16.6407,1109.44,123.7,75.0,0.0,3,8976,1,SOFT
401,16.6825,1110.95,125.4,76.3,0.0,3,9091,1,SOFT
402,16.7247,1112.49,127.2,77.7,0.0,3,9208,1,SOFT
403,16.7663,1114.05,129.0,79.0,0.0,3,9322,1,SOFT
404,16.8082,1115.63,130.8,80.4,0.0,3,9438,1,SOFT
405,16.8505,1117.22,132.6,81.7,0.0,3,9554,1,SOFT
406,16.8923,1118.81,134.0,84.0,0.0,3,9753,1,SOFT
407,16.934,1120.4,135.1,86.6,0.0,3,9973,1,SOFT
408,16.9756,1122.03,136.3,89.1,0.0,3,10191,1,SOFT
409,17.0175,1123.68,137.5,91.6,0.0,3,10412,1,SOFT
410,17.0609,1125.39,138.8,94.3,0.0,3,10641,1,SOFT
411,17.1046,1127.12,140.0,96.9,0.0,3,10871,1,SOFT
412,17.1468,1128.84,141.4,99.0,0.0,3,11061,1,SOFT
413,17.1867,1130.56,143.6,99.0,0.0,3,11109,1,SOFT
414,17.2271,1132.3,145.7,99.0,0.0,3,11158,1,SOFT
415,17.268,1134.06,147.9,99.0,0.0,3,11208,1,SOFT
416,17.3095,1135.85,150.1,99.0,0.0,3,11258,1,SOFT
417,17.3515,1137.66,152.4,99.0,0.0,3,11309,1,SOFT
418,17.3927,1139.48,154.6,99.0,0.0,3,11359,1,SOFT
419,17.4342,1141.31,156.4,99.0,0.0,3,11312,1,SOFT
420,17.4775,1143.21,157.5,99.0,0.0,3,11090,1,SOFT
421,17.5208,1145.12,158.5,99.0,0.0,3,10867,1,SOFT
422,17.5628,1147.03,159.6,99.0,0.0,3,10652,1,SOFT
423,17.6062,1149.0,160.7,99.0,0.0,3,10429,1,SOFT
424,17.648,1150.99,163.0,88.8,0.0,3,10393,1,SOFT
425,17.6893,1153.0,165.9,74.3,0.0,3,10435,1,SOFT
426,17.7305,1155.0,168.8,59.9,0.0,4,10477,1,SOFT
427,17.7718,1157.01,171.7,45.5,0.0,4,10518,1,SOFT
428,17.813,1159.02,174.6,31.0,0.0,4,10560,1,SOFT
429,17.8542,1161.02,174.7,26.6,0.0,4,10542,1,SOFT
430,17.8956,1163.02,174.4,23.9,0.0,4,10514,1,SOFT
431,17.9371,1165.01,174.0,21.1,0.0,4,10486,1,SOFT
432,17.9778,1166.95,173.7,18.4,0.0,4,10458,1,SOFT
433,18.0184,1168.9,173.3,15.7,0.0,4,10430,1,SOFT
434,18.0591,1170.85,173.0,13.0,0.0,4,10402,1,SOFT
435,18.0998,1172.79,172.7,10.3,0.0,4,10375,1,SOFT
436,18.1413,1174.74,172.3,7.5,0.0,4,10347,1,SOFT
437,18.1829,1176.69,171.9,5.5,0.0,4,10317,1,SOFT
438,18.2252,1178.63,170.8,10.6,0.0,4,10275,1,SOFT
439,18.2674,1180.58,169.8,15.8,0.0,4,10234,1,SOFT
440,18.3097,1182.52,168.7,20.9,0.0,4,10192,1,SOFT
441,18.3524,1184.47,167.7,26.1,0.0,4,10150,1,SOFT
442,18.3951,1186.42,166.6,31.3,0.0,4,10108,1,SOFT
443,18.4377,1188.36,165.5,36.4,0.0,4,10066,1,SOFT
444,18.4801,1190.31,165.1,40.0,0.0,4,10065,1,SOFT
445,18.5215,1192.21,165.3,41.8,0.0,4,10105,1,SOFT
446,18.5626,1194.1,165.5,43.7,0.0,4,10145,1,SOFT
447,18.6034,1195.99,165.7,45.6,0.0,4,10184,1,SOFT
448,18.6443,1197.89,165.8,47.4,0.0,4,10223,1,SOFT
449,18.6861,1199.82,166.0,49.3,0.0,4,10263,1,SOFT
450,18.7283,1201.78,166.2,51.2,0.0,4,10303,1,SOFT
451,18.7704,1203.73,166.4,53.2,0.0,4,10344,1,SOFT
452,18.8124,1205.69,166.6,55.1,0.0,4,10384,1,SOFT
453,18.8541,1207.64,166.8,57.0,0.0,4,10424,1,SOFT
454,18.8957,1209.6,167.0,58.9,0.0,4,10464,1,SOFT
455,18.9371,1211.55,167.8,59.8,0.0,4,10479,1,SOFT
456,18.9785,1213.5,168.6,60.6,0.0,4,10492,1,SOFT
457,19.0197,1215.46,169.4,61.4,0.0,4,10504,1,SOFT
458,19.0613,1217.45,170.2,62.2,0.0,4,10517,1,SOFT
459,19.1032,1219.45,171.1,63.5,0.0,4,10538,1,SOFT
460,19.1448,1221.46,171.9,67.9,0.0,4,10628,1,SOFT
461,19.1864,1223.47,172.6,72.3,0.0,4,10718,1,SOFT
462,19.228,1225.49,173.4,76.7,0.0,4,10808,1,SOFT
463,19.2697,1227.5,174.0,80.0,0.0,4,10875,1,SOFT
464,19.3113,1229.51,174.0,80.0,0.0,4,10875,1,SOFT
465,19.353,1231.53,174.0,80.0,0.0,4,10875,1,SOFT
466,19.3947,1233.54,174.0,80.0,0.0,4,10875,1,SOFT
467,19.4367,1235.59,174.4,81.0,0.0,4,10898,1,SOFT
468,19.4784,1237.65,175.5,83.5,0.0,4,10955,1,SOFT
469,19.5204,1239.73,176.5,86.0,0.0,4,11012,1,SOFT
470,19.5621,1241.86,177.6,88.4,0.0,4,11069,1,SOFT
471,19.6038,1243.99,178.6,90.9,0.0,4,11126,1,SOFT
472,19.6454,1246.11,179.6,93.4,0.0,4,11183,1,SOFT
473,19.6872,1248.25,180.7,95.9,0.0,4,11240,1,SOFT
474,19.7299,1250.43,181.8,98.4,0.0,4,11298,1,SOFT
475,19.7716,1252.61,183.1,99.0,0.0,4,11252,1,SOFT
476,19.813,1254.8,184.5,99.0,0.0,4,11173,1,SOFT
477,19.8546,1256.99,185.9,99.0,0.0,4,11094,1,SOFT
478,19.8971,1259.24,187.4,99.0,0.0,4,11014,1,SOFT
479,19.9391,1261.49,188.8,99.0,0.0,4,10934,1,SOFT
480,19.9802,1263.74,190.3,99.0,0.0,4,10856,1,SOFT
481,20.0217,1266.0,191.7,99.0,0.0,5,10777,1,SOFT
482,20.0639,1268.32,193.2,99.0,0.0,5,10711,1,SOFT
483,20.105,1270.63,194.8,99.0,0.0,5,10771,1,SOFT
484,20.1453,1272.94,196.5,99.0,0.0,5,10830,1,SOFT
485,20.1863,1275.29,198.1,99.0,0.0,5,10890,1,SOFT
486,20.2278,1277.67,199.8,99.0,0.0,5,10950,1,SOFT
487,20.2693,1280.05,201.5,99.0,0.0,5,11011,1,SOFT
488,20.3108,1282.43,203.2,99.0,0.0,5,11071,1,SOFT
489,20.3522,1284.81,204.9,99.0,0.0,5,11132,1,SOFT
490,20.3944,1287.23,206.0,99.0,0.0,5,11168,1,SOFT
491,20.437,1289.66,206.0,99.0,0.0,5,11156,1,SOFT
492,20.4796,1292.09,206.0,99.0,0.0,5,11144,1,SOFT
493,20.5224,1294.55,206.0,99.0,0.0,5,11132,1,SOFT
494,20.5644,1297.02,206.8,99.0,0.0,5,11123,1,SOFT
495,20.6059,1299.48,208.1,99.0,0.0,5,11115,1,SOFT
496,20.6478,1301.97,209.4,99.0,0.0,5,11107,1,SOFT
497,20.69,1304.48,210.8,99.0,0.0,5,11100,1,SOFT
498,20.7316,1307.03,212.1,99.0,0.0,5,11092,1,SOFT
499,20.7728,1309.58,213.4,99.0,0.0,5,11085,1,SOFT
500,20.814,1312.13,214.7,99.0,0.0,5,11077,1,SOFT
501,20.8559,1314.73,216.1,99.0,0.0,5,11070,1,SOFT
502,20.8981,1317.34,217.4,99.0,0.0,5,11062,1,SOFT
503,20.9403,1319.96,218.7,99.0,0.0,5,11054,1,SOFT
504,20.9822,1322.59,220.1,99.0,0.0,5,11045,1,SOFT
505,21.0241,1325.26,221.4,99.0,0.0,5,11005,1,SOFT
506,21.0659,1327.93,222.6,99.0,0.0,5,10964,1,SOFT
507,21.1078,1330.6,223.9,99.0,0.0,5,10924,1,SOFT
508,21.1497,1333.27,225.2,99.0,0.0,5,10884,1,SOFT
509,21.1917,1335.95,226.5,99.0,0.0,5,10844,1,SOFT
510,21.2332,1338.63,227.7,99.0,0.0,5,10804,1,SOFT
511,21.2747,1341.32,229.0,99.0,0.0,6,10764,1,SOFT
512,21.3162,1344.01,230.3,99.0,0.0,6,10725,1,SOFT
513,21.3576,1346.7,231.5,99.1,0.0,6,10717,1,SOFT
514,21.3992,1349.44,232.7,99.2,0.0,6,10753,1,SOFT
515,21.4411,1352.2,234.0,99.4,0.0,6,10789,1,SOFT
516,21.4831,1354.97,235.2,99.6,0.0,6,10826,1,SOFT
517,21.5246,1357.73,236.4,99.8,0.0,6,10861,1,SOFT
518,21.5661,1360.5,237.6,99.9,0.0,6,10897,1,SOFT
519,21.6073,1363.26,238.5,99.9,0.0,6,10934,1,SOFT
520,21.6491,1366.09,239.3,99.9,0.0,6,10971,1,SOFT
521,21.6913,1368.94,240.1,99.8,0.0,6,11009,1,SOFT
522,21.7333,1371.79,240.9,99.7,0.0,6,11046,1,SOFT
523,21.7747,1374.64,241.7,99.6,0.0,6,11083,1,SOFT
524,21.8161,1377.49,242.4,99.5,0.0,6,11120,1,SOFT
525,21.8574,1380.34,243.2,99.4,0.0,6,11157,1,SOFT
526,21.8989,1383.2,244.0,99.3,0.0,6,11194,1,SOFT
527,21.9407,1386.07,244.8,99.2,0.0,6,11232,1,SOFT
528,21.9824,1388.96,245.5,99.2,0.0,6,11269,1,SOFT
529,22.024,1391.85,246.3,99.1,0.0,6,11306,1,SOFT
530,22.0656,1394.75,247.1,99.0,0.0,6,11341,1,SOFT
531,22.1072,1397.66,247.7,99.1,0.0,6,11367,1,SOFT
532,22.1487,1400.58,248.3,99.2,0.0,6,11392,1,SOFT
533,22.1903,1403.49,249.0,99.3,0.0,6,11417,1,SOFT
534,22.2318,1406.41,249.6,99.4,0.0,6,11442,1,SOFT
535,22.2733,1409.32,250.2,99.5,0.0,6,11467,1,SOFT
536,22.3148,1412.24,250.8,99.6,0.0,6,11492,1,SOFT
537,22.3565,1415.18,251.5,99.7,0.0,6,11517,1,SOFT
538,22.3983,1418.12,252.1,99.8,0.0,6,11542,1,SOFT
539,22.4402,1421.07,252.7,100.0,0.0,6,11568,1,SOFT
540,22.482,1424.02,253.1,99.9,0.0,6,11567,1,SOFT
541,22.5239,1426.97,253.4,99.6,0.0,6,11545,1,SOFT
542,22.5658,1429.93,253.7,99.3,0.0,6,11524,1,SOFT
543,22.6076,1432.88,253.9,99.1,0.0,6,11502,1,SOFT
544,22.6492,1435.84,254.3,99.0,0.0,6,11327,1,SOFT
545,22.6908,1438.8,254.7,99.0,0.0,6,11095,1,SOFT
546,22.7324,1441.75,255.1,99.0,0.0,6,10863,1,SOFT
547,22.7741,1444.71,255.6,99.0,0.0,6,10631,1,SOFT
548,22.8157,1447.68,256.0,99.0,0.0,6,10399,1,SOFT
549,22.8573,1450.64,256.2,99.0,0.0,6,10378,1,SOFT
550,22.8988,1453.6,256.5,99.0,0.0,6,10373,1,SOFT
551,22.9405,1456.58,256.8,99.0,0.0,7,10368,1,SOFT
552,22.9822,1459.56,257.0,99.0,0.0,7,10365,1,SOFT
553,23.0237,1462.54,257.4,99.0,0.0,7,10371,1,SOFT
554,23.0652,1465.53,257.9,99.0,0.0,7,10377,1,SOFT
555,23.1066,1468.51,258.3,99.0,0.0,7,10383,1,SOFT
556,23.148,1471.49,258.7,99.0,0.0,7,10389,1,SOFT
557,23.1898,1474.5,259.1,99.0,0.0,7,10400,1,SOFT
558,23.2317,1477.52,259.3,99.0,0.0,7,10424,1,SOFT
559,23.2736,1480.54,259.5,99.0,0.0,7,10448,1,SOFT
560,23.3154,1483.56,259.7,99.0,0.0,7,10471,1,SOFT
561,23.3572,1486.58,259.9,99.0,0.0,7,10495,1,SOFT
562,23.3988,1489.62,260.4,99.0,0.0,7,10529,1,SOFT
563,23.4404,1492.66,261.2,99.0,0.0,7,10574,1,SOFT
564,23.482,1495.71,262.1,99.0,0.0,7,10618,1,SOFT
565,23.5236,1498.76,262.9,99.0,0.0,7,10663,1,SOFT
566,23.5651,1501.81,263.7,99.0,0.0,7,10708,1,SOFT
567,23.6068,1504.88,264.1,99.0,0.0,7,10717,1,SOFT
568,23.6486,1507.95,264.3,99.0,0.0,7,10709,1,SOFT
569,23.6903,1511.01,264.5,99.0,0.0,7,10700,1,SOFT
570,23.7321,1514.09,264.6,99.0,0.0,7,10692,1,SOFT
571,23.7739,1517.17,264.8,99.0,0.0,7,10683,1,SOFT
572,23.8157,1520.26,265.0,99.0,0.0,7,10675,1,SOFT
573,23.8575,1523.35,265.6,99.0,0.0,7,10701,1,SOFT
574,23.8992,1526.45,266.2,99.0,0.0,7,10729,1,SOFT
575,23.9412,1529.57,266.8,99.0,0.0,7,10758,1,SOFT
576,23.983,1532.69,267.5,99.0,0.0,7,10787,1,SOFT
577,24.0247,1535.82,268.1,99.0,0.0,7,10812,1,SOFT
578,24.0661,1538.94,269.2,99.3,0.0,7,10812,1,SOFT
579,24.1074,1542.07,270.2,99.6,0.0,7,10812,1,SOFT
580,24.1488,1545.2,271.3,99.8,0.0,7,10812,1,SOFT
581,24.1906,1548.36,272.1,100.0,0.0,7,10815,1,SOFT
582,24.2323,1551.53,272.5,100.0,0.0,7,10823,1,SOFT
583,24.274,1554.7,272.9,100.0,0.0,7,10832,1,SOFT
584,24.3155,1557.87,273.3,100.0,0.0,7,10841,1,SOFT
585,24.357,1561.04,273.7,100.0,0.0,7,10850,1,SOFT
586,24.3986,1564.23,274.1,100.0,0.0,7,10859,1,SOFT
587,24.4404,1567.43,274.5,100.0,0.0,7,10868,1,SOFT
588,24.4822,1570.63,274.8,100.0,0.0,7,10876,1,SOFT
589,24.5238,1573.83,275.3,100.0,0.0,7,10900,1,SOFT
590,24.5653,1577.03,275.7,100.0,0.0,7,10933,1,SOFT
591,24.6068,1580.24,276.2,100.0,0.0,7,10967,1,SOFT
592,24.6485,1583.45,276.6,100.0,0.0,7,11000,1,SOFT
593,24.6903,1586.67,277.1,100.0,0.0,7,11034,1,SOFT
594,24.7319,1589.89,277.5,100.0,0.0,7,11067,1,SOFT
595,24.7735,1593.12,277.9,100.0,0.0,7,11101,1,SOFT
596,24.8152,1596.36,278.4,100.0,0.0,7,11119,1,SOFT
597,24.8569,1599.61,278.8,100.0,0.0,7,11135,1,SOFT
598,24.8985,1602.86,279.3,100.0,0.0,7,11152,1,SOFT
599,24.9402,1606.1,279.7,100.0,0.0,7,11168,1,SOFT
600,24.9817,1609.36,280.2,100.0,0.0,7,11184,1,SOFT
601,25.0234,1612.61,280.6,100.0,0.0,7,11200,1,SOFT
602,25.065,1615.87,281.0,100.0,0.0,7,11216,1,SOFT
603,25.1067,1619.14,281.3,100.0,0.0,7,11227,1,SOFT
604,25.1484,1622.41,281.6,100.0,0.0,7,11239,1,SOFT
605,25.19,1625.68,281.8,100.0,0.0,7,11250,1,SOFT
606,25.2316,1628.96,282.1,100.0,0.0,7,11262,1,SOFT
607,25.2732,1632.23,282.3,100.0,0.0,7,11274,1,SOFT
608,25.3149,1635.51,282.6,100.0,0.0,7,11285,1,SOFT
609,25.3565,1638.79,282.9,100.0,0.0,7,11297,1,SOFT
610,25.3984,1642.09,283.2,100.0,0.0,7,11309,1,SOFT
611,25.4401,1645.4,283.6,100.0,0.0,7,11323,1,SOFT
612,25.4817,1648.72,284.0,100.0,0.0,7,11336,1,SOFT
613,25.5233,1652.04,284.4,100.0,0.0,7,11350,1,SOFT
614,25.5649,1655.36,284.9,100.0,0.0,7,11363,1,SOFT
615,25.6066,1658.68,285.3,100.0,0.0,7,11377,1,SOFT
616,25.6482,1662.0,285.7,100.0,0.0,7,11391,1,SOFT
617,25.6899,1665.32,286.1,100.0,0.0,7,11404,1,SOFT
618,25.7315,1668.64,286.5,100.0,0.0,7,11418,1,SOFT
619,25.7731,1671.97,286.9,100.0,0.0,7,11431,1,SOFT
620,25.8148,1675.31,287.2,100.0,0.0,7,11442,1,SOFT
621,25.8564,1678.64,287.4,100.0,0.0,7,11452,1,SOFT
622,25.8981,1681.97,287.6,100.0,0.0,7,11462,1,SOFT
623,25.9398,1685.3,287.8,100.0,0.0,7,11472,1,SOFT
624,25.9814,1688.64,288.0,100.0,0.0,7,11482,1,SOFT
625,26.023,1691.97,288.2,99.8,0.0,7,11492,1,SOFT
626,26.0646,1695.31,288.4,99.6,0.0,7,11502,1,SOFT
627,26.1062,1698.65,288.6,99.4,0.0,7,11512,1,SOFT
628,26.1479,1702.0,288.8,99.2,0.0,7,11522,1,SOFT
629,26.1895,1705.35,289.0,99.0,0.0,7,11531,1,SOFT
630,26.2311,1708.7,289.1,99.0,0.0,7,11534,1,SOFT
631,26.2728,1712.05,289.3,99.0,0.0,7,11538,1,SOFT
632,26.3144,1715.41,289.4,99.0,0.0,7,11541,1,SOFT
633,26.356,1718.76,289.5,99.0,0.0,7,11545,1,SOFT
634,26.3976,1722.11,289.6,99.0,0.0,7,11548,1,SOFT
635,26.4388,1725.43,289.7,99.0,0.0,7,11552,1,SOFT
636,26.48,1728.75,289.8,99.0,0.0,7,11555,1,SOFT
637,26.5213,1732.07,289.9,99.0,0.0,7,11558,1,SOFT
638,26.5626,1735.39,289.9,99.0,0.0,7,11558,1,SOFT
639,26.6039,1738.71,289.7,99.0,0.0,7,11555,1,SOFT
640,26.6453,1742.04,289.6,99.0,0.0,7,11552,1,SOFT
641,26.6868,1745.37,289.4,99.0,0.0,7,11549,1,SOFT
642,26.7283,1748.7,289.2,99.0,0.0,7,11546,1,SOFT
643,26.7699,1752.04,289.0,99.0,0.0,7,11543,1,SOFT
644,26.8114,1755.37,289.2,99.0,0.0,7,11543,1,SOFT
645,26.8528,1758.7,289.5,99.0,0.0,7,11544,1,SOFT
646,26.8942,1762.04,289.7,99.0,0.0,7,11546,1,SOFT
647,26.9355,1765.37,290.0,99.0,0.0,7,11547,1,SOFT
648,26.9765,1768.71,289.9,86.0,0.0,7,11449,1,SOFT
649,27.0174,1772.03,289.7,71.6,0.0,7,11339,1,SOFT
650,27.058,1775.31,289.6,57.2,0.1,7,11230,1,SOFT
651,27.099,1778.57,289.4,42.7,0.3,7,11120,1,SOFT
652,27.1399,1781.83,289.3,28.3,0.6,7,11010,1,SOFT
653,27.1809,1785.1,289.1,13.8,0.8,7,10900,1,SOFT
654,27.2221,1788.36,288.8,0.0,1.0,7,10801,1,SOFT
655,27.2668,1791.61,284.0,0.0,1.0,7,10890,1,SOFT
656,27.3077,1794.58,279.7,0.0,1.0,7,10973,1,SOFT
657,27.3485,1797.55,275.3,0.0,1.0,7,11055,1,SOFT
658,27.3898,1800.52,270.9,0.0,1.0,7,11138,1,SOFT
659,27.4329,1803.48,266.4,0.0,1.0,7,11224,1,SOFT
660,27.4759,1806.45,261.8,0.0,1.0,7,11310,1,SOFT
661,27.5185,1809.4,257.3,0.0,1.0,7,11396,1,SOFT
662,27.56,1812.25,253.9,0.0,0.9,7,11394,1,SOFT
663,27.6017,1815.09,251.5,0.0,0.6,7,11302,1,SOFT
664,27.6433,1817.93,249.2,0.0,0.4,6,11210,1,SOFT
665,27.6847,1820.77,246.8,0.0,0.1,6,11118,1,SOFT
666,27.7257,1823.54,245.4,4.0,0.0,6,11069,1,SOFT
667,27.7674,1826.31,244.3,10.3,0.0,6,11043,1,SOFT
668,27.8091,1829.08,243.3,16.7,0.0,6,11018,1,SOFT
669,27.8508,1831.85,242.2,23.1,0.0,6,10992,1,SOFT
670,27.8921,1834.59,241.2,29.4,0.0,6,10967,1,SOFT
671,27.9336,1837.32,240.2,35.8,0.0,6,10941,1,SOFT
672,27.9748,1840.01,239.1,42.1,0.0,6,10916,1,SOFT
673,28.016,1842.7,238.1,48.4,0.0,6,10890,1,SOFT
674,28.0575,1845.4,237.1,52.8,0.0,6,10841,1,SOFT
675,28.099,1848.09,236.0,56.9,0.0,6,10790,1,SOFT
676,28.1405,1850.78,235.0,61.1,0.0,6,10738,1,SOFT
677,28.1822,1853.47,233.9,65.2,0.0,6,10687,1,SOFT
678,28.224,1856.17,233.0,69.3,0.0,6,10640,1,SOFT
679,28.2659,1858.86,232.7,72.3,0.0,6,10643,1,SOFT
680,28.3079,1861.55,232.4,75.3,0.0,6,10647,1,SOFT
681,28.3496,1864.23,232.1,78.3,0.0,6,10650,1,SOFT
682,28.3913,1866.9,231.8,81.2,0.0,6,10653,1,SOFT
683,28.4329,1869.57,231.5,84.2,0.0,6,10656,1,SOFT
684,28.4746,1872.25,231.2,87.2,0.0,6,10659,1,SOFT
685,28.5163,1874.93,231.1,89.6,0.0,6,10675,1,SOFT
686,28.5579,1877.62,231.4,91.1,0.0,6,10712,1,SOFT
687,28.5996,1880.31,231.7,92.6,0.0,6,10749,1,SOFT
688,28.6413,1883.01,232.0,94.1,0.0,6,10786,1,SOFT
689,28.6829,1885.7,232.3,95.5,0.0,6,10823,1,SOFT
690,28.7246,1888.4,232.6,97.0,0.0,6,10859,1,SOFT
691,28.7664,1891.11,232.9,98.5,0.0,6,10896,1,SOFT
692,28.8082,1893.85,233.5,99.0,0.0,6,10914,1,SOFT
693,28.85,1896.58,234.3,99.0,0.0,6,10924,1,SOFT
694,28.8918,1899.31,235.1,99.0,0.0,6,10933,1,SOFT
695,28.9334,1902.05,235.9,99.0,0.0,6,10943,1,SOFT
696,28.975,1904.83,236.9,99.0,0.0,6,10999,1,SOFT
697,29.0167,1907.62,237.9,99.0,0.0,6,11063,1,SOFT
698,29.0583,1910.41,239.0,99.0,0.0,6,11128,1,SOFT
699,29.0999,1913.2,240.0,99.0,0.0,6,11193,1,SOFT
700,29.1421,1916.02,241.0,99.0,0.0,6,11256,1,SOFT
701,29.1839,1918.86,241.8,99.0,0.0,6,11273,1,SOFT
702,29.2255,1921.71,242.5,99.0,0.0,6,11290,1,SOFT
703,29.267,1924.55,243.3,99.0,0.0,6,11307,1,SOFT
704,29.3086,1927.39,244.0,99.0,0.0,6,11323,1,SOFT
705,29.3502,1930.24,244.8,99.0,0.0,6,11340,1,SOFT
706,29.392,1933.1,245.5,99.0,0.0,6,11357,1,SOFT
707,29.4338,1935.96,246.2,99.0,0.0,6,11373,1,SOFT
708,29.4754,1938.82,246.7,99.0,0.0,6,11388,1,SOFT
709,29.517,1941.69,247.2,99.0,0.0,6,11403,1,SOFT
710,29.5592,1944.59,247.8,99.0,0.0,6,11418,1,SOFT
711,29.601,1947.51,248.3,99.0,0.0,6,11380,1,SOFT
712,29.6425,1950.42,249.0,99.0,0.0,6,11295,1,SOFT
713,29.684,1953.33,249.6,99.0,0.0,6,11211,1,SOFT
714,29.7256,1956.24,250.3,99.0,0.0,6,11126,1,SOFT
715,29.7672,1959.16,250.9,99.0,0.0,6,11042,1,SOFT
716,29.8092,1962.11,251.6,99.0,0.0,6,10956,1,SOFT
717,29.851,1965.05,252.3,99.0,0.0,6,10871,1,SOFT
718,29.8926,1968.0,252.9,99.0,0.0,6,10787,1,SOFT
719,29.9341,1970.95,253.5,99.0,0.0,6,10740,1,SOFT
720,29.9759,1973.94,254.2,99.0,0.0,6,10700,1,SOFT
721,30.0177,1976.92,254.8,99.0,0.0,6,10660,1,SOFT
722,30.0592,1979.9,255.4,99.0,0.0,6,10620,1,SOFT
723,30.1008,1982.89,256.0,99.0,0.0,6,10580,1,SOFT
724,30.1426,1985.89,256.7,99.0,0.0,6,10540,1,SOFT
725,30.1847,1988.94,257.3,99.0,0.0,6,10500,1,SOFT
726,30.2266,1991.98,257.9,99.0,0.0,6,10459,1,SOFT
727,30.2685,1995.02,258.5,99.0,0.0,7,10419,1,SOFT
728,30.3103,1998.06,259.2,99.0,0.0,7,10397,1,SOFT
729,30.3518,2001.1,259.9,99.1,0.0,7,10422,1,SOFT
730,30.3933,2004.15,260.7,99.2,0.0,7,10448,1,SOFT
731,30.4348,2007.2,261.4,99.3,0.0,7,10473,1,SOFT
732,30.4762,2010.26,262.1,99.4,0.0,7,10498,1,SOFT
733,30.5175,2013.32,262.8,99.5,0.0,7,10523,1,SOFT
734,30.5588,2016.39,263.5,99.6,0.0,7,10549,1,SOFT
735,30.6005,2019.48,264.3,99.8,0.0,7,10574,1,SOFT
736,30.6424,2022.59,265.0,99.9,0.0,7,10600,1,SOFT
737,30.6843,2025.7,265.7,100.0,0.0,7,10625,1,SOFT
738,30.7261,2028.81,266.3,100.0,0.0,7,10648,1,SOFT
739,30.7677,2031.93,266.7,100.0,0.0,7,10669,1,SOFT
740,30.8095,2035.05,267.1,100.0,0.0,7,10690,1,SOFT
741,30.8512,2038.17,267.5,100.0,0.0,7,10712,1,SOFT
742,30.893,2041.3,267.9,100.0,0.0,7,10733,1,SOFT
743,30.9346,2044.42,268.4,100.0,0.0,7,10754,1,SOFT
744,30.9762,2047.55,268.8,100.0,0.0,7,10775,1,SOFT
745,31.0177,2050.67,269.2,100.0,0.0,7,10797,1,SOFT
746,31.0593,2053.8,269.6,100.0,0.0,7,10818,1,SOFT
747,31.1011,2056.95,270.0,100.0,0.0,7,10839,1,SOFT
748,31.1427,2060.09,270.5,100.0,0.0,7,10859,1,SOFT
749,31.1843,2063.24,271.1,100.0,0.0,7,10879,1,SOFT
750,31.226,2066.38,271.6,100.0,0.0,7,10898,1,SOFT
751,31.2676,2069.53,272.1,100.0,0.0,7,10916,1,SOFT
752,31.3093,2072.7,272.5,100.0,0.0,7,10925,1,SOFT
753,31.351,2075.87,272.9,100.0,0.0,7,10935,1,SOFT
754,31.3926,2079.04,273.3,100.0,0.0,7,10944,1,SOFT
755,31.4342,2082.21,273.8,100.0,0.0,7,10953,1,SOFT
756,31.4759,2085.39,274.1,100.0,0.0,7,10962,1,SOFT
757,31.5175,2088.57,274.2,100.0,0.0,7,10970,1,SOFT
758,31.5592,2091.75,274.4,100.0,0.0,7,10979,1,SOFT
759,31.6008,2094.93,274.6,100.0,0.0,7,10987,1,SOFT
760,31.6426,2098.12,274.8,100.0,0.0,7,10995,1,SOFT
761,31.6846,2101.32,274.9,100.0,0.0,7,11003,1,SOFT
762,31.7261,2104.53,275.2,100.0,0.0,7,11014,1,SOFT
763,31.7676,2107.73,275.6,100.0,0.0,7,11027,1,SOFT
764,31.8092,2110.95,275.9,100.0,0.0,7,11040,1,SOFT
765,31.8509,2114.18,276.3,100.0,0.0,7,11053,1,SOFT
766,31.8927,2117.4,276.6,100.0,0.0,7,11066,1,SOFT
767,31.9343,2120.63,277.0,100.0,0.0,7,11079,1,SOFT
768,31.9759,2123.85,277.3,100.0,0.0,7,11091,1,SOFT
769,32.0174,2127.08,277.7,100.0,0.0,7,11104,1,SOFT
770,32.059,2130.31,278.0,100.0,0.0,7,11117,1,SOFT
771,32.1006,2133.54,278.3,100.0,0.0,7,11130,1,SOFT
772,32.1422,2136.78,278.7,100.0,0.0,7,11143,1,SOFT
773,32.1839,2140.01,279.0,100.0,0.0,7,11155,1,SOFT
774,32.2256,2143.24,279.0,100.0,0.0,7,11164,1,SOFT
775,32.2674,2146.48,279.0,100.0,0.0,7,11173,1,SOFT
776,32.3091,2149.71,279.0,100.0,0.0,7,11182,1,SOFT
777,32.3507,2152.95,279.1,100.0,0.0,7,11192,1,SOFT
778,32.3922,2156.19,279.7,100.0,0.0,7,11203,1,SOFT
779,32.4339,2159.44,280.2,100.0,0.0,7,11213,1,SOFT
780,32.4756,2162.69,280.7,100.0,0.0,7,11224,1,SOFT
781,32.5173,2165.95,281.1,100.0,0.0,7,11236,1,SOFT
782,32.559,2169.21,281.2,100.0,0.0,7,11250,1,SOFT
783,32.6006,2172.48,281.4,100.0,0.0,7,11264,1,SOFT
784,32.6423,2175.74,281.6,100.0,0.0,7,11278,1,SOFT
785,32.6839,2179.0,281.8,100.0,0.0,7,11291,1,SOFT
786,32.7255,2182.26,281.9,100.0,0.0,7,11305,1,SOFT
787,32.767,2185.52,282.2,100.0,0.0,7,11310,1,SOFT
788,32.8086,2188.79,282.4,100.0,0.0,7,11310,1,SOFT
789,32.8502,2192.07,282.7,100.0,0.0,7,11310,1,SOFT
790,32.8919,2195.34,283.0,100.0,0.0,7,11310,1,SOFT
791,32.9336,2198.62,283.0,100.0,0.0,7,11314,1,SOFT
792,32.9752,2201.89,283.0,100.0,0.0,7,11318,1,SOFT
793,33.0169,2205.17,283.0,100.0,0.0,7,11322,1,SOFT
794,33.0585,2208.44,283.0,100.0,0.0,7,11327,1,SOFT
795,33.1003,2211.73,283.2,100.0,0.0,7,11337,1,SOFT
796,33.142,2215.02,283.3,100.0,0.0,7,11347,1,SOFT
797,33.1837,2218.31,283.5,100.0,0.0,7,11357,1,SOFT
798,33.2254,2221.6,283.7,100.0,0.0,7,11367,1,SOFT
799,33.2672,2224.9,283.9,100.0,0.0,7,11377,1,SOFT
800,33.309,2228.2,284.0,100.0,0.0,7,11385,1,SOFT
801,33.3507,2231.5,284.2,100.0,0.0,7,11386,1,SOFT
802,33.3924,2234.8,284.3,100.0,0.0,7,11387,1,SOFT
803,33.4341,2238.1,284.5,100.0,0.0,7,11388,1,SOFT
804,33.4758,2241.41,284.6,100.0,0.0,7,11389,1,SOFT
805,33.5176,2244.71,284.8,100.0,0.0,7,11390,1,SOFT
806,33.5593,2248.02,284.9,100.0,0.0,7,11391,1,SOFT
807,33.601,2251.33,285.1,100.0,0.0,7,11398,1,SOFT
808,33.6427,2254.64,285.3,100.0,0.0,7,11413,1,SOFT
809,33.6843,2257.95,285.6,100.0,0.0,7,11427,1,SOFT
810,33.7259,2261.26,285.8,100.0,0.0,7,11442,1,SOFT
811,33.7674,2264.57,286.0,100.0,0.0,7,11456,1,SOFT
812,33.8089,2267.89,286.3,100.0,0.0,7,11471,1,SOFT
813,33.8505,2271.21,286.5,100.0,0.0,7,11485,1,SOFT
814,33.8922,2274.54,286.7,100.0,0.0,7,11499,1,SOFT
815,33.9338,2277.86,287.0,100.0,0.0,7,11514,1,SOFT
816,33.9754,2281.19,287.3,100.0,0.0,7,11521,1,SOFT
817,34.0168,2284.52,287.6,100.0,0.0,7,11527,1,SOFT
818,34.0583,2287.85,287.8,100.0,0.0,7,11533,1,SOFT
819,34.0998,2291.18,288.1,100.0,0.0,7,11538,1,SOFT
820,34.1414,2294.52,288.4,100.0,0.0,7,11544,1,SOFT
821,34.1831,2297.87,288.7,100.0,0.0,7,11550,1,SOFT
822,34.2247,2301.21,289.0,100.0,0.0,7,11556,1,SOFT
823,34.2663,2304.56,289.1,100.0,0.0,7,11565,1,SOFT
824,34.3079,2307.91,289.2,100.0,0.0,7,11574,1,SOFT
825,34.3495,2311.26,289.4,100.0,0.0,7,11583,1,SOFT
826,34.3912,2314.62,289.5,100.0,0.0,7,11592,1,SOFT
827,34.4329,2317.97,289.6,100.0,0.0,7,11601,1,SOFT
828,34.4745,2321.33,289.7,100.0,0.0,7,11609,1,SOFT
829,34.5163,2324.69,289.8,100.0,0.0,7,11618,1,SOFT
830,34.558,2328.06,289.9,100.0,0.0,7,11627,1,SOFT
831,34.5996,2331.43,290.2,100.0,0.0,7,11624,1,SOFT
832,34.6412,2334.8,290.5,100.0,0.0,7,11606,1,SOFT
833,34.6828,2338.17,290.9,100.0,0.0,7,11589,1,SOFT
834,34.7245,2341.55,291.2,100.0,0.0,7,11571,1,SOFT
835,34.7661,2344.93,291.6,100.0,0.0,7,11554,1,SOFT
836,34.8078,2348.31,291.9,100.0,0.0,7,11536,1,SOFT
837,34.8494,2351.7,292.1,100.0,0.0,7,11383,1,SOFT
838,34.8911,2355.08,292.3,100.0,0.0,7,11174,1,SOFT
839,34.9327,2358.47,292.5,100.0,0.0,7,10966,1,SOFT
840,34.9743,2361.86,292.6,100.0,0.0,8,10757,1,SOFT
841,35.016,2365.25,292.8,100.0,0.0,8,10549,1,SOFT
842,35.0576,2368.64,293.0,100.0,0.0,8,10340,1,SOFT
843,35.0993,2372.04,293.2,100.0,0.0,8,10342,1,SOFT
844,35.1409,2375.44,293.5,100.0,0.0,8,10355,1,SOFT
845,35.1824,2378.83,293.8,100.0,0.0,8,10368,1,SOFT
846,35.224,2382.23,294.0,100.0,0.0,8,10380,1,SOFT
847,35.2657,2385.63,294.0,100.0,0.0,8,10384,1,SOFT
848,35.3074,2389.04,294.0,100.0,0.0,8,10388,1,SOFT
849,35.3491,2392.44,294.0,100.0,0.0,8,10392,1,SOFT
850,35.3909,2395.85,294.0,100.0,0.0,8,10396,1,SOFT
851,35.4326,2399.26,294.0,100.0,0.0,8,10400,1,SOFT
852,35.4742,2402.67,294.1,100.0,0.0,8,10404,1,SOFT
853,35.5158,2406.09,294.3,100.0,0.0,8,10410,1,SOFT
854,35.5573,2409.51,294.5,100.0,0.0,8,10416,1,SOFT
855,35.5989,2412.93,294.7,100.0,0.0,8,10421,1,SOFT
856,35.6405,2416.35,294.9,100.0,0.0,8,10427,1,SOFT
857,35.6821,2419.77,295.1,100.0,0.0,8,10433,1,SOFT
858,35.7237,2423.19,295.3,100.0,0.0,8,10439,1,SOFT
859,35.7654,2426.61,295.5,100.0,0.0,8,10445,1,SOFT
860,35.8071,2430.04,295.7,100.0,0.0,8,10451,1,SOFT
861,35.8488,2433.47,295.9,100.0,0.0,8,10456,1,SOFT
862,35.8905,2436.9,296.0,100.0,0.0,8,10457,1,SOFT
863,35.9322,2440.33,296.0,100.0,0.0,8,10456,1,SOFT
864,35.9739,2443.75,296.0,100.0,0.0,8,10454,1,SOFT
865,36.0155,2447.18,296.0,100.0,0.0,8,10453,1,SOFT
866,36.0571,2450.61,296.2,100.0,0.0,8,10458,1,SOFT
867,36.0987,2454.03,296.3,100.0,0.0,8,10463,1,SOFT
868,36.1402,2457.46,296.5,100.0,0.0,8,10468,1,SOFT
869,36.1817,2460.88,296.7,100.0,0.0,8,10473,1,SOFT
870,36.2232,2464.31,296.9,100.0,0.0,8,10478,1,SOFT
871,36.2647,2467.73,297.0,100.0,0.0,8,10482,1,SOFT
872,36.3062,2471.16,297.0,100.0,0.0,8,10481,1,SOFT
873,36.3477,2474.58,297.0,100.0,0.0,8,10480,1,SOFT
874,36.3892,2478.01,297.0,100.0,0.0,8,10479,1,SOFT
875,36.4308,2481.44,297.0,100.0,0.0,8,10478,1,SOFT
876,36.4723,2484.86,297.0,100.0,0.0,8,10477,1,SOFT
877,36.5139,2488.29,297.0,100.0,0.0,8,10476,1,SOFT
878,36.5555,2491.73,297.0,100.0,0.0,8,10475,1,SOFT
879,36.5972,2495.16,297.0,100.0,0.0,8,10474,1,SOFT
880,36.6388,2498.6,297.0,100.0,0.0,8,10477,1,SOFT
881,36.6805,2502.04,297.0,100.0,0.0,8,10485,1,SOFT
882,36.7223,2505.49,297.0,100.0,0.0,8,10493,2,SOFT
883,36.7641,2508.94,297.0,100.0,0.0,8,10501,2,SOFT
884,36.806,2512.39,297.0,100.0,0.0,8,10509,2,SOFT
885,36.8478,2515.84,297.0,100.0,0.0,8,10519,2,SOFT
886,36.8896,2519.29,297.0,100.0,0.0,8,10529,2,SOFT
887,36.9315,2522.74,297.0,100.0,0.0,8,10540,2,SOFT
888,36.9739,2526.24,297.0,100.0,0.0,8,10550,2,SOFT
889,37.0159,2529.71,297.0,100.0,0.0,8,10560,2,SOFT
890,37.0575,2533.17,297.4,100.0,0.0,8,10570,2,SOFT
891,37.0991,2536.64,297.8,100.0,0.0,8,10580,2,SOFT
892,37.1407,2540.11,298.2,100.0,0.0,8,10591,2,SOFT
893,37.1824,2543.58,298.6,100.0,0.0,8,10601,2,SOFT
894,37.2242,2547.07,299.1,100.0,0.0,8,10611,2,SOFT
895,37.2662,2550.57,299.5,100.0,0.0,8,10621,2,SOFT
896,37.3078,2554.07,299.9,100.0,0.0,8,10631,2,SOFT
897,37.3495,2557.57,300.3,100.0,0.0,8,10641,2,SOFT
898,37.3911,2561.07,300.7,100.0,0.0,8,10651,2,SOFT
899,37.4327,2564.57,301.1,100.0,0.0,8,10661,2,SOFT
900,37.4742,2568.06,301.5,100.0,0.0,8,10671,2,SOFT
901,37.5156,2571.57,301.8,100.0,0.0,8,10681,2,SOFT
902,37.5572,2575.07,302.2,100.0,0.0,8,10690,2,SOFT
903,37.5987,2578.58,302.5,100.0,0.0,8,10700,2,SOFT
904,37.6401,2582.09,302.8,100.0,0.0,8,10710,2,SOFT
905,37.6814,2585.59,303.2,100.0,0.0,8,10719,2,SOFT
906,37.7229,2589.12,303.5,100.0,0.0,8,10729,2,SOFT
907,37.7645,2592.65,303.9,100.0,0.0,8,10739,2,SOFT
908,37.8061,2596.18,304.2,100.0,0.0,8,10748,2,SOFT
909,37.8477,2599.72,304.6,100.0,0.0,8,10758,2,SOFT
910,37.8893,2603.25,304.9,100.0,0.0,8,10768,2,SOFT
911,37.9309,2606.8,305.3,99.8,0.0,8,10761,2,SOFT
912,37.9726,2610.36,305.7,99.6,0.0,8,10749,2,SOFT
913,38.0144,2613.91,306.2,99.4,0.0,8,10738,2,SOFT
914,38.0561,2617.47,306.6,99.2,0.0,8,10726,2,SOFT
915,38.0978,2621.02,307.0,99.0,0.0,8,10714,2,SOFT
916,38.1395,2624.58,307.0,99.0,0.0,8,10749,2,SOFT
917,38.1812,2628.14,307.0,99.0,0.0,8,10784,2,SOFT
918,38.223,2631.7,307.0,99.0,0.0,8,10820,2,SOFT
919,38.2647,2635.27,307.0,99.0,0.0,8,10851,2,SOFT
920,38.3062,2638.83,307.3,99.0,0.0,8,10860,2,SOFT
921,38.3478,2642.4,307.6,99.0,0.0,8,10868,2,SOFT
922,38.3894,2645.97,307.9,99.0,0.0,8,10877,2,SOFT
923,38.431,2649.54,308.2,99.0,0.0,8,10886,2,SOFT
924,38.4727,2653.11,308.5,99.0,0.0,8,10894,2,SOFT
925,38.5143,2656.69,308.8,99.0,0.0,8,10903,2,SOFT
926,38.5559,2660.27,309.1,99.0,0.0,8,10911,2,SOFT
927,38.5976,2663.85,309.3,99.0,0.0,8,10917,2,SOFT
928,38.6392,2667.44,309.5,99.0,0.0,8,10924,2,SOFT
929,38.6809,2671.03,309.7,99.0,0.0,8,10930,2,SOFT
930,38.7226,2674.62,309.9,99.0,0.0,8,10936,2,SOFT
931,38.7642,2678.2,310.1,99.0,0.0,8,10943,2,SOFT
932,38.8057,2681.79,310.3,99.0,0.0,8,10948,2,SOFT
933,38.8474,2685.39,310.5,99.0,0.0,8,10954,2,SOFT
934,38.8891,2688.99,310.8,99.0,0.0,8,10960,2,SOFT
935,38.9307,2692.59,311.0,99.0,0.0,8,10966,2,SOFT
936,38.9724,2696.19,311.0,99.0,0.0,8,10972,2,SOFT
937,39.0141,2699.79,311.0,99.0,0.0,8,10978,2,SOFT
938,39.0557,2703.39,311.0,99.0,0.0,8,10985,2,SOFT
939,39.0974,2706.99,311.0,99.0,0.0,8,10991,2,SOFT
940,39.1389,2710.59,311.2,99.0,0.0,8,10993,2,SOFT
941,39.1806,2714.2,311.4,99.0,0.0,8,10994,2,SOFT
942,39.2222,2717.81,311.6,99.0,0.0,8,10996,2,SOFT
943,39.2639,2721.41,311.8,99.0,0.0,8,10998,2,SOFT
944,39.3054,2725.02,312.0,99.0,0.0,8,10999,2,SOFT
945,39.347,2728.63,312.2,99.0,0.0,8,11002,2,SOFT
946,39.3885,2732.24,312.4,99.0,0.0,8,11004,2,SOFT
947,39.43,2735.85,312.5,99.0,0.0,8,11006,2,SOFT
948,39.4716,2739.46,312.7,99.0,0.0,8,11008,2,SOFT
949,39.5132,2743.09,312.9,99.0,0.0,8,11011,2,SOFT
950,39.555,2746.72,313.0,99.0,0.0,8,11012,2,SOFT
951,39.5967,2750.35,313.0,99.0,0.0,8,11012,2,SOFT
952,39.6384,2753.98,313.0,99.0,0.0,8,11012,2,SOFT
953,39.6802,2757.6,313.0,99.0,0.0,8,11012,2,SOFT
954,39.7219,2761.24,313.1,99.0,0.0,8,11018,2,SOFT
955,39.7636,2764.87,313.3,99.0,0.0,8,11028,2,SOFT
956,39.8052,2768.5,313.4,99.0,0.0,8,11038,2,SOFT
957,39.8469,2772.14,313.6,99.0,0.0,8,11049,2,SOFT
958,39.8886,2775.78,313.8,99.0,0.0,8,11059,2,SOFT
959,39.9303,2779.41,314.0,99.0,0.0,8,11070,2,SOFT
960,39.972,2783.05,314.0,99.0,0.0,8,11074,2,SOFT
961,40.0137,2786.69,314.0,99.0,0.0,8,11078,2,SOFT
962,40.0554,2790.33,314.0,99.0,0.0,8,11081,2,SOFT
963,40.0971,2793.96,314.0,99.0,0.0,8,11084,2,SOFT
964,40.1387,2797.6,314.2,99.2,0.0,8,11084,2,SOFT
965,40.1802,2801.24,314.5,99.5,0.0,8,11085,2,SOFT
966,40.2218,2804.87,314.8,99.8,0.0,8,11086,2,SOFT
967,40.2633,2808.51,315.0,100.0,0.0,8,11086,2,SOFT
968,40.3049,2812.15,315.3,99.7,0.0,8,11092,2,SOFT
969,40.3464,2815.8,315.5,99.5,0.0,8,11097,2,SOFT
970,40.3879,2819.44,315.8,99.2,0.0,8,11103,2,SOFT
971,40.4294,2823.09,316.0,99.0,0.0,8,11108,2,SOFT
972,40.4711,2826.73,315.8,99.0,0.0,8,11110,2,SOFT
973,40.5127,2830.38,315.6,99.0,0.0,8,11113,2,SOFT
974,40.5544,2834.02,315.4,99.0,0.0,8,11116,2,SOFT
975,40.5961,2837.67,315.3,99.0,0.0,8,11119,2,SOFT
976,40.6378,2841.32,315.1,99.0,0.0,8,11122,2,SOFT
977,40.6795,2844.97,315.0,99.0,0.0,8,11122,2,SOFT
978,40.7212,2848.62,315.0,99.0,0.0,8,11119,2,SOFT
979,40.7629,2852.26,315.0,99.0,0.0,8,11117,2,SOFT
980,40.8046,2855.91,315.0,99.0,0.0,8,11114,2,SOFT
981,40.8463,2859.56,315.0,99.0,0.0,8,11111,2,SOFT
982,40.888,2863.21,315.0,99.0,0.0,8,11109,2,SOFT
983,40.9296,2866.86,315.1,99.0,0.0,8,11111,2,SOFT
984,40.9712,2870.5,315.2,99.0,0.0,8,11114,2,SOFT
985,41.0128,2874.15,315.3,99.0,0.0,8,11118,2,SOFT
986,41.0544,2877.8,315.4,99.0,0.0,8,11122,2,SOFT
987,41.096,2881.45,315.4,99.0,0.0,8,11126,2,SOFT
988,41.1376,2885.1,315.5,99.0,0.0,8,11130,2,SOFT
989,41.1792,2888.75,315.6,99.0,0.0,8,11133,2,SOFT
990,41.2208,2892.41,315.7,99.0,0.0,8,11137,2,SOFT
991,41.2625,2896.07,315.8,99.0,0.0,8,11141,2,SOFT
992,41.3041,2899.73,315.9,99.0,0.0,8,11145,2,SOFT
993,41.3458,2903.39,316.0,99.0,0.0,8,11147,2,SOFT
994,41.3874,2907.06,316.1,99.0,0.0,8,11144,2,SOFT
995,41.429,2910.72,316.2,99.0,0.0,8,11140,2,SOFT
996,41.4707,2914.39,316.3,99.0,0.0,8,11137,2,SOFT
997,41.5123,2918.06,316.4,99.0,0.0,8,11133,2,SOFT
998,41.554,2921.72,316.5,99.0,0.0,8,11130,2,SOFT
999,41.5956,2925.39,316.6,99.0,0.0,8,11126,2,SOFT
1000,41.6372,2929.05,316.7,99.0,0.0,8,11122,2,SOFT
1001,41.6788,2932.72,316.8,99.0,0.0,8,11119,2,SOFT
1002,41.7205,2936.38,316.9,99.0,0.0,8,11115,2,SOFT
1003,41.7621,2940.05,317.0,99.0,0.0,8,11112,2,SOFT
1004,41.8037,2943.72,317.0,99.0,0.0,8,11116,2,SOFT
1005,41.8453,2947.38,317.0,99.0,0.0,8,11126,2,SOFT
1006,41.887,2951.05,317.0,99.0,0.0,8,11136,2,SOFT
1007,41.9286,2954.71,317.0,99.0,0.0,8,11146,2,SOFT
1008,41.9702,2958.38,317.0,99.0,0.0,8,11156,2,SOFT
1009,42.0119,2962.05,317.0,99.0,0.0,8,11166,2,SOFT
1010,42.0535,2965.71,317.0,99.0,0.0,8,11176,2,SOFT
1011,42.0951,2969.37,317.0,99.0,0.0,8,11184,2,SOFT
1012,42.1366,2973.03,317.0,99.0,0.0,8,11191,2,SOFT
1013,42.1782,2976.69,317.0,99.0,0.0,8,11198,2,SOFT
1014,42.2198,2980.35,317.0,99.0,0.0,8,11204,2,SOFT
1015,42.2613,2984.01,317.0,99.0,0.0,8,11211,2,SOFT
1016,42.3029,2987.68,317.0,99.0,0.0,8,11205,2,SOFT
1017,42.3446,2991.35,317.0,99.0,0.0,8,11199,2,SOFT
1018,42.3863,2995.02,317.0,99.0,0.0,8,11193,2,SOFT
1019,42.428,2998.69,317.0,99.0,0.0,8,11187,2,SOFT
1020,42.4698,3002.37,317.0,99.0,0.0,8,11183,2,SOFT
1021,42.5115,3006.04,317.0,99.0,0.0,8,11190,2,SOFT
1022,42.5533,3009.71,317.0,99.0,0.0,8,11196,2,SOFT
1023,42.595,3013.39,317.0,99.0,0.0,8,11202,2,SOFT
1024,42.6367,3017.06,317.0,99.0,0.0,8,11209,2,SOFT
1025,42.6783,3020.73,317.0,99.0,0.0,8,11215,2,SOFT
1026,42.72,3024.4,317.0,99.0,0.0,8,11221,2,SOFT
1027,42.7617,3028.08,317.3,99.0,0.0,8,11224,2,SOFT
1028,42.8033,3031.77,317.8,99.0,0.0,8,11224,2,SOFT
1029,42.8448,3035.45,318.3,99.0,0.0,8,11224,2,SOFT
1030,42.8864,3039.13,318.8,99.0,0.0,8,11224,2,SOFT
1031,42.9279,3042.82,319.0,99.0,0.0,8,11226,2,SOFT
1032,42.9696,3046.51,319.0,99.0,0.0,8,11228,2,SOFT
1033,43.0112,3050.19,319.0,99.0,0.0,8,11231,2,SOFT
1034,43.0528,3053.88,319.0,99.0,0.0,8,11233,2,SOFT
1035,43.0944,3057.57,319.0,99.0,0.0,8,11236,2,SOFT
1036,43.1361,3061.26,319.0,99.0,0.0,8,11238,2,SOFT
1037,43.1777,3064.95,319.0,99.0,0.0,8,11241,2,SOFT
1038,43.2193,3068.64,319.0,99.0,0.0,8,11243,2,SOFT
1039,43.261,3072.32,319.0,99.0,0.0,8,11242,2,SOFT
1040,43.3026,3076.01,319.0,99.0,0.0,8,11241,2,SOFT
1041,43.3442,3079.7,319.0,99.0,0.0,8,11240,2,SOFT
1042,43.3859,3083.39,319.0,99.0,0.0,8,11238,2,SOFT
1043,43.4275,3087.08,319.0,99.0,0.0,8,11237,2,SOFT
1044,43.4691,3090.77,319.0,99.0,0.0,8,11236,2,SOFT
1045,43.5108,3094.46,319.0,99.0,0.0,8,11235,2,SOFT
1046,43.5524,3098.15,319.0,99.0,0.0,8,11234,2,SOFT
1047,43.594,3101.84,319.0,99.0,0.0,8,11233,2,SOFT
1048,43.6357,3105.53,319.0,99.0,0.0,8,11232,2,SOFT
1049,43.6773,3109.22,319.0,99.0,0.0,8,11230,2,SOFT
1050,43.7189,3112.9,319.0,99.0,0.0,8,11228,2,SOFT
1051,43.7603,3116.57,319.0,99.0,0.0,8,11227,2,SOFT
1052,43.8016,3120.24,319.0,99.0,0.0,8,11225,2,SOFT
1053,43.843,3123.91,319.0,99.0,0.0,8,11223,2,SOFT
1054,43.8844,3127.58,319.0,99.0,0.0,8,11222,2,SOFT
1055,43.9258,3131.24,319.0,99.0,0.0,8,11220,2,SOFT
1056,43.9671,3134.9,319.0,99.0,0.0,8,11218,2,SOFT
1057,44.0084,3138.55,319.0,99.0,0.0,8,11216,2,SOFT
1058,44.0497,3142.21,318.8,99.0,0.0,8,11209,2,SOFT
1059,44.0911,3145.86,318.5,99.0,0.0,8,11200,2,SOFT
1060,44.1324,3149.51,318.3,99.0,0.0,8,11191,2,SOFT
1061,44.1737,3153.16,318.0,99.0,0.0,8,11182,2,SOFT
1062,44.215,3156.8,317.9,99.0,0.0,8,11179,2,SOFT
1063,44.2565,3160.45,317.7,99.0,0.0,8,11178,2,SOFT
1064,44.2979,3164.1,317.6,99.0,0.0,8,11176,2,SOFT
1065,44.3393,3167.74,317.4,99.0,0.0,8,11174,2,SOFT
1066,44.3818,3171.48,317.3,99.0,0.0,8,11172,2,SOFT
1067,44.4233,3175.13,317.1,99.0,0.0,8,11171,2,SOFT
1068,44.4648,3178.79,317.0,96.7,0.0,8,11163,2,SOFT
1069,44.5063,3182.45,317.0,80.6,0.0,8,11119,2,SOFT
1070,44.548,3186.12,317.0,64.4,0.0,8,11075,2,SOFT
1071,44.59,3189.82,317.0,48.2,0.0,8,11030,2,SOFT
1072,44.6316,3193.45,316.3,35.8,0.0,8,11013,2,SOFT
1073,44.6741,3197.07,314.0,31.9,0.0,8,11055,2,SOFT
1074,44.7173,3200.7,311.6,27.9,0.0,8,11098,2,SOFT
1075,44.7619,3204.32,309.1,23.8,0.0,8,11143,2,SOFT
1076,44.806,3207.9,306.7,19.7,0.0,8,11187,2,SOFT
1077,44.8483,3211.34,304.4,15.8,0.0,8,11229,2,SOFT
1078,44.8896,3214.7,302.1,12.0,0.0,8,11271,2,SOFT
1079,44.931,3218.06,299.8,8.1,0.0,8,11312,2,SOFT
1080,44.9724,3221.43,297.6,4.3,0.0,8,11354,2,SOFT
1081,45.0143,3224.78,295.3,0.4,0.9,8,11395,1,SOFT
1082,45.0554,3228.01,292.3,0.0,1.0,8,11509,1,SOFT
1083,45.0956,3231.17,289.2,0.0,1.0,8,11629,1,SOFT
1084,45.1352,3234.28,286.3,0.0,1.0,7,11747,1,SOFT
1085,45.1748,3237.4,283.3,0.0,1.0,7,11865,1,SOFT
1086,45.2151,3240.51,281.6,1.1,1.0,7,11966,1,SOFT
1087,45.2556,3243.63,279.9,2.3,0.9,7,12067,1,SOFT
1088,45.2966,3246.74,278.3,3.5,0.6,7,12168,1,SOFT
1089,45.3376,3249.86,276.7,4.8,0.3,7,12269,1,SOFT
1090,45.3785,3252.97,275.0,6.0,0.0,7,12370,1,SOFT
1091,45.4197,3256.06,273.7,11.0,0.0,7,12315,1,SOFT
1092,45.4613,3259.12,272.3,16.0,0.0,7,12259,1,SOFT
1093,45.5029,3262.19,271.0,21.1,0.0,7,12202,1,SOFT
1094,45.5446,3265.26,269.7,26.1,0.0,6,12146,1,SOFT
1095,45.5862,3268.33,268.3,31.2,0.0,6,12089,1,SOFT
1096,45.6273,3271.35,267.0,36.2,0.0,6,12033,1,SOFT
1097,45.6684,3274.37,265.8,41.5,0.0,6,11984,1,SOFT
1098,45.7101,3277.39,264.7,47.9,0.0,6,11955,1,SOFT
1099,45.7518,3280.4,263.7,54.3,0.0,6,11927,1,SOFT
1100,45.7935,3283.42,262.6,60.7,0.0,6,11898,1,SOFT
1101,45.8352,3286.43,261.6,67.1,0.0,6,11870,1,SOFT
1102,45.8769,3289.43,260.6,73.5,0.0,6,11842,1,SOFT
1103,45.9185,3292.43,260.0,77.8,0.0,6,11839,1,SOFT
1104,45.9601,3295.44,260.0,79.6,0.0,6,11867,1,SOFT
1105,46.0017,3298.45,260.0,81.5,0.0,6,11895,1,SOFT
1106,46.0432,3301.44,260.0,83.3,0.0,6,11923,1,SOFT
1107,46.0848,3304.44,259.9,85.6,0.0,6,11934,1,SOFT
1108,46.1265,3307.43,259.7,88.2,0.0,6,11935,1,SOFT
1109,46.1681,3310.43,259.5,90.8,0.0,6,11936,1,SOFT
1110,46.2099,3313.43,259.4,93.4,0.0,6,11937,1,SOFT
1111,46.2517,3316.44,259.2,96.0,0.0,6,11937,1,SOFT
1112,46.2934,3319.44,259.0,98.6,0.0,6,11938,1,SOFT
1113,46.335,3322.47,259.4,93.7,0.0,6,11715,1,SOFT
1114,46.3766,3325.5,260.0,87.5,0.0,6,11452,1,SOFT
1115,46.4183,3328.53,260.5,81.2,0.0,6,11189,1,SOFT
1116,46.4599,3331.56,261.0,75.0,0.0,6,10926,1,SOFT
1117,46.5015,3334.59,261.5,68.8,0.0,6,10663,1,SOFT
1118,46.543,3337.61,262.0,63.1,0.0,6,10420,1,SOFT
1119,46.5846,3340.62,261.7,64.7,0.0,6,10416,1,SOFT
1120,46.626,3343.61,261.4,66.2,0.0,6,10413,1,SOFT
1121,46.6675,3346.6,261.0,67.8,0.0,6,10409,1,SOFT
1122,46.7092,3349.6,260.7,69.4,0.0,6,10406,1,SOFT
1123,46.7509,3352.59,260.4,70.9,0.0,6,10403,1,SOFT
1124,46.7925,3355.58,260.1,72.5,0.0,7,10399,1,SOFT
1125,46.8341,3358.56,259.8,74.0,0.0,7,10396,1,SOFT
1126,46.8752,3361.52,259.5,75.6,0.0,7,10392,1,SOFT
1127,46.9163,3364.46,259.2,77.1,0.0,7,10389,1,SOFT
1128,46.9574,3367.41,258.9,78.7,0.0,7,10387,1,SOFT
1129,46.9987,3370.36,258.5,80.2,0.0,7,10388,1,SOFT
1130,47.0401,3373.32,258.2,81.8,0.0,7,10388,1,SOFT
1131,47.0815,3376.27,257.8,83.3,0.0,7,10389,1,SOFT
1132,47.1229,3379.22,257.5,84.9,0.0,7,10389,1,SOFT
1133,47.1644,3382.19,257.1,86.4,0.0,7,10390,1,SOFT
1134,47.206,3385.15,256.9,87.0,0.0,7,10391,1,SOFT
1135,47.2476,3388.11,256.8,87.0,0.0,7,10391,1,SOFT
1136,47.2892,3391.08,256.7,87.0,0.0,7,10392,1,SOFT
1137,47.3308,3394.04,256.6,87.0,0.0,7,10393,1,SOFT
1138,47.3725,3397.0,256.5,87.0,0.0,7,10394,1,SOFT
1139,47.4142,3399.96,256.3,87.0,0.0,7,10395,1,SOFT
1140,47.4559,3402.93,256.2,87.0,0.0,7,10395,1,SOFT
1141,47.4976,3405.89,256.1,87.0,0.0,7,10396,1,SOFT
1142,47.5394,3408.85,256.0,87.0,0.0,7,10397,1,SOFT
1143,47.5812,3411.82,255.8,89.5,0.0,7,10388,1,SOFT
1144,47.623,3414.78,255.6,92.0,0.0,7,10379,1,SOFT
1145,47.6649,3417.75,255.4,94.5,0.0,7,10370,1,SOFT
1146,47.7069,3420.72,255.2,97.0,0.0,7,10361,1,SOFT
1147,47.7488,3423.7,255.1,99.0,0.0,7,10354,1,SOFT
1148,47.7905,3426.67,255.4,99.2,0.0,7,10354,1,SOFT
1149,47.8324,3429.66,255.7,99.3,0.0,7,10355,1,SOFT
1150,47.8743,3432.64,256.0,99.5,0.0,7,10355,1,SOFT
1151,47.9161,3435.63,256.3,99.6,0.0,7,10355,1,SOFT
1152,47.958,3438.62,256.6,99.8,0.0,7,10356,1,SOFT
1153,48.0003,3441.64,256.9,99.9,0.0,7,10356,1,SOFT
1154,48.0424,3444.68,257.4,99.9,0.0,7,10369,1,SOFT
1155,48.0842,3447.73,258.1,99.8,0.0,7,10394,1,SOFT
1156,48.1261,3450.77,258.9,99.6,0.0,7,10419,1,SOFT
1157,48.1679,3453.82,259.6,99.5,0.0,7,10444,1,SOFT
1158,48.2098,3456.86,260.4,99.3,0.0,7,10469,1,SOFT
1159,48.2517,3459.92,261.1,99.2,0.0,7,10493,1,SOFT
1160,48.2936,3462.97,261.9,99.0,0.0,7,10518,1,SOFT
1161,48.3352,3466.02,262.4,99.0,0.0,7,10535,1,SOFT
1162,48.3767,3469.07,263.0,99.0,0.0,7,10551,1,SOFT
1163,48.4182,3472.12,263.5,99.0,0.0,7,10566,1,SOFT
1164,48.4598,3475.18,264.0,99.0,0.0,7,10581,1,SOFT
1165,48.5013,3478.24,264.5,99.0,0.0,7,10597,1,SOFT
1166,48.5428,3481.3,265.0,99.0,0.0,7,10613,1,SOFT
1167,48.5844,3484.39,265.4,99.0,0.0,7,10637,1,SOFT
1168,48.6261,3487.47,265.9,99.0,0.0,7,10662,1,SOFT
1169,48.6681,3490.58,266.3,99.0,0.0,7,10687,1,SOFT
1170,48.71,3493.7,266.7,99.0,0.0,7,10711,1,SOFT
1171,48.7516,3496.81,267.2,99.0,0.0,7,10735,1,SOFT
1172,48.7932,3499.94,267.8,99.0,0.0,7,10757,1,SOFT
1173,48.8353,3503.11,268.5,99.0,0.0,7,10779,1,SOFT
1174,48.8774,3506.28,269.1,99.0,0.0,7,10800,1,SOFT
1175,48.9188,3509.46,269.8,99.0,0.0,7,10822,1,SOFT
1176,48.9602,3512.63,270.4,99.0,0.0,7,10843,1,SOFT
1177,49.0015,3515.8,271.0,99.0,0.0,7,10865,1,SOFT
1178,49.0432,3519.0,271.7,99.0,0.0,7,10887,1,SOFT
1179,49.0848,3522.2,272.3,99.0,0.0,7,10908,1,SOFT
1180,49.1265,3525.39,272.9,99.0,0.0,7,10930,1,SOFT
1181,49.1682,3528.59,273.6,99.0,0.0,7,10951,1,SOFT
1182,49.2099,3531.79,274.2,99.0,0.0,7,10973,1,SOFT
1183,49.2514,3534.99,274.9,99.0,0.0,7,10995,2,SOFT
1184,49.2927,3538.19,275.7,99.0,0.0,7,11023,2,SOFT
1185,49.334,3541.39,276.5,99.0,0.0,7,11053,2,SOFT
1186,49.3753,3544.59,277.3,99.0,0.0,7,11083,2,SOFT
1187,49.4173,3547.85,278.2,99.0,0.0,7,11114,2,SOFT
1188,49.4593,3551.1,279.0,99.0,0.0,7,11144,2,SOFT
1189,49.501,3554.36,279.4,99.1,0.0,7,11161,2,SOFT
1190,49.5428,3557.61,279.8,99.3,0.0,7,11178,2,SOFT
1191,49.5844,3560.87,280.2,99.4,0.0,7,11195,2,SOFT
1192,49.6259,3564.12,280.6,99.5,0.0,7,11212,2,SOFT
1193,49.6674,3567.39,281.0,99.7,0.0,7,11229,2,SOFT
1194,49.7092,3570.67,281.3,99.8,0.0,7,11246,2,SOFT
1195,49.7511,3573.95,281.7,99.9,0.0,7,11263,2,SOFT
1196,49.7928,3577.23,282.1,100.0,0.0,7,11282,2,SOFT
1197,49.8345,3580.52,282.6,100.0,0.0,7,11306,2,SOFT
1198,49.8763,3583.81,283.0,100.0,0.0,7,11330,2,SOFT
1199,49.9183,3587.14,283.4,100.0,0.0,7,11354,2,SOFT
1200,49.9604,3590.46,283.8,100.0,0.0,7,11378,2,SOFT
1201,50.0024,3593.78,284.1,100.0,0.0,7,11400,2,SOFT
1202,50.0444,3597.1,284.4,100.0,0.0,7,11420,2,SOFT
1203,50.0863,3600.42,284.7,100.0,0.0,7,11440,2,SOFT
1204,50.1283,3603.74,284.9,100.0,0.0,7,11461,2,SOFT
1205,50.17,3607.06,285.4,100.0,0.0,7,11482,2,SOFT
1206,50.2116,3610.38,286.0,100.0,0.0,7,11504,2,SOFT
1207,50.2529,3613.71,286.6,100.0,0.0,7,11526,2,SOFT
1208,50.2944,3617.05,287.2,100.0,0.0,7,11548,2,SOFT
1209,50.3359,3620.39,287.8,100.0,0.0,7,11570,2,SOFT
1210,50.3774,3623.72,288.4,100.0,0.0,7,11592,2,SOFT
1211,50.4189,3627.06,289.0,100.0,0.0,7,11614,2,SOFT
1212,50.4602,3630.4,289.4,100.0,0.0,7,11533,2,SOFT
1213,50.5018,3633.77,289.8,100.0,0.0,7,11452,2,SOFT
1214,50.5433,3637.14,290.2,100.0,0.0,7,11371,2,SOFT
1215,50.5849,3640.52,290.7,100.0,0.0,7,11290,2,SOFT
1216,50.6264,3643.89,291.1,100.0,0.0,7,11209,2,SOFT
1217,50.668,3647.29,291.5,100.0,0.0,7,11128,2,SOFT
1218,50.7097,3650.69,291.9,100.0,0.0,7,11047,2,SOFT
1219,50.7514,3654.1,292.3,100.0,0.0,7,10965,2,SOFT
1220,50.7932,3657.52,292.7,100.0,0.0,7,10884,2,SOFT
1221,50.8352,3660.95,293.2,100.0,0.0,7,10808,2,SOFT
1222,50.877,3664.39,293.7,100.0,0.0,7,10742,2,SOFT
1223,50.9188,3667.82,294.2,100.0,0.0,7,10676,2,SOFT
1224,50.9605,3671.26,294.8,100.0,0.0,7,10610,2,SOFT
1225,51.0023,3674.69,295.3,100.0,0.0,7,10543,2,SOFT
1226,51.044,3678.12,295.8,100.0,0.0,8,10478,2,SOFT
1227,51.0856,3681.54,296.0,100.0,0.0,8,10457,2,SOFT
1228,51.1273,3684.97,296.0,100.0,0.0,8,10462,2,SOFT
1229,51.1689,3688.4,296.0,100.0,0.0,8,10466,2,SOFT
1230,51.2106,3691.82,296.0,100.0,0.0,8,10471,2,SOFT
1231,51.2523,3695.26,296.2,100.0,0.0,8,10483,2,SOFT
1232,51.2939,3698.69,296.5,100.0,0.0,8,10498,2,SOFT
1233,51.3355,3702.12,296.7,100.0,0.0,8,10512,2,SOFT
1234,51.3773,3705.58,297.0,100.0,0.0,8,10526,2,SOFT
1235,51.419,3709.03,297.3,100.0,0.0,8,10536,2,SOFT
1236,51.4607,3712.49,297.7,100.0,0.0,8,10545,2,SOFT
1237,51.5023,3715.94,298.0,100.0,0.0,8,10554,2,SOFT
1238,51.544,3719.4,298.4,100.0,0.0,8,10563,2,SOFT
1239,51.5858,3722.88,298.7,100.0,0.0,8,10572,2,SOFT
1240,51.6275,3726.36,299.1,100.0,0.0,8,10581,2,SOFT
1241,51.6691,3729.84,299.4,100.0,0.0,8,10593,2,SOFT
1242,51.7107,3733.31,299.8,100.0,0.0,8,10604,2,SOFT
1243,51.7523,3736.79,300.1,100.0,0.0,8,10616,2,SOFT
1244,51.7939,3740.27,300.5,100.0,0.0,8,10627,2,SOFT
1245,51.8356,3743.76,300.8,100.0,0.0,8,10639,2,SOFT
1246,51.8774,3747.26,301.1,100.0,0.0,8,10650,2,SOFT
1247,51.9191,3750.75,301.3,100.0,0.0,8,10660,2,SOFT
1248,51.9608,3754.25,301.5,100.0,0.0,8,10670,2,SOFT
1249,52.0025,3757.75,301.7,100.0,0.0,8,10681,2,SOFT
1250,52.0442,3761.25,301.9,100.0,0.0,8,10691,2,SOFT
1251,52.0858,3764.75,302.2,100.0,0.0,8,10706,2,SOFT
1252,52.1273,3768.25,302.5,100.0,0.0,8,10723,2,SOFT
1253,52.169,3771.77,302.8,100.0,0.0,8,10740,2,SOFT
1254,52.2106,3775.28,303.1,100.0,0.0,8,10758,2,SOFT
1255,52.2524,3778.81,303.4,100.0,0.0,8,10775,2,SOFT
1256,52.2942,3782.34,303.7,100.0,0.0,8,10792,2,SOFT
1257,52.3359,3785.87,304.0,100.0,0.0,8,10809,2,SOFT
1258,52.3775,3789.4,304.3,100.0,0.0,8,10808,2,SOFT
1259,52.4191,3792.94,304.7,100.0,0.0,8,10804,2,SOFT
1260,52.4606,3796.47,305.0,100.0,0.0,8,10801,2,SOFT
1261,52.5023,3800.01,305.4,100.0,0.0,8,10797,2,SOFT
1262,52.544,3803.55,305.7,100.0,0.0,8,10794,2,SOFT
1263,52.5857,3807.1,306.0,100.0,0.0,8,10792,2,SOFT
1264,52.6273,3810.65,306.2,100.0,0.0,8,10801,2,SOFT
1265,52.6689,3814.2,306.3,100.0,0.0,8,10809,2,SOFT
1266,52.7105,3817.75,306.5,100.0,0.0,8,10818,2,SOFT
1267,52.7522,3821.3,306.6,100.0,0.0,8,10826,2,SOFT
1268,52.7938,3824.85,306.8,100.0,0.0,8,10835,2,SOFT
1269,52.8355,3828.41,306.9,100.0,0.0,8,10843,2,SOFT
1270,52.8772,3831.96,307.1,100.0,0.0,8,10851,2,SOFT
1271,52.9189,3835.53,307.2,100.0,0.0,8,10857,2,SOFT
1272,52.9605,3839.09,307.4,100.0,0.0,8,10864,2,SOFT
1273,53.0021,3842.65,307.6,100.0,0.0,8,10870,2,SOFT
1274,53.0438,3846.22,307.8,100.0,0.0,8,10876,2,SOFT
1275,53.0855,3849.79,307.9,100.0,0.0,8,10883,2,SOFT
1276,53.1272,3853.37,308.2,100.0,0.0,8,10888,2,SOFT
1277,53.1688,3856.95,308.6,100.0,0.0,8,10893,2,SOFT
1278,53.2104,3860.54,308.9,100.0,0.0,8,10898,2,SOFT
1279,53.2521,3864.12,309.3,100.0,0.0,8,10903,2,SOFT
1280,53.2937,3867.71,309.6,100.0,0.0,8,10908,2,SOFT
1281,53.3354,3871.3,310.0,100.0,0.0,8,10912,2,SOFT
1282,53.377,3874.89,310.0,99.8,0.0,8,10921,2,SOFT
1283,53.4187,3878.47,310.0,99.6,0.0,8,10930,2,SOFT
1284,53.4604,3882.06,310.0,99.4,0.0,8,10939,2,SOFT
1285,53.502,3885.65,310.0,99.2,0.0,8,10948,2,SOFT
1286,53.5436,3889.23,310.0,99.0,0.0,8,10955,2,SOFT
1287,53.5853,3892.83,310.3,99.0,0.0,8,10950,2,SOFT
1288,53.6269,3896.42,310.5,99.0,0.0,8,10944,2,SOFT
1289,53.6686,3900.03,310.8,99.0,0.0,8,10938,2,SOFT
1290,53.7102,3903.63,311.0,99.0,0.0,8,10934,2,SOFT
1291,53.7519,3907.23,311.1,99.0,0.0,8,10933,2,SOFT
1292,53.7935,3910.83,311.2,99.0,0.0,8,10933,2,SOFT
1293,53.8352,3914.44,311.3,99.0,0.0,8,10932,2,SOFT
1294,53.8768,3918.05,311.4,99.0,0.0,8,10932,2,SOFT
1295,53.9184,3921.66,311.5,99.0,0.0,8,10931,2,SOFT
1296,53.9601,3925.26,311.6,99.0,0.0,8,10930,2,SOFT
1297,54.0017,3928.87,311.7,99.0,0.0,8,10930,2,SOFT
1298,54.0434,3932.48,311.8,99.0,0.0,8,10929,2,SOFT
1299,54.085,3936.1,311.9,99.0,0.0,8,10929,2,SOFT
1300,54.1267,3939.72,312.0,99.0,0.0,8,10928,2,SOFT
1301,54.1683,3943.34,312.2,99.0,0.0,8,10931,2,SOFT
1302,54.2099,3946.96,312.4,99.0,0.0,8,10935,2,SOFT
1303,54.2516,3950.57,312.7,99.0,0.0,8,10939,2,SOFT
1304,54.2931,3954.19,313.0,99.0,0.0,8,10943,2,SOFT
1305,54.3347,3957.79,312.8,99.0,0.0,8,10953,2,SOFT
1306,54.3762,3961.39,312.6,99.0,0.0,8,10964,2,SOFT
1307,54.4178,3964.99,312.4,99.0,0.0,8,10975,2,SOFT
1308,54.4594,3968.6,312.2,99.0,0.0,8,10986,2,SOFT
1309,54.5009,3972.2,312.0,98.3,0.0,8,10999,2,SOFT
1310,54.5426,3975.79,311.5,72.5,0.3,8,11071,2,SOFT
1311,54.5819,3979.18,311.0,48.2,0.5,8,11139,1,SOFT
1312,54.6204,3982.49,310.5,24.4,0.8,8,11205,1,SOFT
1313,54.6589,3985.8,310.0,0.6,1.0,8,11271,1,SOFT
1314,54.7006,3989.12,304.8,0.0,1.0,8,11028,1,SOFT
1315,54.7445,3992.43,299.1,0.0,1.0,8,10765,1,SOFT
1316,54.7871,3995.65,293.6,0.0,1.0,8,10510,1,SOFT
1317,54.8266,3998.64,288.6,0.0,1.0,8,10272,1,SOFT
1318,54.8646,4001.5,283.7,0.0,1.0,8,10045,1,SOFT
1319,54.9025,4004.37,278.8,0.0,1.0,8,9817,1,SOFT
1320,54.9404,4007.23,273.9,0.0,1.0,8,9592,1,SOFT
1321,54.9833,4010.1,266.5,0.0,1.0,8,9498,1,SOFT
1322,55.0276,4012.92,259.0,0.0,1.0,8,9402,1,SOFT
1323,55.0717,4015.64,251.4,0.0,1.0,8,9306,1,SOFT
1324,55.1157,4018.35,243.8,0.0,1.0,8,9210,1,SOFT
1325,55.1598,4021.07,236.3,0.0,1.0,8,9115,1,SOFT
1326,55.2021,4023.68,229.0,0.0,1.0,8,9023,1,SOFT
1327,55.2412,4026.09,225.0,0.0,1.0,8,9022,1,SOFT
1328,55.2796,4028.44,223.2,0.0,1.0,8,9089,1,SOFT
1329,55.3162,4030.69,221.5,0.0,1.0,8,9154,1,SOFT
1330,55.3527,4032.94,219.8,0.0,1.0,8,9219,1,SOFT
1331,55.3912,4035.16,218.0,0.0,1.0,8,9286,1,SOFT
1332,55.4294,4037.33,216.3,0.0,1.0,8,9354,1,SOFT
1333,55.4649,4039.35,214.6,0.0,1.0,8,9416,1,SOFT
1334,55.4994,4041.32,213.0,0.0,1.0,8,9477,1,SOFT
1335,55.5381,4043.28,206.8,0.0,1.0,8,9619,1,SOFT
1336,55.5834,4045.25,199.5,0.0,1.0,8,9786,1,SOFT
1337,55.6277,4047.16,192.4,0.0,1.0,8,9950,1,SOFT
1338,55.6679,4048.88,185.9,0.0,1.0,8,10098,1,SOFT
1339,55.7074,4050.58,179.6,0.0,1.0,8,10244,1,SOFT
1340,55.7469,4052.28,173.2,0.0,1.0,8,10390,1,SOFT
1341,55.7883,4053.97,166.5,0.0,1.0,8,10543,1,SOFT
1342,55.8307,4055.67,159.7,0.0,1.0,8,10699,1,SOFT
1343,55.8731,4057.37,154.4,0.0,1.0,8,10765,1,SOFT
1344,55.9154,4059.07,152.4,0.0,1.0,8,10630,1,SOFT
1345,55.9565,4060.71,150.5,0.0,1.0,8,10499,1,SOFT
1346,55.9974,4062.35,148.7,0.0,1.0,8,10369,1,SOFT
1347,56.0383,4063.98,146.8,0.0,1.0,8,10239,1,SOFT
1348,56.0788,4065.6,144.9,0.0,1.0,6,10110,1,SOFT
1349,56.119,4067.2,143.7,0.0,1.0,6,10007,1,SOFT
1350,56.1594,4068.8,143.2,0.0,1.0,6,9928,1,SOFT
1351,56.1998,4070.39,142.7,0.0,0.9,6,9850,1,SOFT
1352,56.2404,4071.97,142.2,0.0,0.6,6,9771,1,SOFT
1353,56.281,4073.55,141.7,0.0,0.4,3,9692,1,SOFT
1354,56.3216,4075.13,141.2,0.0,0.1,3,9613,1,SOFT
1355,56.3634,4076.7,140.4,0.3,0.0,3,9555,1,SOFT
1356,56.4051,4078.22,139.3,0.8,0.0,3,9512,1,SOFT
1357,56.4462,4079.73,138.3,1.2,0.0,3,9470,1,SOFT
1358,56.4871,4081.22,137.3,1.7,0.0,3,9428,1,SOFT
1359,56.5279,4082.72,136.3,2.1,0.0,3,9386,1,SOFT
1360,56.5689,4084.21,135.2,2.6,0.0,3,9344,1,SOFT
1361,56.611,4085.71,134.2,3.1,0.0,3,9301,1,SOFT
1362,56.6537,4087.23,133.1,3.6,0.0,3,9257,1,SOFT
1363,56.6967,4088.76,132.1,4.1,0.0,3,9213,1,SOFT
1364,56.7397,4090.29,131.0,4.6,0.0,3,9169,1,SOFT
1365,56.7826,4091.82,130.0,5.4,0.0,3,9137,1,SOFT
1366,56.8245,4093.34,130.0,9.6,0.0,3,9220,1,SOFT
1367,56.8656,4094.83,130.0,13.7,0.0,3,9303,1,SOFT
1368,56.9067,4096.31,130.0,17.8,0.0,3,9385,1,SOFT
1369,56.9481,4097.79,129.9,22.0,0.0,3,9451,1,SOFT
1370,56.99,4099.27,129.5,26.7,0.0,3,9463,1,SOFT
1371,57.0319,4100.75,129.0,31.3,0.0,3,9474,1,SOFT
1372,57.0739,4102.23,128.6,36.0,0.0,3,9485,1,SOFT
1373,57.1159,4103.71,128.1,40.6,0.0,3,9496,1,SOFT
1374,57.1579,4105.19,127.7,45.3,0.0,3,9507,1,SOFT
1375,57.2,4106.68,127.2,49.9,0.0,3,9518,1,SOFT
1376,57.2417,4108.16,127.2,52.5,0.0,3,9558,1,SOFT
1377,57.2832,4109.65,127.6,53.3,0.0,3,9621,1,SOFT
1378,57.3247,4111.14,128.1,54.1,0.0,3,9684,1,SOFT
1379,57.3667,4112.64,128.5,55.0,0.0,3,9748,1,SOFT
1380,57.4106,4114.21,128.9,55.8,0.0,3,9814,1,SOFT
1381,57.4531,4115.86,130.2,59.5,0.0,3,9917,1,SOFT
1382,57.4948,4117.52,131.7,63.8,0.0,3,10026,1,SOFT
1383,57.5364,4119.17,133.1,68.0,0.0,3,10134,1,SOFT
1384,57.578,4120.82,134.6,72.3,0.0,3,10243,1,SOFT
1385,57.6197,4122.47,136.0,76.6,0.0,3,10352,1,SOFT
1386,57.6613,4124.12,137.5,80.9,0.0,3,10461,1,SOFT
1387,57.7039,4125.81,139.0,85.2,0.0,3,10572,1,SOFT
1388,57.7472,4127.52,140.5,89.7,0.0,3,10686,1,SOFT
1389,57.7905,4129.24,142.0,94.1,0.0,3,10799,1,SOFT
1390,57.8334,4131.01,143.7,97.1,0.0,3,10903,1,SOFT
1391,57.877,4132.84,145.9,97.6,0.0,3,10992,1,SOFT
1392,57.9207,4134.67,148.1,98.0,0.0,3,11082,1,SOFT
1393,57.9633,4136.5,150.2,98.4,0.0,3,11169,1,SOFT
1394,58.0058,4138.34,152.3,98.9,0.0,3,11256,1,SOFT
1395,58.047,4140.17,154.2,99.0,0.0,3,11227,1,SOFT
1396,58.0893,4142.09,156.1,99.0,0.0,3,11144,1,SOFT
1397,58.1327,4144.06,158.0,99.0,0.0,3,11058,1,SOFT
1398,58.1762,4146.03,159.9,99.0,0.0,3,10972,1,SOFT
1399,58.2187,4148.0,161.7,99.0,0.0,3,10888,1,SOFT
1400,58.26,4149.98,163.5,99.0,0.0,3,10807,1,SOFT
1401,58.3022,4151.99,165.4,99.0,0.0,4,10723,1,SOFT
1402,58.3452,4154.06,167.3,99.0,0.0,4,10662,1,SOFT
1403,58.3864,4156.13,169.2,99.0,0.0,4,10735,1,SOFT
1404,58.4276,4158.21,171.2,99.0,0.0,4,10808,1,SOFT
1405,58.4696,4160.32,173.1,99.0,0.0,4,10883,1,SOFT
1406,58.512,4162.45,175.1,99.0,0.0,4,10958,1,SOFT
1407,58.5544,4164.58,177.1,99.0,0.0,4,11033,1,SOFT
1408,58.5961,4166.71,179.1,99.0,0.0,4,11107,1,SOFT
1409,58.6387,4168.89,181.1,99.0,0.0,4,11182,1,SOFT
1410,58.6814,4171.08,182.6,99.0,0.0,4,11267,1,SOFT
1411,58.7241,4173.27,183.6,99.0,0.0,4,11361,1,SOFT
1412,58.7673,4175.5,184.7,99.0,0.0,4,11455,1,SOFT
1413,58.81,4177.72,185.8,99.0,0.0,4,11549,1,SOFT
1414,58.8517,4179.95,187.5,99.0,0.0,4,11432,1,SOFT
1415,58.8933,4182.17,189.4,99.0,0.0,4,11259,1,SOFT
1416,58.9348,4184.45,191.3,99.0,0.0,4,11087,1,SOFT
1417,58.9764,4186.76,193.2,99.0,0.0,4,10915,1,SOFT
1418,59.0185,4189.09,195.1,99.0,0.0,4,10740,1,SOFT
1419,59.0614,4191.47,197.1,99.0,0.0,4,10571,1,SOFT
1420,59.1036,4193.84,198.4,99.0,0.0,4,10617,1,SOFT
1421,59.1451,4196.22,199.7,99.0,0.0,4,10662,1,SOFT
1422,59.1867,4198.61,201.0,99.0,0.0,4,10708,1,SOFT
1423,59.2284,4200.99,202.3,99.0,0.0,4,10753,1,SOFT
1424,59.271,4203.44,203.6,99.0,0.0,4,10800,1,SOFT
1425,59.3138,4205.91,204.9,99.0,0.0,4,10847,1,SOFT
1426,59.356,4208.38,206.3,99.0,0.0,5,10893,1,SOFT
1427,59.3977,4210.85,207.5,99.0,0.0,5,10946,1,SOFT
1428,59.4393,4213.35,208.6,99.0,0.0,5,11007,1,SOFT
1429,59.481,4215.86,209.8,99.0,0.0,5,11069,1,SOFT
1430,59.5227,4218.37,210.9,99.0,0.0,5,11130,1,SOFT
1431,59.5646,4220.89,212.1,99.0,0.0,5,11192,1,SOFT
1432,59.6064,4223.41,213.2,99.0,0.0,5,11254,1,SOFT
1433,59.6485,4225.94,214.4,99.0,0.0,5,11317,1,SOFT
1434,59.6908,4228.52,215.6,99.0,0.0,5,11379,1,SOFT
1435,59.7329,4231.11,216.7,99.0,0.0,5,11441,1,SOFT
1436,59.775,4233.7,217.9,99.0,0.0,5,11504,1,SOFT
1437,59.8165,4236.29,218.9,99.0,0.0,5,11463,1,SOFT
1438,59.8579,4238.88,220.0,99.0,0.0,5,11409,1,SOFT
1439,59.8995,4241.48,221.0,99.0,0.0,5,11355,1,SOFT
1440,59.9415,4244.1,222.0,99.0,0.0,5,11300,1,SOFT
1441,59.9834,4246.73,223.1,99.0,0.0,5,11245,1,SOFT
1442,60.0253,4249.35,224.1,99.0,0.0,5,11190,1,SOFT
1443,60.0672,4252.01,225.2,99.0,0.0,5,11136,1,SOFT
1444,60.1091,4254.68,226.2,99.0,0.0,5,11082,1,SOFT
1445,60.1508,4257.35,227.1,99.0,0.0,5,11030,1,SOFT
1446,60.1928,4260.05,228.0,99.0,0.0,5,10978,1,SOFT
1447,60.2346,4262.75,228.9,99.0,0.0,5,10927,1,SOFT
1448,60.2762,4265.45,229.9,99.0,0.0,5,10875,1,SOFT
1449,60.3179,4268.16,230.8,99.0,0.0,5,10824,1,SOFT
1450,60.3601,4270.89,231.7,99.0,0.0,5,10772,1,SOFT
1451,60.4019,4273.63,232.6,99.0,0.0,6,10720,1,SOFT
1452,60.4436,4276.36,233.5,99.0,0.0,6,10716,1,SOFT
1453,60.4852,4279.1,234.3,99.0,0.0,6,10747,1,SOFT
1454,60.5267,4281.84,235.1,99.0,0.0,6,10778,1,SOFT
1455,60.5685,4284.59,236.0,99.0,0.0,6,10810,1,SOFT
1456,60.6107,4287.36,236.8,99.0,0.0,6,10841,1,SOFT
1457,60.6525,4290.13,237.4,98.0,0.0,6,10870,1,SOFT
1458,60.6941,4292.91,237.9,96.8,0.0,6,10899,1,SOFT
1459,60.7357,4295.68,238.4,95.6,0.0,6,10928,1,SOFT
1460,60.7773,4298.46,239.0,94.4,0.0,6,10956,1,SOFT
1461,60.8189,4301.23,239.5,93.2,0.0,6,10985,1,SOFT
1462,60.8605,4304.01,240.0,92.0,0.0,6,11013,1,SOFT
1463,60.9021,4306.78,240.0,90.0,0.0,6,11016,1,SOFT
1464,60.9437,4309.56,240.0,88.1,0.0,6,11020,1,SOFT
1465,60.9854,4312.33,240.0,86.1,0.0,6,11023,1,SOFT
1466,61.027,4315.11,240.0,84.2,0.0,6,11027,1,SOFT
1467,61.0686,4317.88,240.0,82.2,0.0,6,11030,1,SOFT
1468,61.1102,4320.66,240.0,80.3,0.0,6,11033,1,SOFT
1469,61.1519,4323.43,240.0,78.3,0.0,6,11037,1,SOFT
1470,61.1935,4326.21,240.0,76.6,0.0,6,11037,1,SOFT
1471,61.2351,4328.98,240.0,75.3,0.0,6,11033,1,SOFT
1472,61.2768,4331.76,240.0,74.1,0.0,6,11028,1,SOFT
1473,61.3184,4334.54,240.0,72.8,0.0,6,11024,1,SOFT
1474,61.36,4337.31,240.0,71.6,0.0,6,11019,1,SOFT
1475,61.4017,4340.09,240.0,71.0,0.0,6,11011,1,SOFT
1476,61.4433,4342.86,240.0,71.0,0.0,6,10999,1,SOFT
1477,61.4849,4345.64,240.0,71.0,0.0,6,10988,1,SOFT
1478,61.5265,4348.41,240.0,71.0,0.0,6,10976,1,SOFT
1479,61.568,4351.18,240.0,71.0,0.0,6,10964,1,SOFT
1480,61.6096,4353.94,239.9,73.1,0.0,6,10974,1,SOFT
1481,61.6512,4356.7,239.7,76.1,0.0,6,10991,1,SOFT
1482,61.6928,4359.47,239.5,79.0,0.0,6,11009,1,SOFT
1483,61.7346,4362.24,239.4,82.0,0.0,6,11027,1,SOFT
1484,61.7764,4365.02,239.2,84.9,0.0,6,11045,1,SOFT
1485,61.8183,4367.79,239.0,87.9,0.0,6,11062,1,SOFT
1486,61.8598,4370.57,239.3,88.6,0.0,6,11066,1,SOFT
1487,61.9014,4373.36,239.6,89.2,0.0,6,11069,1,SOFT
1488,61.9432,4376.15,239.9,89.8,0.0,6,11071,1,SOFT
1489,61.9849,4378.94,240.2,90.4,0.0,6,11074,1,SOFT
1490,62.0266,4381.73,240.5,91.0,0.0,6,11077,1,SOFT
1491,62.0683,4384.53,240.8,91.5,0.0,6,11080,1,SOFT
1492,62.1099,4387.32,241.0,92.0,0.0,6,11086,1,SOFT
1493,62.1515,4390.11,241.2,92.0,0.0,6,11102,1,SOFT
1494,62.1931,4392.91,241.4,92.0,0.0,6,11119,1,SOFT
1495,62.2348,4395.71,241.6,92.0,0.0,6,11135,1,SOFT
1496,62.2765,4398.52,241.7,92.0,0.0,6,11151,1,SOFT
1497,62.3182,4401.32,241.9,92.0,0.0,6,11168,1,SOFT
1498,62.3599,4404.13,242.1,91.9,0.0,6,11185,1,SOFT
1499,62.4015,4406.94,242.3,91.7,0.0,6,11205,1,SOFT
1500,62.4433,4409.76,242.5,91.5,0.0,6,11224,1,SOFT
1501,62.4852,4412.59,242.7,91.3,0.0,6,11244,1,SOFT
1502,62.527,4415.41,242.9,91.1,0.0,6,11263,1,SOFT
1503,62.5685,4418.24,243.5,90.8,0.0,6,11260,1,SOFT
1504,62.6098,4421.06,244.3,90.6,0.0,6,11248,1,SOFT
1505,62.6512,4423.88,245.1,90.3,0.0,6,11236,1,SOFT
1506,62.6927,4426.72,245.9,90.0,0.0,6,11223,1,SOFT
1507,62.7344,4429.56,245.8,90.7,0.0,6,11373,1,SOFT
1508,62.7761,4432.4,245.6,91.5,0.0,6,11556,1,SOFT
1509,62.8178,4435.25,245.4,92.4,0.0,6,11740,1,SOFT
1510,62.8596,4438.09,245.2,93.2,0.0,6,11924,1,SOFT
1511,62.9014,4440.93,245.0,94.1,0.0,6,12090,1,SOFT
1512,62.9433,4443.77,245.0,94.9,0.0,6,11986,1,SOFT
1513,62.9854,4446.64,245.0,95.8,0.0,6,11882,1,SOFT
1514,63.0271,4449.48,245.0,96.7,0.0,6,11779,1,SOFT
1515,63.0687,4452.31,245.0,97.5,0.0,6,11676,1,SOFT
1516,63.1104,4455.15,245.0,98.4,0.0,6,11573,1,SOFT
1517,63.152,4457.98,245.1,99.0,0.0,6,11502,1,SOFT
1518,63.1933,4460.83,245.6,99.0,0.0,6,11498,1,SOFT
1519,63.2346,4463.68,246.1,99.0,0.0,6,11495,1,SOFT
1520,63.2758,4466.53,246.6,99.0,0.0,6,11491,1,SOFT
1521,63.3171,4469.37,247.0,99.0,0.0,6,11487,1,SOFT
1522,63.3584,4472.22,247.5,99.0,0.0,6,11484,1,SOFT
1523,63.3997,4475.07,248.0,99.0,0.0,6,11480,1,SOFT
1524,63.4411,4477.93,248.4,99.0,0.0,6,11476,1,SOFT
1525,63.4819,4480.81,248.9,99.0,0.0,6,11473,1,SOFT
1526,63.5227,4483.68,249.4,99.0,0.0,6,11469,1,SOFT
1527,63.5635,4486.56,249.8,99.0,0.0,6,11465,1,SOFT
1528,63.6041,4489.45,250.2,93.0,0.0,6,11429,1,SOFT
1529,63.6445,4492.35,250.5,83.5,0.0,6,11372,1,SOFT
1530,63.6852,4495.27,250.9,73.9,0.0,6,11315,1,SOFT
1531,63.7263,4498.19,251.2,64.2,0.0,6,11257,1,SOFT
1532,63.768,4501.15,251.6,54.3,0.0,6,11199,1,SOFT
1533,63.8097,4504.1,251.9,44.5,0.0,6,11140,1,SOFT
1534,63.8514,4507.05,252.3,34.6,0.0,6,11082,1,SOFT
1535,63.8939,4509.99,252.6,24.6,0.2,6,11022,1,SOFT
1536,63.9372,4512.84,253.0,14.4,1.0,6,10961,1,SOFT
1537,63.9816,4515.52,246.2,11.5,1.0,6,10735,1,SOFT
1538,64.0261,4518.2,239.2,8.9,1.0,6,10501,1,SOFT
1539,64.0705,4520.89,232.1,6.3,1.0,6,10268,1,SOFT
1540,64.115,4523.57,225.1,3.7,1.0,6,10034,1,SOFT
1541,64.1611,4526.25,217.8,1.0,1.0,6,9792,1,SOFT
1542,64.2017,4528.57,213.1,0.0,1.0,6,9732,1,SOFT
1543,64.2395,4530.74,210.1,0.0,1.0,6,9787,1,SOFT
1544,64.2774,4532.9,207.0,0.0,1.0,6,9842,1,SOFT
1545,64.3169,4535.06,203.8,0.0,1.0,6,9899,1,SOFT
1546,64.3579,4537.22,199.5,0.0,1.0,6,9976,1,SOFT
1547,64.3985,4539.27,194.2,0.0,1.0,6,10072,1,SOFT
1548,64.4357,4541.16,189.3,0.0,1.0,6,10160,1,SOFT
1549,64.4733,4543.04,184.3,0.0,1.0,6,10250,1,SOFT
1550,64.5122,4544.93,180.3,0.0,1.0,6,10358,1,SOFT
1551,64.5514,4546.79,178.4,0.0,1.0,6,10501,1,SOFT
1552,64.5889,4548.57,176.5,0.0,1.0,6,10637,1,SOFT
1553,64.6263,4550.35,174.6,0.0,1.0,6,10772,1,SOFT
1554,64.663,4552.09,172.8,0.0,1.0,6,10905,1,SOFT
1555,64.698,4553.75,171.0,0.0,1.0,6,11032,1,SOFT
1556,64.738,4555.41,166.1,0.0,1.0,6,10841,1,SOFT
1557,64.7783,4557.07,161.1,0.0,1.0,6,10642,1,SOFT
1558,64.8173,4558.68,156.2,0.0,1.0,6,10448,1,SOFT
1559,64.8558,4560.23,151.4,0.0,1.0,6,10258,1,SOFT
1560,64.8957,4561.79,146.4,0.0,1.0,5,10060,1,SOFT
1561,64.9369,4563.32,143.7,0.0,1.0,5,9887,1,SOFT
1562,64.9779,4564.85,141.3,0.0,1.0,5,9717,1,SOFT
1563,65.0189,4566.38,138.8,0.0,1.0,3,9547,1,SOFT
1564,65.0586,4567.85,136.4,0.0,1.0,3,9383,1,SOFT
1565,65.0979,4569.32,134.1,0.0,1.0,3,9220,1,SOFT
1566,65.1379,4570.73,132.4,0.0,1.0,3,9112,1,SOFT
1567,65.1778,4572.14,130.7,0.0,1.0,3,9006,1,SOFT
1568,65.2181,4573.54,129.0,0.0,1.0,3,8898,1,SOFT
1569,65.2578,4574.88,127.4,0.0,1.0,3,8793,1,SOFT
1570,65.2974,4576.22,125.7,0.0,1.0,3,8687,1,SOFT
1571,65.3368,4577.55,124.1,0.0,1.0,3,8582,1,SOFT
1572,65.3783,4578.88,122.5,0.0,1.0,3,8484,1,SOFT
1573,65.4197,4580.2,121.0,0.0,1.0,3,8387,1,SOFT
1574,65.4609,4581.52,119.4,0.0,1.0,3,8289,1,SOFT
1575,65.5021,4582.84,117.9,0.0,1.0,3,8192,1,SOFT
1576,65.5427,4584.13,116.4,0.0,1.0,3,8096,1,SOFT
1577,65.583,4585.42,115.0,0.0,1.0,3,8004,1,SOFT
1578,65.6241,4586.7,114.4,0.0,0.9,3,7944,1,SOFT
1579,65.6652,4587.98,113.9,0.0,0.7,3,7883,1,SOFT
1580,65.7051,4589.22,113.4,0.0,0.5,3,7825,1,SOFT
1581,65.7447,4590.45,112.9,0.0,0.3,3,7767,1,SOFT
1582,65.7837,4591.66,112.5,0.0,0.2,3,7709,1,SOFT
1583,65.8225,4592.86,111.9,0.0,0.0,3,7654,1,SOFT
1584,65.8629,4594.04,109.8,0.0,0.0,3,7622,1,SOFT
1585,65.9037,4595.21,107.8,0.0,0.0,3,7589,1,SOFT
1586,65.9445,4596.39,105.8,0.0,0.0,3,7557,1,SOFT
1587,65.9851,4597.55,103.9,0.0,0.0,3,7521,1,SOFT
1588,66.0265,4598.7,103.2,0.0,0.0,3,7459,1,SOFT
1589,66.068,4599.85,102.4,0.0,0.0,3,7398,1,SOFT
1590,66.1094,4600.99,101.7,0.0,0.0,3,7336,1,SOFT
1591,66.151,4602.14,100.9,0.0,0.0,3,7274,1,SOFT
1592,66.1931,4603.29,100.2,0.0,0.0,3,7211,1,SOFT
1593,66.2344,4604.41,99.5,0.0,0.0,3,7150,1,SOFT
1594,66.2751,4605.52,98.9,1.1,0.0,3,7132,1,SOFT
1595,66.3158,4606.63,98.8,4.2,0.0,3,7185,1,SOFT
1596,66.357,4607.75,98.7,7.3,0.0,3,7239,1,SOFT
1597,66.3989,4608.88,98.5,10.4,0.0,3,7294,1,SOFT
1598,66.4412,4610.03,98.4,13.6,0.0,3,7350,1,SOFT
1599,66.4833,4611.18,98.2,16.8,0.0,3,7405,1,SOFT
1600,66.5256,4612.34,98.1,19.9,0.0,3,7460,1,SOFT
1601,66.5679,4613.5,98.2,23.1,0.0,3,7516,1,SOFT
1602,66.61,4614.67,98.6,26.3,0.0,3,7573,1,SOFT
1603,66.6522,4615.84,98.9,29.4,0.0,3,7629,1,SOFT
1604,66.6945,4617.01,99.3,32.6,0.0,3,7685,1,SOFT
1605,66.7373,4618.21,99.6,35.8,0.0,3,7742,1,SOFT
1606,66.7804,4619.41,100.0,39.1,0.0,3,7800,1,SOFT
1607,66.8229,4620.61,100.5,43.0,0.0,3,7874,1,SOFT
1608,66.8654,4621.82,101.1,47.0,0.0,3,7948,1,SOFT
1609,66.9079,4623.02,101.6,51.0,0.0,3,8022,1,SOFT
1610,66.9502,4624.23,102.3,54.0,0.0,3,8100,1,SOFT
1611,66.9916,4625.45,103.3,54.2,0.0,3,8194,1,SOFT
1612,67.0334,4626.69,104.3,54.4,0.0,3,8289,1,SOFT
1613,67.0742,4627.92,105.4,54.6,0.0,3,8381,1,SOFT
1614,67.115,4629.16,106.4,54.7,0.0,3,8473,1,SOFT
1615,67.158,4630.47,107.5,54.9,0.0,3,8571,1,SOFT
1616,67.201,4631.78,108.4,56.2,0.0,3,8616,1,SOFT
1617,67.2427,4633.09,109.3,58.7,0.0,3,8609,1,SOFT
1618,67.2845,4634.4,110.2,61.1,0.0,3,8601,1,SOFT
1619,67.3262,4635.72,111.0,63.5,0.0,3,8594,1,SOFT
1620,67.368,4637.03,111.9,66.0,0.0,3,8586,1,SOFT
1621,67.4125,4638.43,112.8,68.6,0.0,3,8578,1,SOFT
1622,67.4571,4639.9,114.9,70.9,0.0,3,8733,1,SOFT
1623,67.5006,4641.37,117.0,73.0,0.0,3,8916,1,SOFT
1624,67.5454,4642.88,119.3,75.3,0.0,3,9103,1,SOFT
1625,67.5915,4644.46,121.5,77.5,0.0,3,9285,1,SOFT
1626,67.6353,4646.04,123.6,79.4,0.0,3,9425,1,SOFT
1627,67.6792,4647.62,125.6,81.3,0.0,3,9565,1,SOFT
1628,67.7219,4649.21,127.6,83.1,0.0,3,9701,1,SOFT
1629,67.7646,4650.83,129.6,84.9,0.0,3,9837,1,SOFT
1630,67.8084,4652.5,131.6,86.8,0.0,3,9977,1,SOFT
1631,67.8538,4654.23,133.7,88.7,0.0,3,10122,1,SOFT
1632,67.8976,4655.96,135.6,90.6,0.0,3,10223,1,SOFT
1633,67.9411,4657.7,137.4,92.4,0.0,3,10319,1,SOFT
1634,67.9847,4659.43,139.2,94.2,0.0,3,10414,1,SOFT
1635,68.0282,4661.17,141.0,96.0,0.0,3,10509,1,SOFT
1636,68.0716,4662.9,142.8,97.8,0.0,3,10603,1,SOFT
1637,68.1139,4664.66,144.5,99.0,0.0,3,10706,1,SOFT
1638,68.1556,4666.42,145.8,99.0,0.0,3,10826,1,SOFT
1639,68.1982,4668.22,147.2,99.0,0.0,3,10949,1,SOFT
1640,68.2412,4670.04,148.5,99.0,0.0,3,11073,1,SOFT
1641,68.2841,4671.85,149.9,99.0,0.0,3,11197,1,SOFT
1642,68.3271,4673.67,151.3,99.0,0.0,3,11321,1,SOFT
1643,68.3692,4675.5,152.7,99.0,0.0,3,11442,1,SOFT
1644,68.411,4677.37,154.1,96.7,0.0,3,11347,1,SOFT
1645,68.4531,4679.26,155.5,93.5,0.0,3,11177,1,SOFT
1646,68.4956,4681.18,157.0,90.3,0.0,3,11005,1,SOFT
1647,68.5381,4683.09,158.4,87.1,0.0,3,10834,1,SOFT
1648,68.5801,4685.01,159.9,84.0,0.0,3,10664,1,SOFT
1649,68.6216,4686.92,161.3,80.9,0.0,3,10496,1,SOFT
1650,68.6633,4688.85,162.7,77.7,0.0,3,10327,1,SOFT
1651,68.7053,4690.8,164.1,74.7,0.0,3,10187,1,SOFT
1652,68.747,4692.74,164.9,72.4,0.0,3,10242,1,SOFT
1653,68.7886,4694.68,165.8,70.1,0.0,3,10297,1,SOFT
1654,68.8303,4696.63,166.6,67.8,0.0,3,10352,1,SOFT
1655,68.8721,4698.58,167.4,65.5,0.0,3,10407,1,SOFT
1656,68.9139,4700.53,168.0,64.3,0.0,4,10459,1,SOFT
1657,68.9557,4702.48,168.0,65.0,0.0,4,10503,1,SOFT
1658,68.9975,4704.43,168.0,65.8,0.0,4,10547,1,SOFT
1659,69.0393,4706.38,168.0,66.6,0.0,4,10591,1,SOFT
1660,69.0812,4708.35,168.3,66.8,0.0,4,10622,1,SOFT
1661,69.1234,4710.34,169.0,66.4,0.0,4,10639,1,SOFT
1662,69.1656,4712.34,169.6,65.9,0.0,4,10656,1,SOFT
1663,69.2076,4714.34,170.2,65.5,0.0,4,10673,1,SOFT
1664,69.2494,4716.34,170.8,65.1,0.0,4,10690,1,SOFT
1665,69.291,4718.34,171.5,66.4,0.0,4,10733,1,SOFT
1666,69.333,4720.37,172.1,68.3,0.0,4,10785,1,SOFT
1667,69.3754,4722.41,172.7,70.2,0.0,4,10838,1,SOFT
1668,69.4178,4724.46,173.4,72.1,0.0,4,10891,1,SOFT
1669,69.4598,4726.5,174.0,74.0,0.0,4,10944,1,SOFT
1670,69.5011,4728.55,174.7,76.0,0.0,4,11020,1,SOFT
1671,69.5427,4730.61,175.3,77.9,0.0,4,11096,1,SOFT
1672,69.5844,4732.67,176.0,79.9,0.0,4,11173,1,SOFT
1673,69.6261,4734.74,176.6,81.8,0.0,4,11249,1,SOFT
1674,69.6694,4736.88,177.3,83.9,0.0,4,11329,1,SOFT
1675,69.7127,4739.02,178.0,85.9,0.0,4,11409,1,SOFT
1676,69.7551,4741.16,178.6,87.9,0.0,4,11486,1,SOFT
1677,69.7969,4743.31,179.6,89.5,0.0,4,11546,1,SOFT
1678,69.8381,4745.45,180.8,90.6,0.0,4,11583,1,SOFT
1679,69.8797,4747.61,182.1,91.8,0.0,4,11621,1,SOFT
1680,69.9226,4749.84,183.4,93.0,0.0,4,11659,1,SOFT
1681,69.9658,4752.1,184.7,94.2,0.0,4,11698,1,SOFT
1682,70.0079,4754.35,186.0,95.4,0.0,4,11735,1,SOFT
1683,70.0499,4756.6,187.3,96.5,0.0,4,11773,1,SOFT
1684,70.092,4758.85,188.6,97.7,0.0,4,11811,1,SOFT
1685,70.1339,4761.1,189.8,98.9,0.0,4,11849,1,SOFT
1686,70.1756,4763.37,191.0,99.0,0.0,4,11750,1,SOFT
1687,70.2178,4765.69,192.2,99.0,0.0,4,11632,1,SOFT
1688,70.2594,4768.02,193.3,99.0,0.0,4,11515,1,SOFT
1689,70.301,4770.34,194.5,99.0,0.0,4,11398,1,SOFT
1690,70.3427,4772.66,195.7,99.0,0.0,4,11282,1,SOFT
1691,70.3843,4774.98,196.8,99.0,0.0,5,11165,1,SOFT
1692,70.426,4777.31,198.0,99.0,0.0,5,11048,1,SOFT
1693,70.4685,4779.68,199.2,99.0,0.0,5,10929,1,SOFT
1694,70.5109,4782.05,200.3,99.0,0.0,5,10857,1,SOFT
1695,70.5528,4784.42,201.3,99.0,0.0,5,10903,1,SOFT
1696,70.5951,4786.85,202.4,99.0,0.0,5,10949,1,SOFT
1697,70.6382,4789.31,203.5,99.0,0.0,5,10996,1,SOFT
1698,70.6811,4791.78,204.6,99.0,0.0,5,11042,1,SOFT
1699,70.724,4794.24,205.6,99.0,0.0,5,11089,1,SOFT
1700,70.7655,4796.7,206.7,99.0,0.0,5,11141,1,SOFT
1701,70.8063,4799.13,207.7,99.0,0.0,5,11196,1,SOFT
1702,70.8471,4801.57,208.7,99.0,0.0,5,11251,1,SOFT
1703,70.8879,4804.0,209.7,99.0,0.0,5,11306,1,SOFT
1704,70.929,4806.46,210.8,99.0,0.0,5,11362,1,SOFT
1705,70.9706,4808.94,211.8,99.0,0.0,5,11418,1,SOFT
1706,71.0125,4811.45,212.8,99.0,0.0,5,11474,1,SOFT
1707,71.0547,4814.01,213.9,99.0,0.0,5,11531,1,SOFT
1708,71.0969,4816.56,215.0,99.0,0.0,5,11588,1,SOFT
1709,71.139,4819.11,216.0,99.0,0.0,5,11644,1,SOFT
1710,71.1812,4821.66,216.8,99.0,0.0,5,11460,1,SOFT
1711,71.224,4824.26,217.6,99.0,0.0,5,11272,1,SOFT
1712,71.2664,4826.85,218.4,99.0,0.0,5,11087,2,SOFT
1713,71.3086,4829.45,219.4,99.0,0.0,5,10917,2,SOFT
1714,71.35,4832.05,221.2,99.0,0.0,5,10799,2,SOFT
1715,71.3915,4834.65,223.1,99.0,0.0,5,10681,2,SOFT
1716,71.4337,4837.3,224.9,99.0,0.0,5,10561,2,SOFT
1717,71.476,4839.97,226.4,99.0,0.0,5,10514,2,SOFT
1718,71.5181,4842.66,227.3,99.0,0.0,5,10575,2,SOFT
1719,71.5597,4845.35,228.2,99.0,0.0,5,10635,2,SOFT
1720,71.6016,4848.06,229.1,99.0,0.0,5,10696,2,SOFT
1721,71.6437,4850.78,230.0,99.0,0.0,6,10757,2,SOFT
1722,71.6857,4853.49,230.9,99.0,0.0,6,10818,2,SOFT
1723,71.7278,4856.21,231.8,99.0,0.0,6,10879,2,SOFT
1724,71.7695,4858.96,232.8,99.0,0.0,6,10922,2,SOFT
1725,71.8116,4861.75,233.8,99.0,0.0,6,10958,2,SOFT
1726,71.8537,4864.55,234.9,99.0,0.0,6,10994,2,SOFT
1727,71.8958,4867.35,235.9,99.0,0.0,6,11031,2,SOFT
1728,71.938,4870.15,237.0,99.0,0.0,6,11067,2,SOFT
1729,71.9797,4872.94,238.0,99.0,0.0,6,11103,2,SOFT
1730,72.0208,4875.74,239.0,99.0,0.0,6,11139,2,SOFT
1731,72.0629,4878.61,240.1,99.0,0.0,6,11175,2,SOFT
1732,72.1055,4881.51,241.1,99.0,0.0,6,11212,2,SOFT
1733,72.1475,4884.42,242.3,99.0,0.0,6,11263,2,SOFT
1734,72.1891,4887.32,243.9,99.0,0.0,6,11380,2,SOFT
1735,72.2308,4890.23,245.6,99.0,0.0,6,11496,2,SOFT
1736,72.2728,4893.17,247.2,99.0,0.0,6,11614,2,SOFT
1737,72.3144,4896.11,248.9,99.0,0.0,6,11730,2,SOFT
1738,72.356,4899.05,250.5,99.0,0.0,6,11847,2,SOFT
1739,72.3977,4901.99,252.1,99.0,0.0,6,11963,2,SOFT
1740,72.4393,4904.93,253.2,99.0,0.0,6,11950,2,SOFT
1741,72.481,4907.88,253.5,99.0,0.0,6,11790,2,SOFT
1742,72.5228,4910.84,253.9,99.0,0.0,6,11630,2,SOFT
1743,72.5645,4913.79,254.2,99.0,0.0,6,11470,2,SOFT
1744,72.6062,4916.75,254.6,99.0,0.0,6,11310,2,SOFT
1745,72.6482,4919.73,254.9,99.0,0.0,6,11149,2,SOFT
1746,72.69,4922.72,255.6,99.0,0.0,6,11001,2,SOFT
1747,72.732,4925.72,256.4,99.0,0.0,6,10858,2,SOFT
1748,72.7739,4928.74,257.3,99.0,0.0,6,10715,2,SOFT
1749,72.8158,4931.77,258.1,99.0,0.0,7,10572,2,SOFT
1750,72.8577,4934.79,259.0,99.0,0.0,7,10429,2,SOFT
1751,72.8991,4937.82,259.7,99.0,0.0,7,10446,2,SOFT
1752,72.9411,4940.89,260.5,99.0,0.0,7,10472,2,SOFT
1753,72.983,4943.96,261.3,99.0,0.0,7,10498,2,SOFT
1754,73.0247,4947.03,262.1,99.0,0.0,7,10524,2,SOFT
1755,73.0663,4950.11,262.9,99.0,0.0,7,10550,2,SOFT
1756,73.108,4953.19,263.7,99.0,0.0,7,10576,2,SOFT
1757,73.1497,4956.27,264.4,99.0,0.0,7,10601,2,SOFT
1758,73.1916,4959.37,265.1,99.0,0.0,7,10630,2,SOFT
1759,73.2335,4962.48,265.7,99.0,0.0,7,10665,2,SOFT
1760,73.2754,4965.59,266.2,99.0,0.0,7,10700,2,SOFT
1761,73.3172,4968.69,266.7,99.0,0.0,7,10735,2,SOFT
1762,73.359,4971.8,267.4,99.0,0.0,7,10762,2,SOFT
1763,73.4006,4974.91,268.1,99.0,0.0,7,10781,2,SOFT
1764,73.442,4978.02,268.9,99.0,0.0,7,10799,2,SOFT
1765,73.484,4981.18,269.7,99.0,0.0,7,10817,2,SOFT
1766,73.5262,4984.37,270.7,99.0,0.0,7,10835,2,SOFT
1767,73.5682,4987.56,271.7,99.0,0.0,7,10851,2,SOFT
1768,73.6102,4990.76,272.8,99.0,0.0,7,10868,2,SOFT
1769,73.6521,4993.95,273.8,99.0,0.0,7,10885,2,SOFT
1770,73.6936,4997.15,274.4,99.0,0.0,7,10893,2,SOFT
1771,73.7351,5000.34,274.9,99.0,0.0,7,10900,2,SOFT
1772,73.7766,5003.53,275.5,99.0,0.0,7,10906,2,SOFT
1773,73.8181,5006.73,276.0,99.0,0.0,7,10912,2,SOFT
1774,73.8598,5009.93,276.5,99.0,0.0,7,10919,2,SOFT
1775,73.9018,5013.16,277.0,99.0,0.0,7,10927,2,SOFT
1776,73.9433,5016.4,277.7,99.0,0.0,7,10975,2,SOFT
1777,73.9849,5019.64,278.3,99.0,0.0,7,11024,2,SOFT
1778,74.0268,5022.91,279.0,99.0,0.0,7,11072,2,SOFT
1779,74.0687,5026.19,279.6,99.0,0.0,7,11121,2,SOFT
1780,74.1105,5029.47,280.3,99.0,0.0,7,11169,2,SOFT
1781,74.1521,5032.75,280.9,99.0,0.0,7,11218,2,SOFT
1782,74.194,5036.04,281.6,99.0,0.0,7,11266,2,SOFT
1783,74.2358,5039.35,282.2,99.0,0.0,7,11306,2,SOFT
1784,74.2775,5042.66,282.7,99.0,0.0,7,11331,2,SOFT
1785,74.3192,5045.96,283.2,99.0,0.0,7,11357,2,SOFT
1786,74.3608,5049.27,283.8,99.0,0.0,7,11382,2,SOFT
1787,74.4027,5052.6,284.3,99.0,0.0,7,11408,2,SOFT
1788,74.4444,5055.93,284.8,99.0,0.0,7,11433,2,SOFT
1789,74.486,5059.26,285.3,99.0,0.0,7,11458,2,SOFT
1790,74.5277,5062.6,285.8,99.0,0.0,7,11484,2,SOFT
1791,74.5693,5065.93,286.4,99.0,0.0,7,11509,2,SOFT
1792,74.6111,5069.27,286.9,99.0,0.0,7,11535,2,SOFT
1793,74.653,5072.64,287.5,99.0,0.0,7,11556,2,SOFT
1794,74.6949,5076.0,288.1,99.0,0.0,7,11576,2,SOFT
1795,74.7366,5079.37,288.8,99.0,0.0,7,11596,2,SOFT
1796,74.7784,5082.74,289.4,99.0,0.0,7,11616,2,SOFT
1797,74.8201,5086.1,290.0,99.0,0.0,7,11635,2,SOFT
1798,74.8615,5089.47,290.4,99.0,0.0,7,11532,2,SOFT
1799,74.9032,5092.86,290.9,99.0,0.0,7,11428,2,SOFT
1800,74.9449,5096.25,291.3,99.0,0.0,7,11323,2,SOFT
1801,74.9865,5099.64,291.8,99.0,0.0,7,11219,2,SOFT
1802,75.0282,5103.03,292.2,99.0,0.0,7,11115,2,SOFT
1803,75.07,5106.43,292.7,99.0,0.0,7,11011,2,SOFT
1804,75.1119,5109.86,293.2,99.0,0.0,7,10920,2,SOFT
1805,75.1537,5113.3,293.7,99.0,0.0,7,10862,2,SOFT
1806,75.1955,5116.73,294.2,99.0,0.0,7,10805,2,SOFT
1807,75.2372,5120.16,294.7,99.0,0.0,7,10748,2,SOFT
1808,75.2787,5123.6,295.2,99.0,0.0,7,10692,2,SOFT
1809,75.3203,5127.04,295.8,99.0,0.0,8,10635,2,SOFT
1810,75.362,5130.49,296.3,99.0,0.0,8,10578,2,SOFT
1811,75.4038,5133.94,296.8,99.0,0.0,8,10521,2,SOFT
1812,75.4461,5137.45,297.2,99.0,0.0,8,10512,2,SOFT
1813,75.4884,5140.96,297.6,99.0,0.0,8,10533,2,SOFT
1814,75.5304,5144.47,298.0,99.0,0.0,8,10554,2,SOFT
1815,75.5725,5147.98,298.4,99.0,0.0,8,10574,2,SOFT
1816,75.6146,5151.49,298.8,99.0,0.0,8,10595,2,SOFT
1817,75.6568,5155.01,299.2,99.0,0.0,8,10616,2,SOFT
1818,75.699,5158.53,299.6,99.0,0.0,8,10637,2,SOFT
1819,75.7412,5162.05,300.0,99.0,0.0,8,10657,2,SOFT
1820,75.7832,5165.58,300.5,99.0,0.0,8,10662,2,SOFT
1821,75.8251,5169.1,301.1,99.0,0.0,8,10667,2,SOFT
1822,75.8668,5172.63,301.6,99.0,0.0,8,10671,2,SOFT
1823,75.9086,5176.16,302.1,99.0,0.0,8,10676,2,SOFT
1824,75.9504,5179.69,302.6,99.0,0.0,8,10681,2,SOFT
1825,75.9922,5183.22,303.2,99.0,0.0,8,10685,2,SOFT
1826,76.0338,5186.75,303.7,99.0,0.0,8,10690,2,SOFT
1827,76.0755,5190.29,304.2,99.1,0.0,8,10700,2,SOFT
1828,76.1171,5193.82,304.6,99.3,0.0,8,10718,2,SOFT
1829,76.1587,5197.36,305.0,99.5,0.0,8,10737,2,SOFT
1830,76.2004,5200.9,305.4,99.7,0.0,8,10755,2,SOFT
1831,76.242,5204.44,305.8,99.9,0.0,8,10774,2,SOFT
1832,76.2836,5207.98,306.2,99.8,0.0,8,10793,2,SOFT
1833,76.3252,5211.53,306.4,99.6,0.0,8,10813,2,SOFT
1834,76.3668,5215.08,306.7,99.3,0.0,8,10834,2,SOFT
1835,76.4084,5218.63,306.9,99.1,0.0,8,10854,2,SOFT
1836,76.4499,5222.18,307.3,99.1,0.0,8,10867,2,SOFT
1837,76.4913,5225.74,307.8,99.3,0.0,8,10878,2,SOFT
