Time,X,Y,Z,Speed
0.0,-358.05821767596603,1283.448655438105,-160.98025090227978,295.5
0.03,-357.0,1308.0,-161.0,295.8749984
0.36,-345.30293694615915,1580.4560295876054,-161.03589591041194,300.0
0.369,-345.0,1588.0,-161.0,300.08999936
0.55,-339.0,1739.0,-160.0,301.89999872
0.56,-338.6509639465904,1747.0232015941472,-159.967862901702,302.0
0.729,-332.0,1891.0,-160.0,303.68999936
0.76,-330.493221283583,1925.6821201663024,-160.0956125860188,304.0
0.949,-320.0,2180.0,-161.0,306.5772718545455
1.2,-307.9157233915722,2471.9248591649225,-161.80644084322017,310.0
2.2,-276.75214742813927,3197.060103744447,-161.03053869137966,319.0
2.25,-275.0,3239.0,-161.0,319.311525744354
2.49,-266.0,3453.0,-161.0,320.8068531452916
2.521,-264.764272735839,3481.003116499649,-161.04184338571136,321.0
2.761,-255.30346793609948,3695.191206279597,-161.05923272216077,323.0
2.77,-255.0,3703.0,-161.0,323.08999936
2.889,-251.0,3811.0,-160.0,324.28
2.961,-247.50733042227372,3896.322634493535,-159.9461126104486,325.0
3.149,-237.0,4137.0,-161.0,325.9423557385695
3.36,-232.1534390264469,4254.745817445124,-160.17615146798678,327.0
3.409,-231.0,4282.0,-160.0,327.24499968
3.56,-225.95903104005507,4395.798921266233,-159.9301918012256,328.0
3.709,-219.0,4555.0,-160.0,328.62083306666665
3.8,-213.8839229911414,4676.492668678769,-159.83966956398325,329.0
3.989,-203.0,4940.0,-159.0,330.1812496
4.12,-197.5730923943227,5071.421728237459,-157.9978779728259,331.0
4.349,-191.0,5230.0,-156.0,331.57249984
4.52,-186.60029017341498,5335.3805956933775,-155.01831677416465,332.0
4.729,-180.0,5489.0,-154.0,332.74642834285714
4.8,-176.94285541091895,5558.549389366911,-153.5663658021158,333.0
5.009,-167.0,5785.0,-152.0,333.6531248
5.12,-162.73121713957931,5886.417454084294,-150.96280682141725,334.0
5.36,-154.93564416190674,6075.495993370658,-148.4676268659383,335.0
5.41,-153.0,6119.0,-148.0,334.8214290285714
5.529,-148.0,6230.0,-147.0,334.3964288
5.64,-143.7524603226257,6339.1586059331385,-146.28321088968795,334.0
5.69,-142.0,6387.0,-146.0,333.8437504
5.96,-134.13632876650928,6629.3427981533705,-144.45658441300426,333.0
6.01,-133.0,6684.0,-144.0,330.7083392
6.2,-129.67912800394322,6927.533940317385,-141.67116023808893,322.0
6.27,-129.0,6999.0,-141.0,312.3750176
6.44,-128.73361152574805,7091.1677450604075,-140.31954774280274,289.0
6.55,-129.0,7141.0,-140.0,274.70001664
6.64,-129.21713735589043,7197.989166158601,-139.5557795983589,263.0
6.8,-129.64199332047215,7326.289790983567,-138.47975863003896,250.0
6.89,-130.0,7392.0,-138.0,239.65001472
7.0,-130.5763038379495,7461.019055508563,-137.60226463999425,227.0
7.24,-131.9125233166033,7585.367235816944,-137.0933344478949,196.0
7.269,-132.0,7601.0,-137.0,194.0321472
7.509,-132.0,7731.0,-136.0,177.74643291428572
7.52,-131.9689312320544,7736.103936713906,-135.95728329560205,177.0
7.789,-130.0,7838.0,-135.0,153.08889457777778
7.88,-128.4659855400197,7873.014213945263,-134.56845406937657,145.0
7.99,-126.0,7916.0,-134.0,142.2500032
8.12,-122.30051935111528,7964.567752456537,-133.3531227629795,139.0
8.19,-120.0,7989.0,-133.0,132.58334506666665
8.36,-113.15271434025097,8043.507519602222,-132.1509847264354,117.0
8.41,-110.0,8061.0,-132.0,115.05556053333333
8.69,-83.0,8170.0,-132.0,104.16667164444445
8.72,-80.21012364727237,8179.058067715913,-131.9706323741523,103.0
9.081,-49.26082515415677,8241.68504039286,-131.02206030927348,87.0
9.11,-46.0,8246.0,-131.0,85.8607168
9.361,-10.435485363407501,8286.781447298155,-131.41113355128823,76.0
9.569,19.0,8315.0,-132.0,69.64444444444445
9.721,35.59889152705462,8327.420446256132,-132.29418117516104,65.0
9.96,67.19415947233335,8338.582651928778,-132.9553088650308,63.0
9.969,69.0,8339.0,-133.0,62.8875008
10.129,105.0,8346.0,-134.0,60.8875008
10.28,127.26326215559502,8349.335346138945,-135.08289725294185,59.0
10.549,162.0,8341.0,-137.0,55.6375008
10.68,197.0891339756702,8327.456919048043,-137.75920632324178,54.0
10.729,208.0,8323.0,-138.0,54.69999908571429
10.96,226.4159713421815,8313.280415008436,-138.80354227886468,58.0
11.029,231.0,8310.0,-139.0,58.4312496
11.12,240.2412686218736,8303.820223265735,-139.2533567155916,59.0
11.37,279.0,8277.0,-140.0,63.861108622222226
11.48,297.98176830869085,8261.436261160616,-140.4195785955547,66.0
11.609,319.0,8243.0,-141.0,68.57999872
11.68,328.75223397197954,8234.184078763104,-141.36610200451275,70.0
11.96,365.1718330479812,8198.827887512547,-142.94951625428703,78.0
11.97,367.0,8197.0,-143.0,78.2499968
12.12,399.66291400005133,8164.0463699045895,-143.6902965015067,82.0
12.19,416.0,8147.0,-144.0,85.20832746666667
12.36,454.6875583321639,8104.411226145802,-144.77154853345814,93.0
12.629,506.0,8046.0,-146.0,100.68571245714286
12.64,507.5880118723105,8044.289984127631,-146.048694573394,101.0
12.8,526.2480159660892,8025.455040904141,-146.73687526652242,109.0
12.929,546.0,8008.0,-147.0,111.57999872
13.0,561.6881855755821,7994.577255962256,-146.95938523079818,113.0
13.149,602.0,7962.0,-147.0,122.312496
13.16,605.0650379082624,7959.72117699014,-147.0554446788656,123.0
13.37,666.0,7920.0,-149.0,128.2499968
13.4,675.3953910002019,7914.714304722007,-149.21370105137447,129.0
13.59,738.0,7884.0,-150.0,134.6136325818182
13.83,824.0,7857.0,-150.0,141.70454167272726
13.84,828.5590464816667,7856.176162661725,-149.88976735200748,142.0
14.049,935.0,7845.0,-146.0,146.35416533333333
14.08,948.3722647774168,7844.500359751202,-145.52384252254353,147.0
14.28,1014.3161247265575,7848.45801350301,-143.70377354845863,152.0
14.37,1046.0,7853.0,-143.0,154.92499584
14.67,1182.0,7877.0,-140.0,164.67499584
14.68,1186.745255590045,7877.977629700195,-139.89055282571556,165.0
14.91,1295.0,7903.0,-137.0,173.30555093333334
15.04,1355.581606733536,7919.014502131274,-134.58834687396424,178.0
15.07,1370.0,7923.0,-134.0,179.3124944
15.2,1434.5696045615716,7941.5867674222845,-131.49969978164188,185.0
15.23,1449.0,7946.0,-131.0,186.3124944
15.36,1507.2748451580744,7965.242574684611,-129.32320339461484,192.0
15.51,1592.0,7993.0,-127.0,196.8042674571997
15.641,1706.1339006978187,8027.074539065337,-123.30303528851111,201.0
15.73,1775.0,8047.0,-121.0,203.66999808
15.841,1825.8450644940435,8061.101038703498,-119.28510471852059,207.0
16.001,1863.5804931707846,8065.580601952494,-118.07252898402477,207.0
16.069,1900.0,8067.0,-117.0,208.7
16.281,2083.580537052902,8071.668527969679,-111.63763256049715,214.0
16.309,2104.0,8072.0,-111.0,215.10394239909564
16.56,2202.4247332032564,8069.907185916658,-107.19278589402556,225.0
16.669,2267.0,8064.0,-105.0,227.270832
16.8,2396.670425880812,8051.835735062821,-101.13026328328527,230.0
16.909,2505.0,8041.0,-98.0,232.33571291428572
17.08,2608.945367060818,8028.1453920755575,-94.99269145428087,236.0
17.28,2686.8064660199725,8013.0569078819,-92.51947033067083,240.0
17.309,2702.0,8010.0,-92.0,240.0
17.44,2783.724695913037,7993.362959817627,-89.12065596531818,240.0
17.589,2889.0,7972.0,-86.0,244.96666453333333
17.749,2999.0,7950.0,-84.0,250.29999786666667
17.8,3034.1443300922965,7942.714321037392,-83.14125442158212,252.0
17.91,3109.0,7927.0,-81.0,254.4062472
18.12,3252.5157650610618,7898.290864676356,-77.53300516979237,259.0
18.149,3279.0,7893.0,-77.0,259.7249984
18.389,3552.0,7838.0,-72.0,265.7249984
18.44,3600.0816325434853,7828.28512331669,-71.08509933416022,267.0
18.68,3747.000206807889,7798.5159200196285,-67.89097452898801,270.0
18.849,3833.0,7781.0,-66.0,272.8166656
19.04,3944.8206165116917,7758.172293584439,-63.829233150543644,276.0
19.189,4044.0,7738.0,-62.0,279.7249984
19.2,4051.7701296938944,7736.424936457032,-61.85710747147036,280.0
19.4,4203.027335015072,7705.926555147426,-59.06399030191383,280.0
19.469,4258.0,7695.0,-58.0,282.01249813333334
19.64,4396.991460209908,7667.603087946962,-55.167279598856844,287.0
19.65,4405.0,7666.0,-55.0,287.0833322666667
19.85,4562.0,7634.0,-52.0,288.74999893333336
19.88,4585.841470634856,7629.189601650631,-51.72279800940103,289.0
19.969,4657.0,7615.0,-51.0,290.1124992
20.12,4775.990725877078,7591.8569231703805,-48.637587118454256,292.0
20.21,4847.0,7578.0,-47.0,293.1249984
20.44,5031.476487767094,7541.120342844278,-43.175724960183295,296.0
20.51,5088.0,7530.0,-42.0,296.5833322666667
20.68,5225.8161479920955,7503.562125002635,-39.1442002610879,298.0
20.69,5234.0,7502.0,-39.0,298.09999872
20.849,5365.0,7477.0,-37.0,299.68999936
21.03,5513.0,7449.0,-34.0,301.49999872
21.08,5554.390668513745,7441.207884170646,-33.011052103125564,302.0
21.23,5678.0,7418.0,-30.0,302.6818176
21.429,5844.0,7387.0,-27.0,303.5863633454546
21.52,5946.26336025063,7368.149881788251,-25.274053208218284,304.0
21.73,6193.0,7323.0,-21.0,302.0312512
21.84,6266.076753215999,7309.71961024474,-19.534824402949077,301.0
22.08,6348.75492583082,7294.928899457796,-17.364649303257682,291.0
22.11,6365.0,7292.0,-17.0,287.27330634466836
22.241,6456.548947599365,7275.4351048909,-15.09527328941156,271.0
22.31,6514.0,7265.0,-14.0,264.1000064
22.481,6673.902539515905,7235.848453752298,-11.262704239895,247.0
22.589,6762.0,7220.0,-10.0,231.475
22.641,6795.748682463411,7214.064371422288,-9.616507074580984,224.0
23.029,6948.0,7185.0,-7.0,186.17
23.041,6954.06141668425,7183.492165146233,-6.694727749947514,185.0
23.068,6968.0,7180.0,-6.0,182.82914128108018
23.24,7049.444375914231,7160.513455347608,-4.427583974638783,169.0
23.329,7088.0,7150.0,-4.0,164.5500032
23.4,7117.52297408047,7140.629985968413,-3.3311833372139006,161.0
23.589,7191.0,7112.0,-1.0,148.40000426666666
23.64,7209.650195185215,7103.592746192266,-0.5974377452664257,145.0
23.829,7274.0,7071.0,0.0,135.5500032
23.91,7299.0,7057.0,0.0,131.5000064
23.92,7302.024409882176,7055.194037701482,0.01529053729125715,131.0
24.08,7348.88890487543,7023.313724919726,0.8219915409111038,127.0
24.109,7357.0,7017.0,1.0,126.87916693333334
24.32,7412.020857472535,6966.509010198357,2.227159141961255,126.0
24.47,7443.0,6929.0,3.0,121.62500373333333
24.56,7457.152321246096,6906.852551094291,3.4157350935485504,119.0
24.75,7478.0,6858.0,4.0,114.2500032
24.88,7487.578983620965,6819.2171475066525,3.953392561219914,111.0
24.99,7493.0,6785.0,4.0,109.1666688
25.229,7497.0,6712.0,5.0,105.1833344
25.24,7496.950551198652,6708.671375069869,5.029750131312151,105.0
25.429,7493.0,6652.0,5.0,106.41749952
25.61,7484.0,6599.0,4.0,107.77499904
25.64,7482.194992048074,6590.177421907207,3.86262434935759,108.0
25.81,7470.0,6540.0,3.0,109.69999872
25.84,7467.299157890203,6531.219456393328,2.6802423852092536,110.0
26.029,7447.0,6477.0,0.0,112.90769132307692
26.329,7404.0,6391.0,-2.0,117.52307593846155
26.36,7397.188980692314,6380.178707016512,-2.3878982688497867,118.0
26.529,7356.0,6320.0,-5.0,122.2249984
26.64,7335.9901210813405,6293.545017029026,-6.120628933428739,125.0
26.8,7315.6265501327525,6271.713418857729,-6.965285997411074,126.0
26.91,7295.0,6251.0,-8.0,129.92856685714287
27.08,7249.402442412749,6205.627079895812,-10.453323930179767,136.0
27.129,7235.0,6192.0,-11.0,138.4499968
27.24,7201.915169069282,6162.406119323245,-11.659757035778899,144.0
27.369,7162.0,6129.0,-12.0,146.14999893333334
27.48,7125.7379298595815,6099.885779133169,-12.498566213549209,148.0
27.57,7095.0,6076.0,-13.0,151.3749952
27.77,7023.0,6023.0,-14.0,158.8749952
27.8,7012.046302953573,6015.498421125521,-14.007110912269543,160.0
27.83,7001.0,6008.0,-14.0,162.09999104
28.0,6935.163412552075,5962.650704314364,-14.352640077570083,174.0
28.15,6874.0,5920.0,-15.0,179.24999552
28.2,6853.251835986441,5905.494107172124,-15.24513724079829,181.0
28.35,6790.0,5861.0,-16.0,186.24999552
28.4,6768.622894066659,5845.779031526349,-16.21809202581208,188.0
29.189,6418.0,5577.0,-19.0,212.63059277456603
29.361,6341.229882965407,5509.966787045645,-20.424326385155794,218.0
29.429,6311.0,5482.0,-21.0,219.94285714285715
29.641,6217.623609881568,5388.806499158445,-22.648217008288235,226.0
29.689,6197.0,5367.0,-23.0,226.96
29.841,6132.978238770213,5296.324370638661,-24.097581437093588,230.0
29.929,6092.0,5247.0,-25.0,231.7688436522312
30.04,6032.747134606569,5170.732903325044,-26.618568857366768,234.0
30.189,5957.0,5069.0,-29.0,236.97999872
30.24,5937.75007971612,5042.767058181094,-29.659140841715057,238.0
30.44,5892.216778458433,4977.783164924311,-31.455385234860476,240.0
30.589,5845.0,4902.0,-32.0,240.9312496
30.76,5759.551056920974,4761.332624710856,-31.930380341316848,242.0
30.809,5740.0,4729.0,-32.0,239.06000384
31.029,5693.0,4653.0,-33.0,225.86000384
31.16,5652.034813020628,4592.806517261462,-33.01453997530814,218.0
31.31,5597.0,4516.0,-33.0,211.75000533333332
31.4,5567.810823655296,4478.182522825312,-33.410728412326165,208.0
31.59,5492.0,4401.0,-35.0,202.30000384
31.8,5345.835952334218,4288.229002042159,-36.926674898134294,196.0
31.81,5340.0,4284.0,-37.0,195.7500032
32.0,5269.325432719161,4237.431796892164,-37.91638510769829,191.0
32.249,5201.0,4221.0,-39.0,185.34091054545453
32.44,5087.54790094592,4195.932888095464,-40.89483212323104,181.0
32.449,5082.0,4195.0,-41.0,181.0562496
32.6,4992.426753500721,4185.59620961369,-42.93775424995669,182.0
32.8,4887.412780618323,4184.948564119429,-45.64835571297647,185.0
32.829,4874.0,4185.0,-46.0,185.3624992
33.04,4787.505713371423,4186.151350380023,-48.266874887281695,188.0
33.109,4757.0,4187.0,-49.0,190.3718728
33.329,4638.0,4190.0,-52.0,197.9343728
33.36,4617.798373715129,4189.852299775652,-52.69045519350309,199.0
33.6,4441.87825490143,4182.539959370166,-60.1034125510106,206.0
33.669,4399.0,4179.0,-62.0,206.15681803636363
34.03,4242.0,4148.0,-69.0,206.97727243636365
34.04,4237.104655397365,4146.599180765801,-69.23340382818941,207.0
34.23,4134.0,4114.0,-74.0,203.83333546666665
34.28,4107.25069218932,4103.987327641669,-74.97619124000425,203.0
34.39,4050.0,4080.0,-77.0,203.3928566857143
34.56,3963.091005016357,4037.280459879039,-81.40309034325169,204.0
34.59,3948.0,4029.0,-82.0,204.2142848
34.769,3860.0,3975.0,-84.0,205.4928566857143
34.84,3826.4847652444314,3951.558980452345,-84.90862316832417,206.0
35.07,3723.0,3867.0,-89.0,212.38888533333332
35.2,3666.973582791658,3812.2807723648866,-91.76277453243115,216.0
35.25,3646.0,3790.0,-93.0,217.24223333852754
35.361,3600.719667817852,3738.222475276509,-96.20070249435622,220.0
35.47,3558.0,3685.0,-100.0,221.16785645714285
35.641,3494.3974897758535,3598.143372067942,-107.27608156805937,223.0
35.73,3462.0,3551.0,-111.0,225.2249984
35.801,3436.199374228675,3512.340168837156,-113.71678802166741,227.0
35.949,3385.0,3433.0,-119.0,230.17142857142858
36.081,3345.4538658350557,3369.2565400646886,-123.95873770042999,233.0
36.149,3317.0,3322.0,-127.0,231.78571428571428
36.309,3226.0,3169.0,-135.0,228.92857142857142
36.361,3206.12115356176,3135.41418800792,-136.63321573882791,228.0
36.609,3169.0,3072.0,-139.0,221.7805655111091
36.68,3151.733785680972,3042.831584551755,-140.08540112564825,220.0
36.869,3090.0,2942.0,-144.0,203.4625056
37.08,3024.0276874341534,2847.3285924040765,-147.53083947816947,185.0
37.169,3000.0,2811.0,-148.0,176.4178633142857
37.189,2995.0,2803.0,-148.0,174.4892918857143
37.36,2952.7302713415047,2746.387599493688,-149.77952817683578,158.0
37.449,2924.0,2712.0,-151.0,152.21500416
37.669,2834.0,2604.0,-153.0,137.91500416
37.76,2810.7510619522404,2576.880593642632,-153.6369181871326,132.0
38.04,2779.6359534891467,2549.234625724853,-154.97722109287986,119.0
38.05,2778.0,2548.0,-155.0,118.5937552
38.36,2703.094207399683,2496.152761498969,-155.0101563911781,106.0
38.39,2695.0,2492.0,-155.0,105.2500032
38.59,2642.0,2472.0,-155.0,100.2500032
38.6,2639.500187053802,2471.178654592341,-155.00040310427866,100.0
38.749,2601.0,2461.0,-155.0,95.03333546666667
38.96,2523.000369847113,2459.1954302975405,-154.99828517732098,88.0
39.009,2509.0,2460.0,-155.0,87.2854176
39.289,2476.0,2471.0,-155.0,83.20208426666667
39.44,2460.966691650775,2484.4201939780974,-154.9266481567287,81.0
40.2,2355.0963347927095,2619.2298970412735,-154.04444224515595,73.0
40.31,2344.0,2641.0,-154.0,73.6874992
40.469,2331.0,2672.0,-154.0,74.6812496
40.52,2327.443886372273,2681.3729275812284,-154.02004788733663,75.0
40.63,2320.0,2704.0,-154.0,75.6874992
40.68,2316.1995416356485,2717.9496889608495,-153.89134240044766,76.0
40.89,2300.0,2788.0,-153.0,78.6249984
40.92,2298.3523052865557,2795.90906647839,-152.8838119980491,79.0
41.16,2292.4701599159744,2833.630156060386,-152.19454156078598,84.0
41.37,2291.0,2869.0,-152.0,88.37499733333334
41.4,2290.694897850708,2876.3666828530313,-152.00647325434005,89.0
41.47,2290.0,2895.0,-152.0,91.27499584
41.71,2290.0,2960.0,-151.0,99.07499584
41.8,2291.191634386152,2985.572565488931,-150.5724773944932,102.0
41.93,2294.0,3024.0,-150.0,108.47302439117661
42.041,2297.2582337185236,3058.2771191127777,-149.54769539134108,114.0
42.13,2300.0,3085.0,-149.0,118.13213988571428
42.31,2306.0,3139.0,-147.0,126.48928274285714
42.321,2306.555883010047,3143.216227428819,-146.8516889619893,127.0
42.601,2326.510876100369,3275.03200141673,-143.0610280397445,137.0
42.609,2327.0,3278.0,-143.0,137.38
42.869,2340.0,3348.0,-142.0,149.73
43.001,2349.8280113485207,3397.307338943349,-140.20982819249005,156.0
43.169,2366.0,3475.0,-137.0,161.6
43.241,2373.7387182075363,3510.0216668841103,-135.67645823520698,164.0
43.289,2378.0,3529.0,-135.0,166.89447143092377
43.44,2383.6531654521114,3553.468925390325,-134.3662213185968,176.0
43.49,2386.0,3564.0,-134.0,177.42856777142856
43.72,2408.72414993865,3668.867810238224,-129.59014609042148,184.0
43.749,2412.0,3684.0,-129.0,185.20833066666665
43.96,2435.518775200249,3792.2834501044804,-125.38337318053324,194.0
44.089,2453.0,3873.0,-123.0,194.8062496
44.28,2486.250658504682,4027.196937364766,-118.5227624369912,196.0
44.409,2506.0,4117.0,-116.0,201.52856868571428
44.56,2520.514145890936,4178.776439068728,-114.4264403423609,208.0
44.72,2531.9686777323,4223.335365645003,-113.48042283314982,214.0
44.769,2537.0,4244.0,-113.0,215.2249984
45.049,2576.0,4412.0,-109.0,222.2249984
45.08,2580.2041110029627,4431.045485659216,-108.58689953047941,223.0
45.21,2597.0,4509.0,-107.0,226.2499968
45.28,2606.057847228416,4551.335577455858,-106.16661596192328,228.0
45.44,2627.1722402884934,4650.9935331404495,-104.40766627878209,232.0
45.49,2634.0,4684.0,-104.0,232.24999936
45.64,2655.121333010332,4788.628403404896,-103.2400869189451,233.0
45.73,2667.0,4850.0,-103.0,233.0
45.8,2675.3711366161765,4895.024184620909,-102.88241438432337,233.0
46.03,2699.0,5032.0,-103.0,237.3124976
46.12,2707.7328849374735,5085.330709813197,-103.31490043734723,239.0
46.23,2719.0,5163.0,-104.0,241.0624976
46.28,2724.7089345811605,5208.115778636282,-104.45866683380781,242.0
46.44,2743.6728995914577,5376.52830173605,-106.39779671471997,244.0
46.49,2748.0,5419.0,-107.0,244.2083328
46.68,2755.1378197623408,5513.571151536583,-109.07757320362117,245.0
46.83,2755.0,5576.0,-111.0,241.2500032
46.84,2754.9292912989335,5581.391191025257,-111.1503863831104,241.0
47.07,2749.0,5733.0,-115.0,231.14286262857144
47.12,2745.4510303891648,5765.033230518391,-115.73452521940197,229.0
47.209,2737.0,5820.0,-117.0,227.8875008
47.36,2717.3970256610874,5912.2406418036735,-119.49396608385157,226.0
47.45,2703.0,5965.0,-121.0,218.1250112
47.71,2653.0,6103.0,-125.0,195.37501120000002
47.76,2642.923118182072,6126.995444466558,-125.7869800605715,191.0
47.91,2610.0,6197.0,-128.0,181.625008
48.08,2560.013755710867,6282.24985405841,-129.46734614736334,171.0
48.19,2528.0,6331.0,-130.0,165.5000064
48.32,2496.262994185728,6374.648480380611,-130.36051955900214,159.0
48.521,2453.993756340026,6421.810996411812,-130.6969332769314,148.0
48.59,2437.0,6439.0,-131.0,142.13500544
48.721,2400.9928043351783,6473.673500970077,-131.8310363565161,131.0
48.75,2393.0,6481.0,-132.0,129.964288
48.95,2340.0,6525.0,-133.0,122.82143085714286
49.001,2326.401126073785,6534.780646254274,-133.42354355329542,121.0
49.129,2292.0,6557.0,-135.0,115.24
49.201,2272.7923759422406,6568.0483930263035,-136.2950134648699,112.0
49.429,2214.0,6595.0,-140.0,100.6
49.509,2194.0,6601.0,-140.0,96.6
49.521,2190.59973143628,6601.8274174824655,-140.1111703761628,96.0
49.681,2133.7565692580642,6611.580303689808,-145.29450192463653,96.0
49.769,2106.0,6615.0,-148.0,91.96666666666667
49.921,2076.5850156611455,6616.724260964123,-149.34158022169566,85.0
50.149,2045.0,6602.0,-147.0,81.73118354553496
50.2,2033.0404844864279,6594.233252649011,-146.54751352241226,81.0
50.429,1972.0,6550.0,-145.0,76.99250112
50.6,1952.4969421853211,6530.523029156453,-144.40238218074472,74.0
50.789,1944.0,6513.0,-144.0,71.97500068571429
50.88,1937.5378252373393,6500.801656648626,-143.77859132715122,71.0
51.089,1917.0,6458.0,-143.0,72.49285668571429
51.16,1908.3150274518912,6435.949099041833,-142.54651729614994,73.0
51.249,1898.0,6408.0,-142.0,73.63571382857143
51.44,1886.187894410231,6371.0050376491645,-141.66354005411478,75.0
51.6,1882.3988663630537,6352.571142654161,-141.916833111657,76.0
51.67,1880.0,6342.0,-142.0,77.49999725714285
51.88,1869.5930555772286,6295.982108139574,-142.0199018109134,82.0
51.889,1869.0,6293.0,-142.0,82.3374976
52.04,1857.402919626376,6229.953281521687,-141.36181039850499,88.0
52.109,1853.0,6205.0,-141.0,90.46428342857143
52.32,1847.5169119649354,6171.776130004668,-139.9648262921986,98.0
52.449,1845.0,6153.0,-140.0,102.14642651428571
52.6,1839.3949885957416,6111.069377041789,-140.899025647563,107.0
52.629,1838.0,6100.0,-141.0,107.57999872
52.8,1827.7843210734256,6013.826191889537,-140.57939937610954,111.0
52.929,1821.0,5955.0,-140.0,118.83213897142858
53.08,1816.8390635620665,5918.958564980061,-139.81081364612155,128.0
53.29,1812.0,5873.0,-140.0,137.1874944
53.4,1806.3945580129844,5817.939144171905,-140.05348347613284,142.0
53.549,1798.0,5733.0,-140.0,150.19499648
53.6,1795.806988370125,5709.4097031361325,-139.9250775126733,153.0
53.8,1790.3772622786996,5642.370394000357,-139.43723591950223,162.0
53.95,1786.0,5587.0,-140.0,170.12499306666666
54.04,1782.493116068681,5545.066064091658,-140.95571408243785,175.0
54.13,1779.0,5500.0,-141.0,178.85713737142856
54.19,1777.0,5470.0,-140.0,181.42856594285715
54.32,1772.3981290747888,5403.003206005133,-140.30268575988597,187.0
54.39,1770.0,5368.0,-141.0,188.04999808
54.52,1766.0616876024637,5307.863112964045,-141.8550703937526,190.0
54.75,1758.0,5173.0,-142.0,200.0624944
54.84,1753.0676143470496,5087.860740895636,-141.59787018712925,204.0
54.97,1746.0,4966.0,-141.0,206.4374976
55.0,1744.7998723206938,4945.71560670741,-140.95599417713228,207.0
55.33,1738.0,4835.0,-142.0,217.96952677576098
55.361,1737.1047035900597,4818.806353061173,-142.07833449611567,219.0
55.51,1732.0,4724.0,-142.0,222.7249984
55.561,1730.3400944114792,4692.913249416577,-141.6026565085898,224.0
55.629,1728.0,4649.0,-141.0,225.7
55.761,1721.9685219747928,4535.802132353201,-140.64191695717918,229.0
55.949,1713.0,4366.0,-141.0,232.29
56.161,1707.988988423188,4265.369240976227,-140.76338365971625,236.0
56.329,1705.0,4194.0,-141.0,241.88
56.361,1704.2874428694586,4176.190286804283,-141.1642758064027,243.0
56.509,1700.0,4073.0,-142.0,244.85
56.521,1699.528933443033,4062.702932423179,-142.01806066831418,245.0
56.761,1687.3843221654922,3818.58119408125,-141.03115356009206,249.0
56.769,1687.0,3811.0,-141.0,249.16736397191926
57.0,1677.8481916249998,3630.214581050447,-140.72445543436754,254.0
57.16,1672.8449240593686,3528.4515657385577,-140.9325940888771,258.0
57.249,1670.0,3468.0,-141.0,259.1124992
57.4,1665.0692478248131,3359.0829212876497,-141.03426565990583,261.0
57.609,1659.0,3220.0,-141.0,263.23928502857143
57.68,1657.468557487807,3184.300840954633,-140.99558485890202,264.0
57.92,1652.3354496988366,3064.635417849971,-140.99984729950947,268.0
57.93,1652.0,3057.0,-141.0,268.09999872
58.12,1643.6269663914125,2868.2981778234366,-141.0003304902216,270.0
58.21,1640.0,2786.0,-141.0,271.24999822222225
58.48,1633.4207806696459,2633.5603035584554,-140.99999117959246,275.0
58.53,1632.0,2603.0,-141.0,275.49999872
58.68,1626.5302057480264,2490.5257226635276,-140.9999164976917,277.0
58.77,1623.0,2418.0,-141.0,278.1249984
59.07,1612.0,2184.0,-141.0,281.8749984
59.08,1611.6343245581681,2176.196067080673,-140.99985147102777,282.0
59.31,1603.0,1995.0,-141.0,284.5555541333333
59.44,1597.7631743838635,1891.1960899205183,-141.01411284778627,286.0
59.509,1595.0,1837.0,-141.0,286.34499968
60.21,1567.0,1276.0,-140.0,289.84999936
60.24,1565.429187235759,1244.0718214599071,-139.98571025780188,290.0
60.4,1556.4223765492106,1060.9061864590828,-139.98370468477776,290.0
60.51,1551.0,954.0,-140.0,290.0
60.6,1547.4855488554117,888.456995370879,-140.00600711107086,290.0
60.869,1539.0,745.0,-140.0,288.5055559111111
60.96,1535.0766663416246,675.5756564281149,-139.99894218096904,288.0
61.05,1531.0,602.0,-140.0,282.375008
61.2,1524.7538706753126,486.44022536181103,-140.00855056877447,273.0
61.39,1519.0,352.0,-140.0,259.9375088
61.45,1518.0,312.0,-140.0,255.8125088
61.52,1517.2017470964224,265.93688944465185,-140.1359192632407,251.0
61.681,1517.0202465877355,163.05401260526037,-140.86051015325782,219.0
61.75,1518.0,122.0,-141.0,211.2375072
61.841,1520.3493884066293,71.04941937598633,-140.9478925430499,201.0
61.91,1523.0,34.0,-141.0,196.687504
62.081,1532.8920440948168,-54.20450678463856,-142.2132557802691,186.0
62.169,1539.0,-96.0,-143.0,180.5
62.321,1550.7172012598662,-161.8417558580379,-144.1792128514513,171.0
62.409,1563.0,-209.0,-145.0,168.43333333333334
62.561,1597.884415508882,-314.9343413490937,-146.7654730225719,164.0
62.589,1605.0,-333.0,-147.0,163.3
63.001,1703.4538418098068,-478.9977657844803,-146.10969021714052,153.0
63.029,1708.0,-484.0,-146.0,152.3
63.321,1753.848214096145,-523.1646851415364,-144.45512595242752,145.0
63.349,1764.0,-529.0,-144.0,144.64853565896954
63.56,1881.0299866764708,-589.8839079353919,-138.54433502186728,142.0
63.63,1916.0,-607.0,-137.0,140.95000192
63.76,1960.6272343756866,-627.220776660859,-135.30033807090643,139.0
63.96,1995.835343600442,-637.1389355716788,-134.670989966116,141.0
64.049,2020.0,-643.0,-134.0,141.2781248
64.269,2105.0,-662.0,-131.0,141.9656248
64.28,2109.4011899067154,-662.689949473641,-130.8236183411574,142.0
64.44,2172.1378077376576,-668.5001203673942,-128.31151557075182,145.0
64.47,2184.0,-669.0,-128.0,145.3214272
64.669,2265.0,-668.0,-127.0,147.45357074285715
64.72,2286.505524963785,-666.0049586075094,-126.46159614330028,148.0
64.829,2332.0,-660.0,-125.0,151.406248
64.88,2351.9221252377824,-657.0355979823535,-124.42841912539487,153.0
65.01,2409.0,-645.0,-123.0,156.2499968
65.08,2454.1067279462072,-631.6147651874523,-121.8871089504235,158.0
65.24,2568.2503883434197,-593.5929777383536,-119.11061757099245,163.0
65.249,2573.0,-592.0,-119.0,163.26249813333334
65.48,2628.219305906342,-572.7678466462604,-117.95503778261929,170.0
65.61,2669.0,-548.0,-117.0,177.3124928
65.64,2684.096658895556,-538.568499279893,-116.60829679048803,179.0
65.89,2850.0,-432.0,-112.0,186.0312464
65.96,2881.453263452905,-410.2495699116172,-111.02973513640966,188.0
66.24,2942.2657134171563,-355.1392962619954,-108.55998021899902,194.0
66.289,2956.0,-341.0,-108.0,195.531248
66.4,2995.2300288697265,-300.6889157730209,-106.4676946477453,199.0
66.569,3064.0,-226.0,-104.0,203.2249984
66.6,3075.565884191545,-212.10768505503498,-103.63048899606136,204.0
66.73,3121.0,-153.0,-102.0,207.89999616
66.8,3144.4518732216006,-120.04496974205048,-100.5827438564493,210.0
66.91,3180.0,-66.0,-98.0,212.35714011428573
67.07,3228.0,17.0,-95.0,215.78571154285714
67.08,3230.765934432609,22.001851119411196,-94.83471173204863,216.0
67.28,3282.3355369716073,121.13502050108295,-91.69105391902731,221.0
67.35,3305.0,171.0,-90.0,222.2499977142857
67.56,3388.836014715162,370.5695126366536,-82.83172382670989,226.0
67.59,3398.0,393.0,-82.0,226.49999786666666
67.92,3442.4343900532526,509.7823623957055,-77.17733083157054,232.0
67.929,3444.0,514.0,-77.0,232.17999872
68.09,3482.0,612.0,-73.0,235.39999744
68.12,3490.652022346868,632.1279424147624,-72.21327381611465,236.0
68.401,3585.040013559083,820.6814500512746,-65.20057071506898,242.0
68.41,3588.0,826.0,-65.0,242.1124992
68.641,3660.058262866639,943.4622610152671,-60.37241578357215,245.0
68.749,3698.0,998.0,-58.0,246.35
68.801,3718.2437377762762,1025.973183469819,-56.728707157080834,247.0
68.909,3764.0,1086.0,-54.0,247.4909090909091
69.089,3845.0,1180.0,-50.0,248.3090909090909
69.241,3900.8956391474044,1238.1799184648255,-46.813611125234175,249.0
69.309,3935.0,1267.0,-45.0,248.24444444444444
69.589,4157.0,1420.0,-35.0,245.13333333333333
69.601,4166.238480715748,1425.484782348602,-34.6471764891188,245.0
69.989,4406.0,1531.0,-28.0,244.03
70.001,4412.469463988232,1533.2446665584255,-27.83286489478794,244.0
70.161,4495.532449474809,1560.385064562111,-25.548761855858494,243.0
70.48,4661.232600147181,1599.1139278035982,-21.12206603255656,244.0
70.49,4667.0,1600.0,-21.0,244.0937488
70.77,4843.0,1615.0,-18.0,246.7187488
70.8,4863.239859859248,1615.0477887079023,-17.71878863107742,247.0
70.969,4980.0,1609.0,-16.0,248.4083328
71.04,5028.596372689613,1603.2482577161568,-14.938767771522702,249.0
71.229,5157.0,1578.0,-12.0,249.0
71.24,5164.536089152139,1576.0363152932491,-11.89896050276124,249.0
71.44,5300.574981431828,1532.32730259523,-11.23896295070901,252.0
71.489,5331.0,1521.0,-11.0,252.5249993142857
71.709,5475.0,1458.0,-9.0,254.88214217142857
71.72,5485.788369390235,1452.7695240091093,-8.91589584014421,255.0
71.89,5680.0,1356.0,-8.0,255.0
72.0,5758.847218293748,1316.584139910767,-7.573022666168517,255.0
72.269,5849.0,1273.0,-7.0,249.1156264
72.32,5877.499756232202,1259.4556867473568,-6.98834257842406,248.0
72.43,5948.0,1226.0,-7.0,245.2500032
72.56,6026.399059478447,1188.7795901754287,-6.882249993562923,242.0
72.65,6078.0,1164.0,-7.0,231.65001472
72.76,6139.063328257214,1134.1215296580767,-7.601695052861032,219.0
72.849,6186.0,1110.0,-8.0,212.04688
73.01,6264.0,1066.0,-8.0,199.46876
73.08,6295.673299230657,1046.7848534004906,-8.28485747459883,194.0
73.19,6343.0,1016.0,-9.0,184.3750112
73.32,6395.322084281348,977.6384163377487,-9.676667646127349,173.0
73.409,6428.0,952.0,-10.0,169.1062528
73.64,6498.923574799035,891.9651368349404,-10.286458141566984,159.0
73.79,6545.0,835.0,-11.0,153.8437544
73.96,6600.754760855783,744.9601434474605,-12.75292653517452,148.0
73.99,6608.0,732.0,-13.0,147.45454778181818
74.27,6633.0,665.0,-14.0,142.36363869090908
74.4,6643.897845052479,620.9650057596448,-14.88413750545821,140.0
74.59,6659.0,544.0,-16.0,136.20000256
74.6,6659.410508484055,540.2722287140335,-16.007398245283934,136.0
74.65,6661.0,522.0,-16.0,135.25000192
74.8,6664.13803457245,467.2064258876634,-16.315372809312944,133.0
75.001,6662.947713777065,394.78323982567076,-17.708247966506658,129.0
75.029,6662.0,385.0,-18.0,128.74545454545455
75.19,6653.0,330.0,-20.0,127.28181876363637
75.369,6637.0,270.0,-22.0,125.65454545454546
75.441,6628.255203655965,246.49581564339312,-22.74520858082619,125.0
75.629,6601.0,186.0,-24.0,127.82
75.641,6599.223562533046,182.09433507014427,-24.000531930361433,128.0
75.669,6595.0,173.0,-24.0,128.46666666666667
75.87,6557.0,111.0,-26.0,131.8166656
76.001,6527.575755497233,71.4782686471803,-27.2246021242212,134.0
76.109,6501.0,40.0,-28.0,136.43
76.269,6458.0,-4.0,-29.0,140.03
76.401,6419.828810122236,-39.93502988834908,-30.120225923750695,143.0
76.609,6355.0,-96.0,-32.0,150.56363636363636
76.769,6301.0,-138.0,-33.0,156.38181818181818
76.841,6274.93982413453,-156.63764533076557,-33.56664231583083,159.0
77.04,6193.110166711434,-209.53543106004096,-35.648101182564815,168.0
77.069,6179.0,-218.0,-36.0,169.0874976
77.36,6009.5340721381235,-312.5877079067343,-39.95578002430239,180.0
77.469,5951.0,-344.0,-41.0,184.0874976
77.6,5892.074621335464,-375.1278495229957,-41.66161358591224,189.0
77.79,5819.0,-413.0,-42.0,194.42856777142856
77.88,5784.140581752472,-430.9950594055515,-42.19454559580613,197.0
78.029,5701.0,-474.0,-43.0,202.38055324444446
78.189,5547.0,-554.0,-45.0,208.15833102222223
78.24,5506.959167338714,-574.8525243342701,-45.44918944758304,210.0
78.52,5410.473662233484,-625.6382168235795,-45.41773748513665,215.0
78.71,5344.0,-660.0,-45.0,220.69999616
78.72,5339.018179660003,-662.5531333833769,-44.99363487885496,221.0
78.829,5278.0,-694.0,-45.0,224.406248
78.88,5249.1477494047995,-709.352669106212,-45.01606202010917,226.0
78.99,5189.0,-742.0,-45.0,228.4062472
79.2,5081.5800098523,-799.0272665739559,-44.40749724197815,233.0
79.289,5018.0,-833.0,-44.0,235.59583146666665
79.44,4871.731284202277,-911.9453918790022,-43.19568242329692,240.0
79.51,4807.0,-947.0,-43.0,240.8749984
79.84,4617.736865979083,-1049.9560197475453,-43.97990375824673,245.0
79.85,4614.0,-1052.0,-44.0,245.2499968
80.08,4548.417929149533,-1088.0620712873194,-43.93737349950234,251.0
80.189,4505.0,-1112.0,-44.0,253.270832
80.32,4428.023530492314,-1154.3998515210287,-44.399869020439056,256.0
80.429,4356.0,-1194.0,-45.0,256.9083328
80.56,4272.801976352266,-1239.6047915272322,-46.03991530293139,258.0
80.76,4148.351855857884,-1308.4262988984203,-47.91505935976119,261.0
80.77,4142.0,-1312.0,-48.0,261.19999744
80.89,4066.0,-1355.0,-49.0,263.59999744
80.96,4024.7618658737665,-1378.043499690452,-49.69067593380999,265.0
81.17,3885.0,-1455.0,-53.0,266.9687488
81.28,3766.9431979987535,-1520.560664182853,-56.13675421771655,268.0
81.39,3662.0,-1579.0,-59.0,269.64178965708726
81.481,3620.559411436351,-1602.147527585031,-60.18376995111713,271.0
81.641,3574.896379797317,-1627.7163267756303,-61.798399254119666,274.0
81.65,3569.0,-1631.0,-62.0,274.1124992
81.881,3326.0983823073193,-1766.0459630238608,-70.16305901567131,277.0
81.91,3301.0,-1780.0,-71.0,277.0
82.041,3228.737398964239,-1820.2045588011974,-73.38890870612516,277.0
82.281,3144.130241060847,-1867.5695384588894,-76.74242412586874,281.0
82.289,3138.0,-1871.0,-77.0,281.1
82.441,2978.0822063257474,-1960.4683359453902,-83.77419462506326,283.0
82.529,2877.0,-2017.0,-88.0,283.88
82.641,2761.065782577238,-2081.808713971823,-92.71265879823216,285.0
83.72,2131.3118811965805,-2432.522515199046,-109.23294618690201,292.0
83.81,2073.0,-2465.0,-110.0,292.0
83.88,2025.0470022380819,-2491.7166916926553,-110.60772933369718,292.0
84.05,1903.0,-2560.0,-112.0,292.0
84.2,1796.3724781344822,-2620.3891738204848,-112.94164120246428,292.0
84.209,1790.0,-2624.0,-113.0,292.0
84.36,1683.8812078513147,-2684.0913901783574,-113.95972355530907,292.0
84.37,1677.0,-2688.0,-114.0,291.9375008
84.52,1575.5158958746017,-2745.9259667430647,-114.11729385373185,291.0
84.59,1523.0,-2776.0,-114.0,291.2187496
84.84,1304.6804540414298,-2901.127330880702,-113.19836293774956,292.0
84.89,1270.0,-2921.0,-113.0,291.7916672
85.08,1176.3545499272668,-2974.5681073760747,-112.20006887691423,291.0
85.13,1144.0,-2993.0,-112.0,290.00000256
85.28,1003.3642009154709,-3072.9736456220135,-111.4568004528739,287.0
85.47,815.0,-3180.0,-111.0,271.69445475555557
85.64,733.5740484791588,-3226.2867677188297,-110.93598544657826,258.0
85.849,670.0,-3262.0,-111.0,242.3250048
86.05,560.0,-3323.0,-111.0,227.2500096
86.08,543.7701969525019,-3331.869251762956,-111.07139259969158,225.0
86.24,463.3984792720483,-3374.7036165965096,-111.81987431522187,198.0
86.27,449.0,-3382.0,-112.0,195.7500096
86.429,375.0,-3417.0,-113.0,183.8250048
86.68,263.84133065606864,-3459.4897819904027,-113.70910325097478,165.0
86.749,236.0,-3468.0,-114.0,159.8250048
86.84,201.513091337011,-3476.995510409934,-114.55651269515727,153.0
86.91,170.0,-3483.0,-115.0,150.66667093333334
87.08,60.67308431270252,-3496.305899855285,-115.78924747450853,145.0
87.15,21.0,-3500.0,-116.0,142.25000502857142
87.36,-39.57121096007802,-3502.180222992712,-116.24146716166547,134.0
87.569,-76.0,-3493.0,-117.0,129.52142994285714
87.64,-97.23792550930935,-3487.7357684828576,-117.62390994694427,128.0
87.75,-134.0,-3477.0,-119.0,125.80000256
87.84,-161.26576068261267,-3465.3423789657118,-120.54969474894003,124.0
87.93,-187.0,-3451.0,-122.0,122.39857842529901
88.03,-215.0,-3432.0,-123.0,120.61921858943057
88.121,-239.05927518641573,-3412.8451086429313,-123.7133239638286,119.0
88.33,-289.0,-3364.0,-125.0,115.26785828571428
88.401,-304.470510664564,-3346.5233796175407,-125.39021054333834,114.0
88.51,-327.0,-3319.0,-126.0,114.77857097142856
88.681,-360.1801595693336,-3274.5086565822253,-127.15083653207948,116.0
88.809,-384.0,-3240.0,-128.0,117.92
88.881,-397.2242411743466,-3220.087123516125,-128.42239379605408,119.0
88.969,-413.0,-3195.0,-129.0,121.51428571428572
89.161,-444.99752069473175,-3136.2464673150002,-130.97222860554643,127.0
89.269,-462.0,-3101.0,-132.0,130.15
89.401,-481.9938557731357,-3055.889687245184,-132.85591718463596,134.0
89.429,-486.0,-3046.0,-133.0,135.51666666666668
89.629,-512.0,-2972.0,-134.0,146.35
89.641,-513.469563389035,-2967.3830590503176,-134.09383411435647,147.0
89.889,-542.0,-2860.0,-137.0,155.68
90.041,-557.4135376483558,-2766.570775683669,-139.0916868419617,161.0
90.209,-570.0,-2667.0,-141.0,168.2
90.321,-574.1655538539931,-2622.934685506123,-141.68275185159865,173.0
90.57,-576.0,-2546.0,-143.0,184.70845859140644
90.64,-576.5332099010229,-2512.5153229162006,-143.91184761544957,188.0
90.789,-577.0,-2430.0,-146.0,192.656248
90.949,-574.0,-2343.0,-147.0,197.656248
90.96,-573.6384739061941,-2336.625444048931,-147.08167333797567,198.0
91.289,-555.0,-2117.0,-151.0,208.05277582222223
91.32,-552.825597279296,-2094.5067057699066,-151.37503986668688,209.0
91.6,-531.8978834539103,-1887.4320666644446,-154.31079021303046,215.0
91.69,-526.0,-1830.0,-155.0,217.69999616
91.8,-519.7547119478149,-1769.17667462564,-155.64858624843885,221.0
92.0,-510.5047680412446,-1678.4248807017266,-156.36841181315773,226.0
92.149,-502.0,-1591.0,-157.0,229.7249984
92.36,-486.1540352439176,-1422.6581936171372,-158.23959836544324,235.0
92.55,-474.0,-1289.0,-159.0,238.16666453333335
92.72,-469.0072884445414,-1227.6594704588645,-158.9099623402007,241.0
92.83,-466.0,-1182.0,-159.0,243.0624976
93.05,-457.0,-1031.0,-160.0,247.1874976
93.2,-451.94421075495035,-926.1003380591231,-160.01593985141378,250.0
93.229,-451.0,-906.0,-160.0,250.517856
93.47,-443.0,-737.0,-160.0,254.8214262857143
93.48,-442.6852614764913,-729.8135963045977,-160.00071060723627,255.0
93.68,-436.82220918096954,-585.4023401320178,-159.99984792357048,258.0
93.71,-436.0,-565.0,-160.0,258.468748
93.91,-430.0,-421.0,-160.0,261.593748
94.0,-425.6422116546456,-318.54334791406444,-159.98066468995384,263.0
94.11,-420.0,-186.0,-160.0,264.2222208
94.36,-412.71901448280846,-11.892678791289239,-160.52734902637206,267.0
94.52,-409.3340866905646,70.70997843038649,-160.91991302130495,270.0
94.57,-408.0,103.0,-161.0,270.35587105614144
94.801,-400.24798252721416,289.44746852623945,-161.10848749189762,272.0
94.93,-396.0,392.0,-161.0,273.6124992
95.121,-390.91172622278475,516.3973992137577,-160.63306321764878,276.0
95.441,-383.2341610388701,695.9250351603251,-160.00332040323136,281.0
95.449,-383.0,701.0,-160.0,281.04
95.609,-378.0,810.0,-160.0,281.84
95.641,-377.0129960165684,833.8565442736008,-159.97741825266803,282.0
95.769,-373.0,935.0,-160.0,283.2
95.929,-367.0,1068.0,-161.0,284.7
95.961,-365.7385718697315,1095.8573402246516,-161.12922436822174,285.0
96.167,-357.3385355674588,1286.4333425343705,-160.85002944550246,286.54500096
